dataset_id	endpoint	null_design	iteration	random_or	random_abs_log_or	observed_or
GSE193677	IBD versus control, one biopsy per participant	expression_and_variance_matched_module_structure	1	1.501206570964282	0.4062691654102907	1.7124211297115577
GSE193677	IBD versus control, one biopsy per participant	expression_and_variance_matched_module_structure	2	1.1267649166642684	0.1193506211646409	1.7124211297115577
GSE193677	IBD versus control, one biopsy per participant	expression_and_variance_matched_module_structure	3	0.9599951009743716	0.0408270976849725	1.7124211297115577
GSE193677	IBD versus control, one biopsy per participant	expression_and_variance_matched_module_structure	4	1.1411899156615342	0.1320715037089238	1.7124211297115577
GSE193677	IBD versus control, one biopsy per participant	expression_and_variance_matched_module_structure	5	1.068301903753848	0.0660703820086	1.7124211297115577
GSE193677	IBD versus control, one biopsy per participant	expression_and_variance_matched_module_structure	6	1.1196635363968792	0.1130282262423409	1.7124211297115577
GSE193677	IBD versus control, one biopsy per participant	expression_and_variance_matched_module_structure	7	0.9856149367288288	0.0144895313574605	1.7124211297115577
GSE193677	IBD versus control, one biopsy per participant	expression_and_variance_matched_module_structure	8	1.4777991753304307	0.3905539373335691	1.7124211297115577
GSE193677	IBD versus control, one biopsy per participant	expression_and_variance_matched_module_structure	9	1.7371684103698513	0.5522564372913731	1.7124211297115577
GSE193677	IBD versus control, one biopsy per participant	expression_and_variance_matched_module_structure	10	0.8062369657661428	0.2153775774944397	1.7124211297115577
GSE193677	IBD versus control, one biopsy per participant	expression_and_variance_matched_module_structure	11	1.2769350375713373	0.2444627046298269	1.7124211297115577
GSE193677	IBD versus control, one biopsy per participant	expression_and_variance_matched_module_structure	12	1.3434937373188456	0.2952734875953656	1.7124211297115577
GSE193677	IBD versus control, one biopsy per participant	expression_and_variance_matched_module_structure	13	1.451073320886741	0.3723035039050172	1.7124211297115577
GSE193677	IBD versus control, one biopsy per participant	expression_and_variance_matched_module_structure	14	1.0673549626765408	0.0651835905448137	1.7124211297115577
GSE193677	IBD versus control, one biopsy per participant	expression_and_variance_matched_module_structure	15	1.533858199551871	0.4277862603098404	1.7124211297115577
GSE193677	IBD versus control, one biopsy per participant	expression_and_variance_matched_module_structure	16	0.9252253204799432	0.077717981424821	1.7124211297115577
GSE193677	IBD versus control, one biopsy per participant	expression_and_variance_matched_module_structure	17	1.3396729300861456	0.29242550214469	1.7124211297115577
GSE193677	IBD versus control, one biopsy per participant	expression_and_variance_matched_module_structure	18	0.7905235142567295	0.2350598767196966	1.7124211297115577
GSE193677	IBD versus control, one biopsy per participant	expression_and_variance_matched_module_structure	19	1.2328864409335607	0.209358120130184	1.7124211297115577
GSE193677	IBD versus control, one biopsy per participant	expression_and_variance_matched_module_structure	20	0.8840862873270231	0.1232006110096068	1.7124211297115577
GSE193677	IBD versus control, one biopsy per participant	expression_and_variance_matched_module_structure	21	1.0514019351657338	0.0501244499624201	1.7124211297115577
GSE193677	IBD versus control, one biopsy per participant	expression_and_variance_matched_module_structure	22	1.4198072282152503	0.3505211076196629	1.7124211297115577
GSE193677	IBD versus control, one biopsy per participant	expression_and_variance_matched_module_structure	23	0.9399995884114484	0.0618758415783446	1.7124211297115577
GSE193677	IBD versus control, one biopsy per participant	expression_and_variance_matched_module_structure	24	1.5250483886071209	0.4220261397901593	1.7124211297115577
GSE193677	IBD versus control, one biopsy per participant	expression_and_variance_matched_module_structure	25	0.9989412526854616	0.0010593081833901	1.7124211297115577
GSE193677	IBD versus control, one biopsy per participant	expression_and_variance_matched_module_structure	26	0.8704369541261838	0.138759947294826	1.7124211297115577
GSE193677	IBD versus control, one biopsy per participant	expression_and_variance_matched_module_structure	27	1.0739044901306527	0.0713010630173962	1.7124211297115577
GSE193677	IBD versus control, one biopsy per participant	expression_and_variance_matched_module_structure	28	1.2981337293877862	0.2609276402382718	1.7124211297115577
GSE193677	IBD versus control, one biopsy per participant	expression_and_variance_matched_module_structure	29	1.3072882693070167	0.2679549683235227	1.7124211297115577
GSE193677	IBD versus control, one biopsy per participant	expression_and_variance_matched_module_structure	30	1.1945843269152876	0.1777982812863278	1.7124211297115577
GSE193677	IBD versus control, one biopsy per participant	expression_and_variance_matched_module_structure	31	1.0971889817742602	0.0927514379002471	1.7124211297115577
GSE193677	IBD versus control, one biopsy per participant	expression_and_variance_matched_module_structure	32	1.2883172349321763	0.2533368977683752	1.7124211297115577
GSE193677	IBD versus control, one biopsy per participant	expression_and_variance_matched_module_structure	33	1.330740563491713	0.2857356019253271	1.7124211297115577
GSE193677	IBD versus control, one biopsy per participant	expression_and_variance_matched_module_structure	34	1.7271164957048375	0.5464532524221412	1.7124211297115577
GSE193677	IBD versus control, one biopsy per participant	expression_and_variance_matched_module_structure	35	1.243526632294064	0.2179514012366929	1.7124211297115577
GSE193677	IBD versus control, one biopsy per participant	expression_and_variance_matched_module_structure	36	1.3145222703313506	0.2734733070993242	1.7124211297115577
GSE193677	IBD versus control, one biopsy per participant	expression_and_variance_matched_module_structure	37	1.0650922816900128	0.06306144488173	1.7124211297115577
GSE193677	IBD versus control, one biopsy per participant	expression_and_variance_matched_module_structure	38	1.0810111748990066	0.0778968761605368	1.7124211297115577
GSE193677	IBD versus control, one biopsy per participant	expression_and_variance_matched_module_structure	39	1.175937865562435	0.1620660126745033	1.7124211297115577
GSE193677	IBD versus control, one biopsy per participant	expression_and_variance_matched_module_structure	40	1.2596443392538492	0.2308294106841364	1.7124211297115577
GSE193677	IBD versus control, one biopsy per participant	expression_and_variance_matched_module_structure	41	1.3315066942806022	0.2863111538826453	1.7124211297115577
GSE193677	IBD versus control, one biopsy per participant	expression_and_variance_matched_module_structure	42	0.9626753941848564	0.0380390016971266	1.7124211297115577
GSE193677	IBD versus control, one biopsy per participant	expression_and_variance_matched_module_structure	43	0.9141380149235662	0.0897737179170258	1.7124211297115577
GSE193677	IBD versus control, one biopsy per participant	expression_and_variance_matched_module_structure	44	0.8863415530331891	0.1206529026256452	1.7124211297115577
GSE193677	IBD versus control, one biopsy per participant	expression_and_variance_matched_module_structure	45	0.78341770277721	0.2440892606388476	1.7124211297115577
GSE193677	IBD versus control, one biopsy per participant	expression_and_variance_matched_module_structure	46	1.17726353972922	0.163192711225714	1.7124211297115577
GSE193677	IBD versus control, one biopsy per participant	expression_and_variance_matched_module_structure	47	1.1240981642263417	0.1169810823789891	1.7124211297115577
GSE193677	IBD versus control, one biopsy per participant	expression_and_variance_matched_module_structure	48	1.0999928746446233	0.0953037021875481	1.7124211297115577
GSE193677	IBD versus control, one biopsy per participant	expression_and_variance_matched_module_structure	49	1.2108567142185742	0.1913281373546903	1.7124211297115577
GSE193677	IBD versus control, one biopsy per participant	expression_and_variance_matched_module_structure	50	1.4536628283408066	0.3740864597447365	1.7124211297115577
GSE193677	IBD versus control, one biopsy per participant	expression_and_variance_matched_module_structure	51	0.8464215542759442	0.1667377523753845	1.7124211297115577
GSE193677	IBD versus control, one biopsy per participant	expression_and_variance_matched_module_structure	52	1.1446053121938384	0.1350598720740384	1.7124211297115577
GSE193677	IBD versus control, one biopsy per participant	expression_and_variance_matched_module_structure	53	1.410779294521857	0.3441422428628292	1.7124211297115577
GSE193677	IBD versus control, one biopsy per participant	expression_and_variance_matched_module_structure	54	1.294970259547817	0.2584877292876463	1.7124211297115577
GSE193677	IBD versus control, one biopsy per participant	expression_and_variance_matched_module_structure	55	1.43364761242878	0.3602219744816584	1.7124211297115577
GSE193677	IBD versus control, one biopsy per participant	expression_and_variance_matched_module_structure	56	1.318701182453773	0.2766472995125226	1.7124211297115577
GSE193677	IBD versus control, one biopsy per participant	expression_and_variance_matched_module_structure	57	1.1100085810262477	0.1043677459486386	1.7124211297115577
GSE193677	IBD versus control, one biopsy per participant	expression_and_variance_matched_module_structure	58	0.984947480486181	0.0151669585349423	1.7124211297115577
GSE193677	IBD versus control, one biopsy per participant	expression_and_variance_matched_module_structure	59	1.1871433640031024	0.171549886770041	1.7124211297115577
GSE193677	IBD versus control, one biopsy per participant	expression_and_variance_matched_module_structure	60	1.6527442372609826	0.5024370804676334	1.7124211297115577
GSE193677	IBD versus control, one biopsy per participant	expression_and_variance_matched_module_structure	61	1.5290389652162342	0.4246394107400877	1.7124211297115577
GSE193677	IBD versus control, one biopsy per participant	expression_and_variance_matched_module_structure	62	0.991082434083097	0.0089575653839944	1.7124211297115577
GSE193677	IBD versus control, one biopsy per participant	expression_and_variance_matched_module_structure	63	1.289071645365046	0.2539223045420146	1.7124211297115577
GSE193677	IBD versus control, one biopsy per participant	expression_and_variance_matched_module_structure	64	1.344759035529168	0.2962148412631001	1.7124211297115577
GSE193677	IBD versus control, one biopsy per participant	expression_and_variance_matched_module_structure	65	1.1184725514008538	0.1119639611023132	1.7124211297115577
GSE193677	IBD versus control, one biopsy per participant	expression_and_variance_matched_module_structure	66	1.170017469918324	0.1570186802523134	1.7124211297115577
GSE193677	IBD versus control, one biopsy per participant	expression_and_variance_matched_module_structure	67	1.0018169550605132	0.0018153063943999	1.7124211297115577
GSE193677	IBD versus control, one biopsy per participant	expression_and_variance_matched_module_structure	68	1.2030028084147402	0.1848207714991603	1.7124211297115577
GSE193677	IBD versus control, one biopsy per participant	expression_and_variance_matched_module_structure	69	1.3963827460206328	0.3338851401287471	1.7124211297115577
GSE193677	IBD versus control, one biopsy per participant	expression_and_variance_matched_module_structure	70	1.0548255665128103	0.0533754134596145	1.7124211297115577
GSE193677	IBD versus control, one biopsy per participant	expression_and_variance_matched_module_structure	71	1.353284601947319	0.302534675883902	1.7124211297115577
GSE193677	IBD versus control, one biopsy per participant	expression_and_variance_matched_module_structure	72	0.9172578710362796	0.0863666346592465	1.7124211297115577
GSE193677	IBD versus control, one biopsy per participant	expression_and_variance_matched_module_structure	73	0.9547316308308572	0.0463249928302734	1.7124211297115577
GSE193677	IBD versus control, one biopsy per participant	expression_and_variance_matched_module_structure	74	1.1496254431837996	0.1394361877435748	1.7124211297115577
GSE193677	IBD versus control, one biopsy per participant	expression_and_variance_matched_module_structure	75	1.432705095354046	0.3595643323805003	1.7124211297115577
GSE193677	IBD versus control, one biopsy per participant	expression_and_variance_matched_module_structure	76	1.3689818148127266	0.3140672626627352	1.7124211297115577
GSE193677	IBD versus control, one biopsy per participant	expression_and_variance_matched_module_structure	77	0.9678805957191388	0.0326465508438008	1.7124211297115577
GSE193677	IBD versus control, one biopsy per participant	expression_and_variance_matched_module_structure	78	0.9908423895784018	0.0091997990984151	1.7124211297115577
GSE193677	IBD versus control, one biopsy per participant	expression_and_variance_matched_module_structure	79	1.8563708745658667	0.6186234390600543	1.7124211297115577
GSE193677	IBD versus control, one biopsy per participant	expression_and_variance_matched_module_structure	80	1.1854159008719465	0.1700936842110649	1.7124211297115577
GSE193677	IBD versus control, one biopsy per participant	expression_and_variance_matched_module_structure	81	1.0024667452527365	0.0024637078306708	1.7124211297115577
GSE193677	IBD versus control, one biopsy per participant	expression_and_variance_matched_module_structure	82	1.2129197707507884	0.1930304865962435	1.7124211297115577
GSE193677	IBD versus control, one biopsy per participant	expression_and_variance_matched_module_structure	83	0.9869270740147374	0.0131591287882892	1.7124211297115577
GSE193677	IBD versus control, one biopsy per participant	expression_and_variance_matched_module_structure	84	1.0920811037814062	0.0880851454268629	1.7124211297115577
GSE193677	IBD versus control, one biopsy per participant	expression_and_variance_matched_module_structure	85	0.8298705289870373	0.1864855795313139	1.7124211297115577
GSE193677	IBD versus control, one biopsy per participant	expression_and_variance_matched_module_structure	86	1.8695817298947512	0.6257147319946941	1.7124211297115577
GSE193677	IBD versus control, one biopsy per participant	expression_and_variance_matched_module_structure	87	0.8707303559260838	0.1384229299375816	1.7124211297115577
GSE193677	IBD versus control, one biopsy per participant	expression_and_variance_matched_module_structure	88	1.1618959232050374	0.1500530874691675	1.7124211297115577
GSE193677	IBD versus control, one biopsy per participant	expression_and_variance_matched_module_structure	89	1.740056980905366	0.5539178603370073	1.7124211297115577
GSE193677	IBD versus control, one biopsy per participant	expression_and_variance_matched_module_structure	90	1.116723039026711	0.1103985386051437	1.7124211297115577
GSE193677	IBD versus control, one biopsy per participant	expression_and_variance_matched_module_structure	91	0.960386062893482	0.0404199265130533	1.7124211297115577
GSE193677	IBD versus control, one biopsy per participant	expression_and_variance_matched_module_structure	92	0.9034977175646172	0.101481695168189	1.7124211297115577
GSE193677	IBD versus control, one biopsy per participant	expression_and_variance_matched_module_structure	93	1.2855883752142374	0.2512164930964859	1.7124211297115577
GSE193677	IBD versus control, one biopsy per participant	expression_and_variance_matched_module_structure	94	0.810606920159739	0.2099720277410497	1.7124211297115577
GSE193677	IBD versus control, one biopsy per participant	expression_and_variance_matched_module_structure	95	1.4925355916243812	0.4004764129847953	1.7124211297115577
GSE193677	IBD versus control, one biopsy per participant	expression_and_variance_matched_module_structure	96	1.117147291324097	0.1107783747099726	1.7124211297115577
GSE193677	IBD versus control, one biopsy per participant	expression_and_variance_matched_module_structure	97	1.24496029986857	0.2191036417524818	1.7124211297115577
GSE193677	IBD versus control, one biopsy per participant	expression_and_variance_matched_module_structure	98	1.1987354147976113	0.1812671801322003	1.7124211297115577
GSE193677	IBD versus control, one biopsy per participant	expression_and_variance_matched_module_structure	99	1.1130701414596962	0.1071220904871412	1.7124211297115577
GSE193677	IBD versus control, one biopsy per participant	expression_and_variance_matched_module_structure	100	0.9105728074128816	0.0936814188017965	1.7124211297115577
GSE193677	IBD versus control, one biopsy per participant	expression_and_variance_matched_module_structure	101	1.181869267151418	0.1670973097801471	1.7124211297115577
GSE193677	IBD versus control, one biopsy per participant	expression_and_variance_matched_module_structure	102	0.8683118926286901	0.1412043055580027	1.7124211297115577
GSE193677	IBD versus control, one biopsy per participant	expression_and_variance_matched_module_structure	103	1.1985470530079998	0.1811100340365451	1.7124211297115577
GSE193677	IBD versus control, one biopsy per participant	expression_and_variance_matched_module_structure	104	0.9963318561376224	0.0036748879994363	1.7124211297115577
GSE193677	IBD versus control, one biopsy per participant	expression_and_variance_matched_module_structure	105	1.5356529841631503	0.4289556874325309	1.7124211297115577
GSE193677	IBD versus control, one biopsy per participant	expression_and_variance_matched_module_structure	106	1.4874432012662129	0.3970586736859053	1.7124211297115577
GSE193677	IBD versus control, one biopsy per participant	expression_and_variance_matched_module_structure	107	1.1665807193990136	0.1540770080269981	1.7124211297115577
GSE193677	IBD versus control, one biopsy per participant	expression_and_variance_matched_module_structure	108	1.7882957699483997	0.5812630825052645	1.7124211297115577
GSE193677	IBD versus control, one biopsy per participant	expression_and_variance_matched_module_structure	109	1.382173018864615	0.3236569120567731	1.7124211297115577
GSE193677	IBD versus control, one biopsy per participant	expression_and_variance_matched_module_structure	110	1.0951107706257437	0.090855518540904	1.7124211297115577
GSE193677	IBD versus control, one biopsy per participant	expression_and_variance_matched_module_structure	111	1.0608352494358624	0.0590565690035916	1.7124211297115577
GSE193677	IBD versus control, one biopsy per participant	expression_and_variance_matched_module_structure	112	1.0530014507651335	0.0516446108955555	1.7124211297115577
GSE193677	IBD versus control, one biopsy per participant	expression_and_variance_matched_module_structure	113	1.0125463667315877	0.0124683132528325	1.7124211297115577
GSE193677	IBD versus control, one biopsy per participant	expression_and_variance_matched_module_structure	114	1.376791273493386	0.3197556276421904	1.7124211297115577
GSE193677	IBD versus control, one biopsy per participant	expression_and_variance_matched_module_structure	115	1.285159664875254	0.2508829634496501	1.7124211297115577
GSE193677	IBD versus control, one biopsy per participant	expression_and_variance_matched_module_structure	116	1.297874933716034	0.2607282605703318	1.7124211297115577
GSE193677	IBD versus control, one biopsy per participant	expression_and_variance_matched_module_structure	117	1.1750730045818578	0.1613302772250648	1.7124211297115577
GSE193677	IBD versus control, one biopsy per participant	expression_and_variance_matched_module_structure	118	1.4008939076216258	0.3371105383073594	1.7124211297115577
GSE193677	IBD versus control, one biopsy per participant	expression_and_variance_matched_module_structure	119	1.5253680312944775	0.4222357129398718	1.7124211297115577
GSE193677	IBD versus control, one biopsy per participant	expression_and_variance_matched_module_structure	120	1.6121861776099111	0.4775911322106564	1.7124211297115577
GSE193677	IBD versus control, one biopsy per participant	expression_and_variance_matched_module_structure	121	1.3984606555100283	0.3353720999141296	1.7124211297115577
GSE193677	IBD versus control, one biopsy per participant	expression_and_variance_matched_module_structure	122	1.0415266104085097	0.0406875314726738	1.7124211297115577
GSE193677	IBD versus control, one biopsy per participant	expression_and_variance_matched_module_structure	123	1.2422673432272595	0.2169382125437183	1.7124211297115577
GSE193677	IBD versus control, one biopsy per participant	expression_and_variance_matched_module_structure	124	1.405196415897034	0.3401770908063917	1.7124211297115577
GSE193677	IBD versus control, one biopsy per participant	expression_and_variance_matched_module_structure	125	1.3624692566603824	0.3092986833817077	1.7124211297115577
GSE193677	IBD versus control, one biopsy per participant	expression_and_variance_matched_module_structure	126	1.062821643243778	0.0609272990580242	1.7124211297115577
GSE193677	IBD versus control, one biopsy per participant	expression_and_variance_matched_module_structure	127	1.44114832736823	0.3654402453552172	1.7124211297115577
GSE193677	IBD versus control, one biopsy per participant	expression_and_variance_matched_module_structure	128	0.9187002532401668	0.0847953760541972	1.7124211297115577
GSE193677	IBD versus control, one biopsy per participant	expression_and_variance_matched_module_structure	129	1.5771026107394277	0.455589372915133	1.7124211297115577
GSE193677	IBD versus control, one biopsy per participant	expression_and_variance_matched_module_structure	130	1.3636302191830354	0.310150422361247	1.7124211297115577
GSE193677	IBD versus control, one biopsy per participant	expression_and_variance_matched_module_structure	131	1.1450346700994212	0.1354349161105995	1.7124211297115577
GSE193677	IBD versus control, one biopsy per participant	expression_and_variance_matched_module_structure	132	1.146243289269547	0.1364898900628258	1.7124211297115577
GSE193677	IBD versus control, one biopsy per participant	expression_and_variance_matched_module_structure	133	1.1470159171244374	0.1371637152300549	1.7124211297115577
GSE193677	IBD versus control, one biopsy per participant	expression_and_variance_matched_module_structure	134	0.6320610375236265	0.4587693111385006	1.7124211297115577
GSE193677	IBD versus control, one biopsy per participant	expression_and_variance_matched_module_structure	135	1.402310846664113	0.3381214806304254	1.7124211297115577
GSE193677	IBD versus control, one biopsy per participant	expression_and_variance_matched_module_structure	136	1.501339038722327	0.4063574023767528	1.7124211297115577
GSE193677	IBD versus control, one biopsy per participant	expression_and_variance_matched_module_structure	137	1.4410564425860737	0.3653764852899051	1.7124211297115577
GSE193677	IBD versus control, one biopsy per participant	expression_and_variance_matched_module_structure	138	1.073626868464896	0.0710425134356245	1.7124211297115577
GSE193677	IBD versus control, one biopsy per participant	expression_and_variance_matched_module_structure	139	1.2516271888173882	0.2244444558247966	1.7124211297115577
GSE193677	IBD versus control, one biopsy per participant	expression_and_variance_matched_module_structure	140	1.3359042622000674	0.2896084125168617	1.7124211297115577
GSE193677	IBD versus control, one biopsy per participant	expression_and_variance_matched_module_structure	141	1.0361755286709071	0.0355365587048047	1.7124211297115577
GSE193677	IBD versus control, one biopsy per participant	expression_and_variance_matched_module_structure	142	1.4424659936027366	0.3663541444967458	1.7124211297115577
GSE193677	IBD versus control, one biopsy per participant	expression_and_variance_matched_module_structure	143	0.8626047681922103	0.1477986670857698	1.7124211297115577
GSE193677	IBD versus control, one biopsy per participant	expression_and_variance_matched_module_structure	144	2.281377878503244	0.8247795931077563	1.7124211297115577
GSE193677	IBD versus control, one biopsy per participant	expression_and_variance_matched_module_structure	145	0.99877723892325	0.0012235092590363	1.7124211297115577
GSE193677	IBD versus control, one biopsy per participant	expression_and_variance_matched_module_structure	146	1.1272009708463882	0.1197375428922287	1.7124211297115577
GSE193677	IBD versus control, one biopsy per participant	expression_and_variance_matched_module_structure	147	0.9950277105686078	0.0049846923936469	1.7124211297115577
GSE193677	IBD versus control, one biopsy per participant	expression_and_variance_matched_module_structure	148	1.3532617649419727	0.3025178004993705	1.7124211297115577
GSE193677	IBD versus control, one biopsy per participant	expression_and_variance_matched_module_structure	149	1.2080086441640487	0.1889732552519618	1.7124211297115577
GSE193677	IBD versus control, one biopsy per participant	expression_and_variance_matched_module_structure	150	1.3173020330667349	0.2755857306113957	1.7124211297115577
GSE193677	IBD versus control, one biopsy per participant	expression_and_variance_matched_module_structure	151	1.1969430611945062	0.1797708575200574	1.7124211297115577
GSE193677	IBD versus control, one biopsy per participant	expression_and_variance_matched_module_structure	152	1.1753650073067372	0.1615787438724766	1.7124211297115577
GSE193677	IBD versus control, one biopsy per participant	expression_and_variance_matched_module_structure	153	1.7651829511540942	0.5682543400582597	1.7124211297115577
GSE193677	IBD versus control, one biopsy per participant	expression_and_variance_matched_module_structure	154	1.3812357850013517	0.3229785948292327	1.7124211297115577
GSE193677	IBD versus control, one biopsy per participant	expression_and_variance_matched_module_structure	155	1.2569006106658855	0.2286488577993486	1.7124211297115577
GSE193677	IBD versus control, one biopsy per participant	expression_and_variance_matched_module_structure	156	1.3935538928431983	0.3318572416399644	1.7124211297115577
GSE193677	IBD versus control, one biopsy per participant	expression_and_variance_matched_module_structure	157	1.4091086372087491	0.3429573322926059	1.7124211297115577
GSE193677	IBD versus control, one biopsy per participant	expression_and_variance_matched_module_structure	158	1.2854174752749623	0.2510835490664331	1.7124211297115577
GSE193677	IBD versus control, one biopsy per participant	expression_and_variance_matched_module_structure	159	1.327099748359458	0.2829959208441832	1.7124211297115577
GSE193677	IBD versus control, one biopsy per participant	expression_and_variance_matched_module_structure	160	1.104027572838575	0.0989649229402835	1.7124211297115577
GSE193677	IBD versus control, one biopsy per participant	expression_and_variance_matched_module_structure	161	1.189899228193594	0.1738686213474418	1.7124211297115577
GSE193677	IBD versus control, one biopsy per participant	expression_and_variance_matched_module_structure	162	1.2318424283701024	0.2085109578813054	1.7124211297115577
GSE193677	IBD versus control, one biopsy per participant	expression_and_variance_matched_module_structure	163	0.9945683039499892	0.0054465013472545	1.7124211297115577
GSE193677	IBD versus control, one biopsy per participant	expression_and_variance_matched_module_structure	164	1.236090772144837	0.2119537965855281	1.7124211297115577
GSE193677	IBD versus control, one biopsy per participant	expression_and_variance_matched_module_structure	165	1.4625429852807874	0.3801766913369314	1.7124211297115577
GSE193677	IBD versus control, one biopsy per participant	expression_and_variance_matched_module_structure	166	1.0066257142967276	0.0066038607289765	1.7124211297115577
GSE193677	IBD versus control, one biopsy per participant	expression_and_variance_matched_module_structure	167	0.7863693995165735	0.2403286230164318	1.7124211297115577
GSE193677	IBD versus control, one biopsy per participant	expression_and_variance_matched_module_structure	168	0.7400814272927019	0.3009950619555057	1.7124211297115577
GSE193677	IBD versus control, one biopsy per participant	expression_and_variance_matched_module_structure	169	1.4760088327815382	0.3893417104297099	1.7124211297115577
GSE193677	IBD versus control, one biopsy per participant	expression_and_variance_matched_module_structure	170	1.2242253058579529	0.2023082405640624	1.7124211297115577
GSE193677	IBD versus control, one biopsy per participant	expression_and_variance_matched_module_structure	171	1.1108418895812373	0.1051181869217032	1.7124211297115577
GSE193677	IBD versus control, one biopsy per participant	expression_and_variance_matched_module_structure	172	1.0253136535322662	0.0249985692269793	1.7124211297115577
GSE193677	IBD versus control, one biopsy per participant	expression_and_variance_matched_module_structure	173	1.3499092305119644	0.3000373535320486	1.7124211297115577
GSE193677	IBD versus control, one biopsy per participant	expression_and_variance_matched_module_structure	174	1.2090528760200696	0.1898373060113389	1.7124211297115577
GSE193677	IBD versus control, one biopsy per participant	expression_and_variance_matched_module_structure	175	0.8974701061178105	0.1081754671211543	1.7124211297115577
GSE193677	IBD versus control, one biopsy per participant	expression_and_variance_matched_module_structure	176	1.3110420429749303	0.2708222736608903	1.7124211297115577
GSE193677	IBD versus control, one biopsy per participant	expression_and_variance_matched_module_structure	177	1.8056772269333063	0.5909357163937107	1.7124211297115577
GSE193677	IBD versus control, one biopsy per participant	expression_and_variance_matched_module_structure	178	1.2005983492937191	0.1828200569335438	1.7124211297115577
GSE193677	IBD versus control, one biopsy per participant	expression_and_variance_matched_module_structure	179	1.1328603608905752	0.1247457272222165	1.7124211297115577
GSE193677	IBD versus control, one biopsy per participant	expression_and_variance_matched_module_structure	180	1.3251340991401166	0.2815136612153141	1.7124211297115577
GSE193677	IBD versus control, one biopsy per participant	expression_and_variance_matched_module_structure	181	1.1176381971022342	0.1112177061702631	1.7124211297115577
GSE193677	IBD versus control, one biopsy per participant	expression_and_variance_matched_module_structure	182	1.05865542513204	0.0569996360823543	1.7124211297115577
GSE193677	IBD versus control, one biopsy per participant	expression_and_variance_matched_module_structure	183	1.212129988286614	0.1923791329577016	1.7124211297115577
GSE193677	IBD versus control, one biopsy per participant	expression_and_variance_matched_module_structure	184	1.058888973517256	0.0572202202517458	1.7124211297115577
GSE193677	IBD versus control, one biopsy per participant	expression_and_variance_matched_module_structure	185	1.3404777777431482	0.2930261009683644	1.7124211297115577
GSE193677	IBD versus control, one biopsy per participant	expression_and_variance_matched_module_structure	186	0.9868908834426992	0.0131957994163029	1.7124211297115577
GSE193677	IBD versus control, one biopsy per participant	expression_and_variance_matched_module_structure	187	1.0898045267389564	0.0859983468919068	1.7124211297115577
GSE193677	IBD versus control, one biopsy per participant	expression_and_variance_matched_module_structure	188	1.3646724844001714	0.3109144616787829	1.7124211297115577
GSE193677	IBD versus control, one biopsy per participant	expression_and_variance_matched_module_structure	189	1.4064656156796054	0.3410799019227524	1.7124211297115577
GSE193677	IBD versus control, one biopsy per participant	expression_and_variance_matched_module_structure	190	1.3369873964044352	0.2904188713023261	1.7124211297115577
GSE193677	IBD versus control, one biopsy per participant	expression_and_variance_matched_module_structure	191	1.2887814870479626	0.2536971882895326	1.7124211297115577
GSE193677	IBD versus control, one biopsy per participant	expression_and_variance_matched_module_structure	192	1.2584080233439248	0.2298474485711706	1.7124211297115577
GSE193677	IBD versus control, one biopsy per participant	expression_and_variance_matched_module_structure	193	1.1675043436248664	0.1548684310035588	1.7124211297115577
GSE193677	IBD versus control, one biopsy per participant	expression_and_variance_matched_module_structure	194	1.0750179320723277	0.0723373424380139	1.7124211297115577
GSE193677	IBD versus control, one biopsy per participant	expression_and_variance_matched_module_structure	195	1.4653424714588978	0.3820889840632591	1.7124211297115577
GSE193677	IBD versus control, one biopsy per participant	expression_and_variance_matched_module_structure	196	1.001774918164911	0.0017733448590492	1.7124211297115577
GSE193677	IBD versus control, one biopsy per participant	expression_and_variance_matched_module_structure	197	0.82120550955918	0.1969818847035326	1.7124211297115577
GSE193677	IBD versus control, one biopsy per participant	expression_and_variance_matched_module_structure	198	1.2358353595028038	0.2117471458772628	1.7124211297115577
GSE193677	IBD versus control, one biopsy per participant	expression_and_variance_matched_module_structure	199	1.513876373189461	0.4146734959279164	1.7124211297115577
GSE193677	IBD versus control, one biopsy per participant	expression_and_variance_matched_module_structure	200	0.995153787957516	0.0048579930055054	1.7124211297115577
GSE193677	IBD versus control, one biopsy per participant	expression_and_variance_matched_module_structure	201	1.4083992545225337	0.3424537789905641	1.7124211297115577
GSE193677	IBD versus control, one biopsy per participant	expression_and_variance_matched_module_structure	202	1.1654173262803764	0.1530792428553598	1.7124211297115577
GSE193677	IBD versus control, one biopsy per participant	expression_and_variance_matched_module_structure	203	1.1458874012364442	0.1361793597449545	1.7124211297115577
GSE193677	IBD versus control, one biopsy per participant	expression_and_variance_matched_module_structure	204	0.7900479928260449	0.2356615849535864	1.7124211297115577
GSE193677	IBD versus control, one biopsy per participant	expression_and_variance_matched_module_structure	205	1.1684315666823573	0.1556623081832343	1.7124211297115577
GSE193677	IBD versus control, one biopsy per participant	expression_and_variance_matched_module_structure	206	0.757265470092156	0.2780413999772183	1.7124211297115577
GSE193677	IBD versus control, one biopsy per participant	expression_and_variance_matched_module_structure	207	1.2676144631195223	0.2371367586145371	1.7124211297115577
GSE193677	IBD versus control, one biopsy per participant	expression_and_variance_matched_module_structure	208	0.9696244067173356	0.0308464920394484	1.7124211297115577
GSE193677	IBD versus control, one biopsy per participant	expression_and_variance_matched_module_structure	209	1.2113203866885127	0.1917109933196225	1.7124211297115577
GSE193677	IBD versus control, one biopsy per participant	expression_and_variance_matched_module_structure	210	1.1244027050457783	0.1172519658155585	1.7124211297115577
GSE193677	IBD versus control, one biopsy per participant	expression_and_variance_matched_module_structure	211	1.2497140212061937	0.2229147421043338	1.7124211297115577
GSE193677	IBD versus control, one biopsy per participant	expression_and_variance_matched_module_structure	212	1.2947551987725778	0.2583216415851506	1.7124211297115577
GSE193677	IBD versus control, one biopsy per participant	expression_and_variance_matched_module_structure	213	1.4350424827527464	0.3611944534791204	1.7124211297115577
GSE193677	IBD versus control, one biopsy per participant	expression_and_variance_matched_module_structure	214	1.2347811414618803	0.2108937409846021	1.7124211297115577
GSE193677	IBD versus control, one biopsy per participant	expression_and_variance_matched_module_structure	215	1.358122554633685	0.306103271481099	1.7124211297115577
GSE193677	IBD versus control, one biopsy per participant	expression_and_variance_matched_module_structure	216	1.7821694492497744	0.5778314138936649	1.7124211297115577
GSE193677	IBD versus control, one biopsy per participant	expression_and_variance_matched_module_structure	217	1.1159850717453497	0.1097374872973847	1.7124211297115577
GSE193677	IBD versus control, one biopsy per participant	expression_and_variance_matched_module_structure	218	1.0815546156212932	0.0783994650168926	1.7124211297115577
GSE193677	IBD versus control, one biopsy per participant	expression_and_variance_matched_module_structure	219	1.6460934884997238	0.4984048980294061	1.7124211297115577
GSE193677	IBD versus control, one biopsy per participant	expression_and_variance_matched_module_structure	220	1.4651809719815094	0.3819787652025887	1.7124211297115577
GSE193677	IBD versus control, one biopsy per participant	expression_and_variance_matched_module_structure	221	0.9708105881220036	0.0296238985946023	1.7124211297115577
GSE193677	IBD versus control, one biopsy per participant	expression_and_variance_matched_module_structure	222	1.0726088826258635	0.0700938889288763	1.7124211297115577
GSE193677	IBD versus control, one biopsy per participant	expression_and_variance_matched_module_structure	223	1.6050328493123545	0.4731442232338159	1.7124211297115577
GSE193677	IBD versus control, one biopsy per participant	expression_and_variance_matched_module_structure	224	1.1200408023776416	0.1133651153377443	1.7124211297115577
GSE193677	IBD versus control, one biopsy per participant	expression_and_variance_matched_module_structure	225	0.7681290656160066	0.2637975057664794	1.7124211297115577
GSE193677	IBD versus control, one biopsy per participant	expression_and_variance_matched_module_structure	226	1.8337006048654088	0.6063361134335419	1.7124211297115577
GSE193677	IBD versus control, one biopsy per participant	expression_and_variance_matched_module_structure	227	1.0001216992791224	0.0001216918743659	1.7124211297115577
GSE193677	IBD versus control, one biopsy per participant	expression_and_variance_matched_module_structure	228	1.1530855003022829	0.1424413931796517	1.7124211297115577
GSE193677	IBD versus control, one biopsy per participant	expression_and_variance_matched_module_structure	229	0.9696884266027892	0.0307804687714363	1.7124211297115577
GSE193677	IBD versus control, one biopsy per participant	expression_and_variance_matched_module_structure	230	1.4536728886708463	0.3740933803971958	1.7124211297115577
GSE193677	IBD versus control, one biopsy per participant	expression_and_variance_matched_module_structure	231	1.4326488867143383	0.3595250990850216	1.7124211297115577
GSE193677	IBD versus control, one biopsy per participant	expression_and_variance_matched_module_structure	232	1.268233524824856	0.2376250069011652	1.7124211297115577
GSE193677	IBD versus control, one biopsy per participant	expression_and_variance_matched_module_structure	233	1.2760116406910835	0.2437393076796406	1.7124211297115577
GSE193677	IBD versus control, one biopsy per participant	expression_and_variance_matched_module_structure	234	1.413208430919081	0.3458626023208072	1.7124211297115577
GSE193677	IBD versus control, one biopsy per participant	expression_and_variance_matched_module_structure	235	0.9379827082667074	0.064023764829514	1.7124211297115577
GSE193677	IBD versus control, one biopsy per participant	expression_and_variance_matched_module_structure	236	1.317001781748266	0.2753577756442577	1.7124211297115577
GSE193677	IBD versus control, one biopsy per participant	expression_and_variance_matched_module_structure	237	1.0509648780022214	0.049708673641113	1.7124211297115577
GSE193677	IBD versus control, one biopsy per participant	expression_and_variance_matched_module_structure	238	1.296995638493561	0.2600505425634723	1.7124211297115577
GSE193677	IBD versus control, one biopsy per participant	expression_and_variance_matched_module_structure	239	1.1555432302545232	0.1445705626283307	1.7124211297115577
GSE193677	IBD versus control, one biopsy per participant	expression_and_variance_matched_module_structure	240	1.006835285116619	0.0068120304632886	1.7124211297115577
GSE193677	IBD versus control, one biopsy per participant	expression_and_variance_matched_module_structure	241	1.267109487903203	0.2367383126829425	1.7124211297115577
GSE193677	IBD versus control, one biopsy per participant	expression_and_variance_matched_module_structure	242	1.027979384772839	0.0275951131089752	1.7124211297115577
GSE193677	IBD versus control, one biopsy per participant	expression_and_variance_matched_module_structure	243	1.3873496264631298	0.3273951834413355	1.7124211297115577
GSE193677	IBD versus control, one biopsy per participant	expression_and_variance_matched_module_structure	244	1.415294569139676	0.3473376855000119	1.7124211297115577
GSE193677	IBD versus control, one biopsy per participant	expression_and_variance_matched_module_structure	245	1.403153091590332	0.3387219124806005	1.7124211297115577
GSE193677	IBD versus control, one biopsy per participant	expression_and_variance_matched_module_structure	246	1.0485594972504857	0.0474173148624226	1.7124211297115577
GSE193677	IBD versus control, one biopsy per participant	expression_and_variance_matched_module_structure	247	1.3314552606821313	0.2862725250179846	1.7124211297115577
GSE193677	IBD versus control, one biopsy per participant	expression_and_variance_matched_module_structure	248	1.247797035496324	0.2213796249074054	1.7124211297115577
GSE193677	IBD versus control, one biopsy per participant	expression_and_variance_matched_module_structure	249	1.4470406910052114	0.3695205681974376	1.7124211297115577
GSE193677	IBD versus control, one biopsy per participant	expression_and_variance_matched_module_structure	250	1.3078860684902367	0.2684121456405315	1.7124211297115577
GSE193677	IBD versus control, one biopsy per participant	expression_and_variance_matched_module_structure	251	1.3399838271950264	0.2926575446325429	1.7124211297115577
GSE193677	IBD versus control, one biopsy per participant	expression_and_variance_matched_module_structure	252	0.9265997340104276	0.0762335930593888	1.7124211297115577
GSE193677	IBD versus control, one biopsy per participant	expression_and_variance_matched_module_structure	253	1.51739353150528	0.4169940810323506	1.7124211297115577
GSE193677	IBD versus control, one biopsy per participant	expression_and_variance_matched_module_structure	254	1.4089463190363891	0.3428421335650725	1.7124211297115577
GSE193677	IBD versus control, one biopsy per participant	expression_and_variance_matched_module_structure	255	0.9396687829592184	0.0622278243649722	1.7124211297115577
GSE193677	IBD versus control, one biopsy per participant	expression_and_variance_matched_module_structure	256	1.2224274095779668	0.2008385619355773	1.7124211297115577
GSE193677	IBD versus control, one biopsy per participant	expression_and_variance_matched_module_structure	257	1.1026988463428795	0.0977606715707212	1.7124211297115577
GSE193677	IBD versus control, one biopsy per participant	expression_and_variance_matched_module_structure	258	1.0812737299741924	0.0781397258200655	1.7124211297115577
GSE193677	IBD versus control, one biopsy per participant	expression_and_variance_matched_module_structure	259	1.4316554741410794	0.3588314489082686	1.7124211297115577
GSE193677	IBD versus control, one biopsy per participant	expression_and_variance_matched_module_structure	260	1.037434859627013	0.0367511852499249	1.7124211297115577
GSE193677	IBD versus control, one biopsy per participant	expression_and_variance_matched_module_structure	261	1.498195404348974	0.4042613200786522	1.7124211297115577
GSE193677	IBD versus control, one biopsy per participant	expression_and_variance_matched_module_structure	262	1.4202969673375792	0.3508659816760088	1.7124211297115577
GSE193677	IBD versus control, one biopsy per participant	expression_and_variance_matched_module_structure	263	1.392729531885557	0.3312655136237987	1.7124211297115577
GSE193677	IBD versus control, one biopsy per participant	expression_and_variance_matched_module_structure	264	1.3605870805199105	0.3079162834551883	1.7124211297115577
GSE193677	IBD versus control, one biopsy per participant	expression_and_variance_matched_module_structure	265	1.2924026379816154	0.2565029961156242	1.7124211297115577
GSE193677	IBD versus control, one biopsy per participant	expression_and_variance_matched_module_structure	266	1.3128532389203649	0.2722028136889877	1.7124211297115577
GSE193677	IBD versus control, one biopsy per participant	expression_and_variance_matched_module_structure	267	1.553670349591142	0.4406200991924214	1.7124211297115577
GSE193677	IBD versus control, one biopsy per participant	expression_and_variance_matched_module_structure	268	1.092207042797711	0.0882004589825782	1.7124211297115577
GSE193677	IBD versus control, one biopsy per participant	expression_and_variance_matched_module_structure	269	1.0766800985420344	0.0738823239146761	1.7124211297115577
GSE193677	IBD versus control, one biopsy per participant	expression_and_variance_matched_module_structure	270	1.1985359080342846	0.1811007352564057	1.7124211297115577
GSE193677	IBD versus control, one biopsy per participant	expression_and_variance_matched_module_structure	271	0.995032204548724	0.0049801759666972	1.7124211297115577
GSE193677	IBD versus control, one biopsy per participant	expression_and_variance_matched_module_structure	272	1.2433720104162764	0.2178270520771966	1.7124211297115577
GSE193677	IBD versus control, one biopsy per participant	expression_and_variance_matched_module_structure	273	1.1541183444357577	0.1433367143319845	1.7124211297115577
GSE193677	IBD versus control, one biopsy per participant	expression_and_variance_matched_module_structure	274	1.3151806148078429	0.2739740058618851	1.7124211297115577
GSE193677	IBD versus control, one biopsy per participant	expression_and_variance_matched_module_structure	275	0.934426431120522	0.0678223805782255	1.7124211297115577
GSE193677	IBD versus control, one biopsy per participant	expression_and_variance_matched_module_structure	276	1.163468949678811	0.1514060164069509	1.7124211297115577
GSE193677	IBD versus control, one biopsy per participant	expression_and_variance_matched_module_structure	277	1.2257663571239898	0.2035662460442913	1.7124211297115577
GSE193677	IBD versus control, one biopsy per participant	expression_and_variance_matched_module_structure	278	1.417031682989934	0.348564319661074	1.7124211297115577
GSE193677	IBD versus control, one biopsy per participant	expression_and_variance_matched_module_structure	279	1.234433061042243	0.2106118047948701	1.7124211297115577
GSE193677	IBD versus control, one biopsy per participant	expression_and_variance_matched_module_structure	280	2.1033294452646145	0.7435215393561789	1.7124211297115577
GSE193677	IBD versus control, one biopsy per participant	expression_and_variance_matched_module_structure	281	1.0805541795096545	0.0774740387059772	1.7124211297115577
GSE193677	IBD versus control, one biopsy per participant	expression_and_variance_matched_module_structure	282	0.724986003006217	0.3216029305121508	1.7124211297115577
GSE193677	IBD versus control, one biopsy per participant	expression_and_variance_matched_module_structure	283	1.3064524105600832	0.2673153801793232	1.7124211297115577
GSE193677	IBD versus control, one biopsy per participant	expression_and_variance_matched_module_structure	284	1.5410933860956204	0.4324921554723659	1.7124211297115577
GSE193677	IBD versus control, one biopsy per participant	expression_and_variance_matched_module_structure	285	0.9810894370586172	0.0190916542976007	1.7124211297115577
GSE193677	IBD versus control, one biopsy per participant	expression_and_variance_matched_module_structure	286	1.514091560392103	0.4148156290070798	1.7124211297115577
GSE193677	IBD versus control, one biopsy per participant	expression_and_variance_matched_module_structure	287	1.086905662503519	0.083334817347579	1.7124211297115577
GSE193677	IBD versus control, one biopsy per participant	expression_and_variance_matched_module_structure	288	1.1070829033864638	0.1017285410637135	1.7124211297115577
GSE193677	IBD versus control, one biopsy per participant	expression_and_variance_matched_module_structure	289	0.9238843580558654	0.0791683687920138	1.7124211297115577
GSE193677	IBD versus control, one biopsy per participant	expression_and_variance_matched_module_structure	290	1.066854467207714	0.0647145686475307	1.7124211297115577
GSE193677	IBD versus control, one biopsy per participant	expression_and_variance_matched_module_structure	291	0.8536879484544642	0.1581895519046153	1.7124211297115577
GSE193677	IBD versus control, one biopsy per participant	expression_and_variance_matched_module_structure	292	1.1533085613135896	0.1426348215410185	1.7124211297115577
GSE193677	IBD versus control, one biopsy per participant	expression_and_variance_matched_module_structure	293	1.554627384315782	0.4412358926824997	1.7124211297115577
GSE193677	IBD versus control, one biopsy per participant	expression_and_variance_matched_module_structure	294	0.9517359548288636	0.0494676410347613	1.7124211297115577
GSE193677	IBD versus control, one biopsy per participant	expression_and_variance_matched_module_structure	295	1.1402591704927134	0.1312555791054733	1.7124211297115577
GSE193677	IBD versus control, one biopsy per participant	expression_and_variance_matched_module_structure	296	0.9113354968998116	0.0928441763020758	1.7124211297115577
GSE193677	IBD versus control, one biopsy per participant	expression_and_variance_matched_module_structure	297	1.1962516766940765	0.179193065409187	1.7124211297115577
GSE193677	IBD versus control, one biopsy per participant	expression_and_variance_matched_module_structure	298	1.4826260871327863	0.3938148986156884	1.7124211297115577
GSE193677	IBD versus control, one biopsy per participant	expression_and_variance_matched_module_structure	299	1.0340295101869368	0.0334633155116115	1.7124211297115577
GSE193677	IBD versus control, one biopsy per participant	expression_and_variance_matched_module_structure	300	0.9571256555851748	0.0438205945965701	1.7124211297115577
GSE193677	IBD versus control, one biopsy per participant	expression_and_variance_matched_module_structure	301	1.016337889205113	0.0162058619830409	1.7124211297115577
GSE193677	IBD versus control, one biopsy per participant	expression_and_variance_matched_module_structure	302	1.052800699502671	0.0514539460099251	1.7124211297115577
GSE193677	IBD versus control, one biopsy per participant	expression_and_variance_matched_module_structure	303	1.334294818331714	0.2884029263229738	1.7124211297115577
GSE193677	IBD versus control, one biopsy per participant	expression_and_variance_matched_module_structure	304	1.254412407328924	0.2266672616117452	1.7124211297115577
GSE193677	IBD versus control, one biopsy per participant	expression_and_variance_matched_module_structure	305	1.5021967875412805	0.4069285617648118	1.7124211297115577
GSE193677	IBD versus control, one biopsy per participant	expression_and_variance_matched_module_structure	306	1.209281677686158	0.190026528521037	1.7124211297115577
GSE193677	IBD versus control, one biopsy per participant	expression_and_variance_matched_module_structure	307	1.1105653886593134	0.1048692447974379	1.7124211297115577
GSE193677	IBD versus control, one biopsy per participant	expression_and_variance_matched_module_structure	308	1.286849278375069	0.2521968109362998	1.7124211297115577
GSE193677	IBD versus control, one biopsy per participant	expression_and_variance_matched_module_structure	309	0.9143223800134492	0.0895720563540865	1.7124211297115577
GSE193677	IBD versus control, one biopsy per participant	expression_and_variance_matched_module_structure	310	1.1286540345587617	0.1210258029176757	1.7124211297115577
GSE193677	IBD versus control, one biopsy per participant	expression_and_variance_matched_module_structure	311	1.4271295845322358	0.3556651434343399	1.7124211297115577
GSE193677	IBD versus control, one biopsy per participant	expression_and_variance_matched_module_structure	312	1.097299777467523	0.0928524142145621	1.7124211297115577
GSE193677	IBD versus control, one biopsy per participant	expression_and_variance_matched_module_structure	313	1.4271006353968791	0.3556448583605182	1.7124211297115577
GSE193677	IBD versus control, one biopsy per participant	expression_and_variance_matched_module_structure	314	1.4501593806978172	0.3716734681146054	1.7124211297115577
GSE193677	IBD versus control, one biopsy per participant	expression_and_variance_matched_module_structure	315	1.1580371256661717	0.1467264387976575	1.7124211297115577
GSE193677	IBD versus control, one biopsy per participant	expression_and_variance_matched_module_structure	316	1.5031943613993777	0.4075924180452733	1.7124211297115577
GSE193677	IBD versus control, one biopsy per participant	expression_and_variance_matched_module_structure	317	1.2393262796386595	0.2145679090915403	1.7124211297115577
GSE193677	IBD versus control, one biopsy per participant	expression_and_variance_matched_module_structure	318	1.5475151236384554	0.4366504984777803	1.7124211297115577
GSE193677	IBD versus control, one biopsy per participant	expression_and_variance_matched_module_structure	319	1.3109108794984583	0.2707222234460621	1.7124211297115577
GSE193677	IBD versus control, one biopsy per participant	expression_and_variance_matched_module_structure	320	0.8872576816358357	0.11961982968987	1.7124211297115577
GSE193677	IBD versus control, one biopsy per participant	expression_and_variance_matched_module_structure	321	1.6306974986368756	0.4890078365640526	1.7124211297115577
GSE193677	IBD versus control, one biopsy per participant	expression_and_variance_matched_module_structure	322	0.931948583299955	0.0704776339514587	1.7124211297115577
GSE193677	IBD versus control, one biopsy per participant	expression_and_variance_matched_module_structure	323	1.3588502682837065	0.3066389512356292	1.7124211297115577
GSE193677	IBD versus control, one biopsy per participant	expression_and_variance_matched_module_structure	324	1.6245033095597117	0.485202113403928	1.7124211297115577
GSE193677	IBD versus control, one biopsy per participant	expression_and_variance_matched_module_structure	325	1.134873586305246	0.1265212670257797	1.7124211297115577
GSE193677	IBD versus control, one biopsy per participant	expression_and_variance_matched_module_structure	326	0.8424690054986115	0.1714184061580257	1.7124211297115577
GSE193677	IBD versus control, one biopsy per participant	expression_and_variance_matched_module_structure	327	1.5692899969811165	0.4506232858506191	1.7124211297115577
GSE193677	IBD versus control, one biopsy per participant	expression_and_variance_matched_module_structure	328	1.2328190957016407	0.2093034946033835	1.7124211297115577
GSE193677	IBD versus control, one biopsy per participant	expression_and_variance_matched_module_structure	329	1.1505656661954156	0.1402537050882401	1.7124211297115577
GSE193677	IBD versus control, one biopsy per participant	expression_and_variance_matched_module_structure	330	1.2733233911903274	0.2416303259541803	1.7124211297115577
GSE193677	IBD versus control, one biopsy per participant	expression_and_variance_matched_module_structure	331	1.5833789818962525	0.4595611596341616	1.7124211297115577
GSE193677	IBD versus control, one biopsy per participant	expression_and_variance_matched_module_structure	332	1.1378234707204158	0.129117201281624	1.7124211297115577
GSE193677	IBD versus control, one biopsy per participant	expression_and_variance_matched_module_structure	333	1.315303944703739	0.2740677755786018	1.7124211297115577
GSE193677	IBD versus control, one biopsy per participant	expression_and_variance_matched_module_structure	334	1.5543387791531875	0.4410502327889862	1.7124211297115577
GSE193677	IBD versus control, one biopsy per participant	expression_and_variance_matched_module_structure	335	1.4095110942442357	0.343242902590529	1.7124211297115577
GSE193677	IBD versus control, one biopsy per participant	expression_and_variance_matched_module_structure	336	1.2406832536375263	0.2156622388641323	1.7124211297115577
GSE193677	IBD versus control, one biopsy per participant	expression_and_variance_matched_module_structure	337	1.0681800236354426	0.0659562877895239	1.7124211297115577
GSE193677	IBD versus control, one biopsy per participant	expression_and_variance_matched_module_structure	338	0.9998924747912552	0.0001075309899945	1.7124211297115577
GSE193677	IBD versus control, one biopsy per participant	expression_and_variance_matched_module_structure	339	0.9661799931510896	0.0344051338128258	1.7124211297115577
GSE193677	IBD versus control, one biopsy per participant	expression_and_variance_matched_module_structure	340	1.3621261804464373	0.3090468469357635	1.7124211297115577
GSE193677	IBD versus control, one biopsy per participant	expression_and_variance_matched_module_structure	341	1.0920077050367112	0.0880179331922447	1.7124211297115577
GSE193677	IBD versus control, one biopsy per participant	expression_and_variance_matched_module_structure	342	1.3911936886792502	0.3301621474456117	1.7124211297115577
GSE193677	IBD versus control, one biopsy per participant	expression_and_variance_matched_module_structure	343	1.2156880356288886	0.1953102009821893	1.7124211297115577
GSE193677	IBD versus control, one biopsy per participant	expression_and_variance_matched_module_structure	344	0.9208150924518582	0.0824960311224957	1.7124211297115577
GSE193677	IBD versus control, one biopsy per participant	expression_and_variance_matched_module_structure	345	1.171917211507689	0.1586410500144777	1.7124211297115577
GSE193677	IBD versus control, one biopsy per participant	expression_and_variance_matched_module_structure	346	0.7312075659340351	0.3130579116117646	1.7124211297115577
GSE193677	IBD versus control, one biopsy per participant	expression_and_variance_matched_module_structure	347	1.1005919616145534	0.0958481819775196	1.7124211297115577
GSE193677	IBD versus control, one biopsy per participant	expression_and_variance_matched_module_structure	348	1.3353010925541802	0.2891568039162237	1.7124211297115577
GSE193677	IBD versus control, one biopsy per participant	expression_and_variance_matched_module_structure	349	1.4615465444373208	0.3794951520940937	1.7124211297115577
GSE193677	IBD versus control, one biopsy per participant	expression_and_variance_matched_module_structure	350	1.2498354666585276	0.223011915977481	1.7124211297115577
GSE193677	IBD versus control, one biopsy per participant	expression_and_variance_matched_module_structure	351	0.9583565756918508	0.0425353618170483	1.7124211297115577
GSE193677	IBD versus control, one biopsy per participant	expression_and_variance_matched_module_structure	352	1.1279019129630448	0.120359192701878	1.7124211297115577
GSE193677	IBD versus control, one biopsy per participant	expression_and_variance_matched_module_structure	353	1.4406151712188666	0.3650702245983384	1.7124211297115577
GSE193677	IBD versus control, one biopsy per participant	expression_and_variance_matched_module_structure	354	0.8955891555334092	0.1102735029357943	1.7124211297115577
GSE193677	IBD versus control, one biopsy per participant	expression_and_variance_matched_module_structure	355	1.301607388413386	0.2635999533151436	1.7124211297115577
GSE193677	IBD versus control, one biopsy per participant	expression_and_variance_matched_module_structure	356	1.0617321266168336	0.0599016561791197	1.7124211297115577
GSE193677	IBD versus control, one biopsy per participant	expression_and_variance_matched_module_structure	357	1.3770006575056644	0.3199076972378085	1.7124211297115577
GSE193677	IBD versus control, one biopsy per participant	expression_and_variance_matched_module_structure	358	1.373189169002621	0.3171358951559488	1.7124211297115577
GSE193677	IBD versus control, one biopsy per participant	expression_and_variance_matched_module_structure	359	1.4470695852932662	0.3695405358457283	1.7124211297115577
GSE193677	IBD versus control, one biopsy per participant	expression_and_variance_matched_module_structure	360	1.5212107582004244	0.4195065692270968	1.7124211297115577
GSE193677	IBD versus control, one biopsy per participant	expression_and_variance_matched_module_structure	361	1.098228826792261	0.093698724646034	1.7124211297115577
GSE193677	IBD versus control, one biopsy per participant	expression_and_variance_matched_module_structure	362	1.0193347089722478	0.0191501683855099	1.7124211297115577
GSE193677	IBD versus control, one biopsy per participant	expression_and_variance_matched_module_structure	363	1.5576962930382223	0.4432079945814122	1.7124211297115577
GSE193677	IBD versus control, one biopsy per participant	expression_and_variance_matched_module_structure	364	1.2185380955286664	0.1976518578772676	1.7124211297115577
GSE193677	IBD versus control, one biopsy per participant	expression_and_variance_matched_module_structure	365	0.788866931516228	0.2371576269655912	1.7124211297115577
GSE193677	IBD versus control, one biopsy per participant	expression_and_variance_matched_module_structure	366	1.3626712012055031	0.3094468919225976	1.7124211297115577
GSE193677	IBD versus control, one biopsy per participant	expression_and_variance_matched_module_structure	367	1.068779713908526	0.0665175433698606	1.7124211297115577
GSE193677	IBD versus control, one biopsy per participant	expression_and_variance_matched_module_structure	368	1.1217658716802503	0.1149041148090721	1.7124211297115577
GSE193677	IBD versus control, one biopsy per participant	expression_and_variance_matched_module_structure	369	1.0924927425719309	0.0884620050107892	1.7124211297115577
GSE193677	IBD versus control, one biopsy per participant	expression_and_variance_matched_module_structure	370	0.7227699731695365	0.3246642635044811	1.7124211297115577
GSE193677	IBD versus control, one biopsy per participant	expression_and_variance_matched_module_structure	371	1.2181879414137022	0.1973644606794983	1.7124211297115577
GSE193677	IBD versus control, one biopsy per participant	expression_and_variance_matched_module_structure	372	1.1889785394648311	0.1730945683151678	1.7124211297115577
GSE193677	IBD versus control, one biopsy per participant	expression_and_variance_matched_module_structure	373	1.528815693834602	0.4244933793508142	1.7124211297115577
GSE193677	IBD versus control, one biopsy per participant	expression_and_variance_matched_module_structure	374	1.299104768674764	0.2616753877654602	1.7124211297115577
GSE193677	IBD versus control, one biopsy per participant	expression_and_variance_matched_module_structure	375	1.0112902278589946	0.0112269689296269	1.7124211297115577
GSE193677	IBD versus control, one biopsy per participant	expression_and_variance_matched_module_structure	376	1.3388351676120935	0.2917999580202646	1.7124211297115577
GSE193677	IBD versus control, one biopsy per participant	expression_and_variance_matched_module_structure	377	1.6520078687794757	0.5019914382711443	1.7124211297115577
GSE193677	IBD versus control, one biopsy per participant	expression_and_variance_matched_module_structure	378	1.216682753557624	0.1961281009410358	1.7124211297115577
GSE193677	IBD versus control, one biopsy per participant	expression_and_variance_matched_module_structure	379	0.8732752029675245	0.1355045345979857	1.7124211297115577
GSE193677	IBD versus control, one biopsy per participant	expression_and_variance_matched_module_structure	380	0.9187028898995632	0.0847925060695603	1.7124211297115577
GSE193677	IBD versus control, one biopsy per participant	expression_and_variance_matched_module_structure	381	1.2084246894609565	0.1893176018517454	1.7124211297115577
GSE193677	IBD versus control, one biopsy per participant	expression_and_variance_matched_module_structure	382	1.5200151968801507	0.4187203327556735	1.7124211297115577
GSE193677	IBD versus control, one biopsy per participant	expression_and_variance_matched_module_structure	383	1.3682395898915596	0.3135249426749674	1.7124211297115577
GSE193677	IBD versus control, one biopsy per participant	expression_and_variance_matched_module_structure	384	1.3111275205917778	0.2708874697626722	1.7124211297115577
GSE193677	IBD versus control, one biopsy per participant	expression_and_variance_matched_module_structure	385	1.0272709519382528	0.0269057247167301	1.7124211297115577
GSE193677	IBD versus control, one biopsy per participant	expression_and_variance_matched_module_structure	386	1.2910404854886384	0.2554484711626026	1.7124211297115577
GSE193677	IBD versus control, one biopsy per participant	expression_and_variance_matched_module_structure	387	1.0923461652268456	0.088327828211958	1.7124211297115577
GSE193677	IBD versus control, one biopsy per participant	expression_and_variance_matched_module_structure	388	1.1663878412142084	0.1539116580188574	1.7124211297115577
GSE193677	IBD versus control, one biopsy per participant	expression_and_variance_matched_module_structure	389	1.306008678064293	0.2669756755980841	1.7124211297115577
GSE193677	IBD versus control, one biopsy per participant	expression_and_variance_matched_module_structure	390	0.9307283338422212	0.0717878446713811	1.7124211297115577
GSE193677	IBD versus control, one biopsy per participant	expression_and_variance_matched_module_structure	391	1.2098372570323008	0.1904858522425269	1.7124211297115577
GSE193677	IBD versus control, one biopsy per participant	expression_and_variance_matched_module_structure	392	1.5230505978488325	0.420715295848913	1.7124211297115577
GSE193677	IBD versus control, one biopsy per participant	expression_and_variance_matched_module_structure	393	1.724254715116684	0.5447949079154529	1.7124211297115577
GSE193677	IBD versus control, one biopsy per participant	expression_and_variance_matched_module_structure	394	0.952530854404387	0.0486327794304534	1.7124211297115577
GSE193677	IBD versus control, one biopsy per participant	expression_and_variance_matched_module_structure	395	1.4219209743560814	0.3520087562475265	1.7124211297115577
GSE193677	IBD versus control, one biopsy per participant	expression_and_variance_matched_module_structure	396	1.42855893099917	0.3566661955998847	1.7124211297115577
GSE193677	IBD versus control, one biopsy per participant	expression_and_variance_matched_module_structure	397	1.0361608063631578	0.0355223502894033	1.7124211297115577
GSE193677	IBD versus control, one biopsy per participant	expression_and_variance_matched_module_structure	398	1.5590242315908729	0.4440601329894036	1.7124211297115577
GSE193677	IBD versus control, one biopsy per participant	expression_and_variance_matched_module_structure	399	1.0851521829321804	0.0817202379237877	1.7124211297115577
GSE193677	IBD versus control, one biopsy per participant	expression_and_variance_matched_module_structure	400	1.3986468487003954	0.3355052325809018	1.7124211297115577
GSE193677	IBD versus control, one biopsy per participant	expression_and_variance_matched_module_structure	401	1.2496784721321388	0.2228862959325924	1.7124211297115577
GSE193677	IBD versus control, one biopsy per participant	expression_and_variance_matched_module_structure	402	1.3930951807688687	0.3315280203664164	1.7124211297115577
GSE193677	IBD versus control, one biopsy per participant	expression_and_variance_matched_module_structure	403	0.9159822885528588	0.0877582501359266	1.7124211297115577
GSE193677	IBD versus control, one biopsy per participant	expression_and_variance_matched_module_structure	404	1.1721052177633733	0.1588014633737866	1.7124211297115577
GSE193677	IBD versus control, one biopsy per participant	expression_and_variance_matched_module_structure	405	1.1869272874363497	0.1713678563260706	1.7124211297115577
GSE193677	IBD versus control, one biopsy per participant	expression_and_variance_matched_module_structure	406	1.1220931589306486	0.1151958330037131	1.7124211297115577
GSE193677	IBD versus control, one biopsy per participant	expression_and_variance_matched_module_structure	407	1.3454847755294927	0.2967543760182377	1.7124211297115577
GSE193677	IBD versus control, one biopsy per participant	expression_and_variance_matched_module_structure	408	1.178173801067555	0.1639656134531546	1.7124211297115577
GSE193677	IBD versus control, one biopsy per participant	expression_and_variance_matched_module_structure	409	2.014266666963729	0.7002551921668022	1.7124211297115577
GSE193677	IBD versus control, one biopsy per participant	expression_and_variance_matched_module_structure	410	2.413826726887589	0.88121334167644	1.7124211297115577
GSE193677	IBD versus control, one biopsy per participant	expression_and_variance_matched_module_structure	411	1.1644588966483802	0.1522565127234958	1.7124211297115577
GSE193677	IBD versus control, one biopsy per participant	expression_and_variance_matched_module_structure	412	1.0186963911114135	0.0185237619664123	1.7124211297115577
GSE193677	IBD versus control, one biopsy per participant	expression_and_variance_matched_module_structure	413	1.1827959619156163	0.167881094985975	1.7124211297115577
GSE193677	IBD versus control, one biopsy per participant	expression_and_variance_matched_module_structure	414	1.33813250547766	0.2912749892971571	1.7124211297115577
GSE193677	IBD versus control, one biopsy per participant	expression_and_variance_matched_module_structure	415	1.1443930136347795	0.1348743773471337	1.7124211297115577
GSE193677	IBD versus control, one biopsy per participant	expression_and_variance_matched_module_structure	416	1.4921063890127255	0.4001888055481923	1.7124211297115577
GSE193677	IBD versus control, one biopsy per participant	expression_and_variance_matched_module_structure	417	1.1040380530282463	0.0989744155835714	1.7124211297115577
GSE193677	IBD versus control, one biopsy per participant	expression_and_variance_matched_module_structure	418	1.077931593917837	0.0750440139963979	1.7124211297115577
GSE193677	IBD versus control, one biopsy per participant	expression_and_variance_matched_module_structure	419	1.3868762020910068	0.3270538814666759	1.7124211297115577
GSE193677	IBD versus control, one biopsy per participant	expression_and_variance_matched_module_structure	420	1.1066860533567269	0.1013700122002751	1.7124211297115577
GSE193677	IBD versus control, one biopsy per participant	expression_and_variance_matched_module_structure	421	1.3604029869644052	0.3077809698000698	1.7124211297115577
GSE193677	IBD versus control, one biopsy per participant	expression_and_variance_matched_module_structure	422	0.9514822592589324	0.0497342374445225	1.7124211297115577
GSE193677	IBD versus control, one biopsy per participant	expression_and_variance_matched_module_structure	423	0.8719265206743154	0.1370501239054241	1.7124211297115577
GSE193677	IBD versus control, one biopsy per participant	expression_and_variance_matched_module_structure	424	1.163083359388159	0.1510745471400191	1.7124211297115577
GSE193677	IBD versus control, one biopsy per participant	expression_and_variance_matched_module_structure	425	1.1915724739525586	0.1752738415167978	1.7124211297115577
GSE193677	IBD versus control, one biopsy per participant	expression_and_variance_matched_module_structure	426	1.3301041056496434	0.2852572140948843	1.7124211297115577
GSE193677	IBD versus control, one biopsy per participant	expression_and_variance_matched_module_structure	427	1.3430092022534486	0.2949127695306178	1.7124211297115577
GSE193677	IBD versus control, one biopsy per participant	expression_and_variance_matched_module_structure	428	1.004582973600772	0.0045725037537605	1.7124211297115577
GSE193677	IBD versus control, one biopsy per participant	expression_and_variance_matched_module_structure	429	1.244754972045241	0.2189387009449039	1.7124211297115577
GSE193677	IBD versus control, one biopsy per participant	expression_and_variance_matched_module_structure	430	1.086957872029667	0.0833828512055731	1.7124211297115577
GSE193677	IBD versus control, one biopsy per participant	expression_and_variance_matched_module_structure	431	1.64048155040327	0.4949898270304329	1.7124211297115577
GSE193677	IBD versus control, one biopsy per participant	expression_and_variance_matched_module_structure	432	1.4682352012579565	0.384061136199226	1.7124211297115577
GSE193677	IBD versus control, one biopsy per participant	expression_and_variance_matched_module_structure	433	1.2471756102382372	0.2208814829562306	1.7124211297115577
GSE193677	IBD versus control, one biopsy per participant	expression_and_variance_matched_module_structure	434	1.0418736510504036	0.0410206797894172	1.7124211297115577
GSE193677	IBD versus control, one biopsy per participant	expression_and_variance_matched_module_structure	435	1.8059154612331552	0.5910676439507547	1.7124211297115577
GSE193677	IBD versus control, one biopsy per participant	expression_and_variance_matched_module_structure	436	1.1228783481468818	0.1158953423255684	1.7124211297115577
GSE193677	IBD versus control, one biopsy per participant	expression_and_variance_matched_module_structure	437	1.0839775937120166	0.0806372327964621	1.7124211297115577
GSE193677	IBD versus control, one biopsy per participant	expression_and_variance_matched_module_structure	438	1.237727548110944	0.2132770758187256	1.7124211297115577
GSE193677	IBD versus control, one biopsy per participant	expression_and_variance_matched_module_structure	439	1.125041438334799	0.1178198690534025	1.7124211297115577
GSE193677	IBD versus control, one biopsy per participant	expression_and_variance_matched_module_structure	440	1.829220791272662	0.6038900790572316	1.7124211297115577
GSE193677	IBD versus control, one biopsy per participant	expression_and_variance_matched_module_structure	441	1.5820857005365754	0.4587440401516333	1.7124211297115577
GSE193677	IBD versus control, one biopsy per participant	expression_and_variance_matched_module_structure	442	0.8887469935760776	0.1179426806258762	1.7124211297115577
GSE193677	IBD versus control, one biopsy per participant	expression_and_variance_matched_module_structure	443	1.011890340188717	0.011820205496644	1.7124211297115577
GSE193677	IBD versus control, one biopsy per participant	expression_and_variance_matched_module_structure	444	1.1867731204732717	0.1712379604362766	1.7124211297115577
GSE193677	IBD versus control, one biopsy per participant	expression_and_variance_matched_module_structure	445	1.255036282873697	0.2271644828221744	1.7124211297115577
GSE193677	IBD versus control, one biopsy per participant	expression_and_variance_matched_module_structure	446	0.996418281754026	0.0035881479563026	1.7124211297115577
GSE193677	IBD versus control, one biopsy per participant	expression_and_variance_matched_module_structure	447	1.2081763299670114	0.1891120573759939	1.7124211297115577
GSE193677	IBD versus control, one biopsy per participant	expression_and_variance_matched_module_structure	448	0.7667120427675894	0.2656439812658459	1.7124211297115577
GSE193677	IBD versus control, one biopsy per participant	expression_and_variance_matched_module_structure	449	1.7962937671670758	0.5857255239692728	1.7124211297115577
GSE193677	IBD versus control, one biopsy per participant	expression_and_variance_matched_module_structure	450	1.158018073699518	0.1467099867142536	1.7124211297115577
GSE193677	IBD versus control, one biopsy per participant	expression_and_variance_matched_module_structure	451	1.3335601776470694	0.2878521912160653	1.7124211297115577
GSE193677	IBD versus control, one biopsy per participant	expression_and_variance_matched_module_structure	452	1.166940703481352	0.1543855409435289	1.7124211297115577
GSE193677	IBD versus control, one biopsy per participant	expression_and_variance_matched_module_structure	453	0.8538941725845516	0.157948012562467	1.7124211297115577
GSE193677	IBD versus control, one biopsy per participant	expression_and_variance_matched_module_structure	454	1.1478760394553351	0.1379133124986379	1.7124211297115577
GSE193677	IBD versus control, one biopsy per participant	expression_and_variance_matched_module_structure	455	1.1980519666965062	0.1806968766293479	1.7124211297115577
GSE193677	IBD versus control, one biopsy per participant	expression_and_variance_matched_module_structure	456	0.7082657146420486	0.3449359525302997	1.7124211297115577
GSE193677	IBD versus control, one biopsy per participant	expression_and_variance_matched_module_structure	457	1.0840614463464049	0.0807145862323372	1.7124211297115577
GSE193677	IBD versus control, one biopsy per participant	expression_and_variance_matched_module_structure	458	1.1848403577953994	0.1696080463516528	1.7124211297115577
GSE193677	IBD versus control, one biopsy per participant	expression_and_variance_matched_module_structure	459	0.8731429684750995	0.1356559696836255	1.7124211297115577
GSE193677	IBD versus control, one biopsy per participant	expression_and_variance_matched_module_structure	460	1.3877941885647551	0.3277155719581546	1.7124211297115577
GSE193677	IBD versus control, one biopsy per participant	expression_and_variance_matched_module_structure	461	1.1666531006053202	0.1541390517070693	1.7124211297115577
GSE193677	IBD versus control, one biopsy per participant	expression_and_variance_matched_module_structure	462	1.0940543703447378	0.0898904014346301	1.7124211297115577
GSE193677	IBD versus control, one biopsy per participant	expression_and_variance_matched_module_structure	463	1.571857309438313	0.452257919809753	1.7124211297115577
GSE193677	IBD versus control, one biopsy per participant	expression_and_variance_matched_module_structure	464	1.1456963237816868	0.1360125952029357	1.7124211297115577
GSE193677	IBD versus control, one biopsy per participant	expression_and_variance_matched_module_structure	465	1.2948204175607825	0.2583720118371773	1.7124211297115577
GSE193677	IBD versus control, one biopsy per participant	expression_and_variance_matched_module_structure	466	0.9125129602348367	0.0915529906292707	1.7124211297115577
GSE193677	IBD versus control, one biopsy per participant	expression_and_variance_matched_module_structure	467	1.160932915234256	0.149223919163678	1.7124211297115577
GSE193677	IBD versus control, one biopsy per participant	expression_and_variance_matched_module_structure	468	1.2858921130481256	0.2514527288654814	1.7124211297115577
GSE193677	IBD versus control, one biopsy per participant	expression_and_variance_matched_module_structure	469	1.4536962643208853	0.3741094606737683	1.7124211297115577
GSE193677	IBD versus control, one biopsy per participant	expression_and_variance_matched_module_structure	470	1.024387949731734	0.0240953120289595	1.7124211297115577
GSE193677	IBD versus control, one biopsy per participant	expression_and_variance_matched_module_structure	471	1.103249211803187	0.098259654735528	1.7124211297115577
GSE193677	IBD versus control, one biopsy per participant	expression_and_variance_matched_module_structure	472	1.403663208962333	0.3390853971714349	1.7124211297115577
GSE193677	IBD versus control, one biopsy per participant	expression_and_variance_matched_module_structure	473	1.05808095095501	0.0564568436991133	1.7124211297115577
GSE193677	IBD versus control, one biopsy per participant	expression_and_variance_matched_module_structure	474	1.128154396548505	0.1205830200819392	1.7124211297115577
GSE193677	IBD versus control, one biopsy per participant	expression_and_variance_matched_module_structure	475	1.2606509875013392	0.2316282442893373	1.7124211297115577
GSE193677	IBD versus control, one biopsy per participant	expression_and_variance_matched_module_structure	476	1.1673237599576236	0.1547137440976356	1.7124211297115577
GSE193677	IBD versus control, one biopsy per participant	expression_and_variance_matched_module_structure	477	1.1736185966179624	0.1600917935100849	1.7124211297115577
GSE193677	IBD versus control, one biopsy per participant	expression_and_variance_matched_module_structure	478	1.7293885940721472	0.5477679322131729	1.7124211297115577
GSE193677	IBD versus control, one biopsy per participant	expression_and_variance_matched_module_structure	479	1.5086768573472689	0.411233013279991	1.7124211297115577
GSE193677	IBD versus control, one biopsy per participant	expression_and_variance_matched_module_structure	480	1.32632135793389	0.2824092137843423	1.7124211297115577
GSE193677	IBD versus control, one biopsy per participant	expression_and_variance_matched_module_structure	481	0.7238934872317503	0.3231110145024181	1.7124211297115577
GSE193677	IBD versus control, one biopsy per participant	expression_and_variance_matched_module_structure	482	1.100805458287328	0.0960421466578758	1.7124211297115577
GSE193677	IBD versus control, one biopsy per participant	expression_and_variance_matched_module_structure	483	1.1373550420652667	0.1287054281753509	1.7124211297115577
GSE193677	IBD versus control, one biopsy per participant	expression_and_variance_matched_module_structure	484	1.3500293124990208	0.3001263051768527	1.7124211297115577
GSE193677	IBD versus control, one biopsy per participant	expression_and_variance_matched_module_structure	485	1.1914538523798812	0.1751742861141029	1.7124211297115577
GSE193677	IBD versus control, one biopsy per participant	expression_and_variance_matched_module_structure	486	1.4659521241121491	0.3825049454360688	1.7124211297115577
GSE193677	IBD versus control, one biopsy per participant	expression_and_variance_matched_module_structure	487	1.0362155296342497	0.0355751623874321	1.7124211297115577
GSE193677	IBD versus control, one biopsy per participant	expression_and_variance_matched_module_structure	488	1.451708242083458	0.3727409610081915	1.7124211297115577
GSE193677	IBD versus control, one biopsy per participant	expression_and_variance_matched_module_structure	489	0.9993285551611422	0.0006716703588988	1.7124211297115577
GSE193677	IBD versus control, one biopsy per participant	expression_and_variance_matched_module_structure	490	1.293545268072661	0.2573867186088214	1.7124211297115577
GSE193677	IBD versus control, one biopsy per participant	expression_and_variance_matched_module_structure	491	1.5627540410174523	0.4464496756638769	1.7124211297115577
GSE193677	IBD versus control, one biopsy per participant	expression_and_variance_matched_module_structure	492	1.1038802840907591	0.0988315036514557	1.7124211297115577
GSE193677	IBD versus control, one biopsy per participant	expression_and_variance_matched_module_structure	493	1.4677421712406098	0.383725282097216	1.7124211297115577
GSE193677	IBD versus control, one biopsy per participant	expression_and_variance_matched_module_structure	494	1.1830770702619406	0.1681187310246159	1.7124211297115577
GSE193677	IBD versus control, one biopsy per participant	expression_and_variance_matched_module_structure	495	1.0744666405544994	0.0718243901359254	1.7124211297115577
GSE193677	IBD versus control, one biopsy per participant	expression_and_variance_matched_module_structure	496	1.6309506590601033	0.4891630712254852	1.7124211297115577
GSE193677	IBD versus control, one biopsy per participant	expression_and_variance_matched_module_structure	497	1.009150350179099	0.0091087393679431	1.7124211297115577
GSE193677	IBD versus control, one biopsy per participant	expression_and_variance_matched_module_structure	498	0.8633167055718072	0.1469736730975743	1.7124211297115577
GSE193677	IBD versus control, one biopsy per participant	expression_and_variance_matched_module_structure	499	1.7822429191047198	0.577872637998714	1.7124211297115577
GSE193677	IBD versus control, one biopsy per participant	expression_and_variance_matched_module_structure	500	1.208582453048526	0.1894481464289781	1.7124211297115577
GSE193677	IBD versus control, one biopsy per participant	expression_and_variance_matched_module_structure	501	1.290203862351376	0.2548002387182325	1.7124211297115577
GSE193677	IBD versus control, one biopsy per participant	expression_and_variance_matched_module_structure	502	1.191305483219822	0.1750497505321544	1.7124211297115577
GSE193677	IBD versus control, one biopsy per participant	expression_and_variance_matched_module_structure	503	1.1517091650765434	0.141247069529033	1.7124211297115577
GSE193677	IBD versus control, one biopsy per participant	expression_and_variance_matched_module_structure	504	0.9956110189961966	0.0043986408558961	1.7124211297115577
GSE193677	IBD versus control, one biopsy per participant	expression_and_variance_matched_module_structure	505	1.2917769975666304	0.2560187879602759	1.7124211297115577
GSE193677	IBD versus control, one biopsy per participant	expression_and_variance_matched_module_structure	506	1.205251415253075	0.1866881885431666	1.7124211297115577
GSE193677	IBD versus control, one biopsy per participant	expression_and_variance_matched_module_structure	507	1.22288142953643	0.2012099015033391	1.7124211297115577
GSE193677	IBD versus control, one biopsy per participant	expression_and_variance_matched_module_structure	508	0.9382566697148734	0.0637317323166821	1.7124211297115577
GSE193677	IBD versus control, one biopsy per participant	expression_and_variance_matched_module_structure	509	1.2562940394003093	0.2281661484498454	1.7124211297115577
GSE193677	IBD versus control, one biopsy per participant	expression_and_variance_matched_module_structure	510	1.0618961883012232	0.0600561669130024	1.7124211297115577
GSE193677	IBD versus control, one biopsy per participant	expression_and_variance_matched_module_structure	511	1.1094308597542868	0.1038471448685696	1.7124211297115577
GSE193677	IBD versus control, one biopsy per participant	expression_and_variance_matched_module_structure	512	1.5076046002217531	0.4105220337604949	1.7124211297115577
GSE193677	IBD versus control, one biopsy per participant	expression_and_variance_matched_module_structure	513	1.1951127391338008	0.1782405233048937	1.7124211297115577
GSE193677	IBD versus control, one biopsy per participant	expression_and_variance_matched_module_structure	514	0.8440998489783724	0.169484486906858	1.7124211297115577
GSE193677	IBD versus control, one biopsy per participant	expression_and_variance_matched_module_structure	515	1.232614533579146	0.209137550470445	1.7124211297115577
GSE193677	IBD versus control, one biopsy per participant	expression_and_variance_matched_module_structure	516	1.0971576054367065	0.0927228404692497	1.7124211297115577
GSE193677	IBD versus control, one biopsy per participant	expression_and_variance_matched_module_structure	517	0.948454943397978	0.0529209937422478	1.7124211297115577
GSE193677	IBD versus control, one biopsy per participant	expression_and_variance_matched_module_structure	518	0.9399267796746	0.0619533007151712	1.7124211297115577
GSE193677	IBD versus control, one biopsy per participant	expression_and_variance_matched_module_structure	519	1.4950200131155986	0.4021395934524457	1.7124211297115577
GSE193677	IBD versus control, one biopsy per participant	expression_and_variance_matched_module_structure	520	1.130017990390379	0.1222335532969669	1.7124211297115577
GSE193677	IBD versus control, one biopsy per participant	expression_and_variance_matched_module_structure	521	1.129893362033081	0.1221232583889027	1.7124211297115577
GSE193677	IBD versus control, one biopsy per participant	expression_and_variance_matched_module_structure	522	1.0306542044902578	0.0301937506096998	1.7124211297115577
GSE193677	IBD versus control, one biopsy per participant	expression_and_variance_matched_module_structure	523	0.9639288558881371	0.036737788040931	1.7124211297115577
GSE193677	IBD versus control, one biopsy per participant	expression_and_variance_matched_module_structure	524	0.968589581045837	0.0319143057858765	1.7124211297115577
GSE193677	IBD versus control, one biopsy per participant	expression_and_variance_matched_module_structure	525	0.907347889056754	0.0972293422566145	1.7124211297115577
GSE193677	IBD versus control, one biopsy per participant	expression_and_variance_matched_module_structure	526	1.0378642486584555	0.0371649945517797	1.7124211297115577
GSE193677	IBD versus control, one biopsy per participant	expression_and_variance_matched_module_structure	527	1.0620850276920626	0.0602339833549888	1.7124211297115577
GSE193677	IBD versus control, one biopsy per participant	expression_and_variance_matched_module_structure	528	1.2517837873768232	0.2245695639761376	1.7124211297115577
GSE193677	IBD versus control, one biopsy per participant	expression_and_variance_matched_module_structure	529	1.1025129759261705	0.0975920978171503	1.7124211297115577
GSE193677	IBD versus control, one biopsy per participant	expression_and_variance_matched_module_structure	530	1.5179110640423328	0.4173350896697224	1.7124211297115577
GSE193677	IBD versus control, one biopsy per participant	expression_and_variance_matched_module_structure	531	1.4181009774626356	0.3493186367611655	1.7124211297115577
GSE193677	IBD versus control, one biopsy per participant	expression_and_variance_matched_module_structure	532	1.3736887910250777	0.3174996696193481	1.7124211297115577
GSE193677	IBD versus control, one biopsy per participant	expression_and_variance_matched_module_structure	533	1.0737112078329143	0.0711210659178748	1.7124211297115577
GSE193677	IBD versus control, one biopsy per participant	expression_and_variance_matched_module_structure	534	1.038837207552837	0.0381020179863813	1.7124211297115577
GSE193677	IBD versus control, one biopsy per participant	expression_and_variance_matched_module_structure	535	1.1128274235155025	0.1069040050289648	1.7124211297115577
GSE193677	IBD versus control, one biopsy per participant	expression_and_variance_matched_module_structure	536	1.4003725595458836	0.3367383151805186	1.7124211297115577
GSE193677	IBD versus control, one biopsy per participant	expression_and_variance_matched_module_structure	537	1.2435524510071934	0.2179721635142607	1.7124211297115577
GSE193677	IBD versus control, one biopsy per participant	expression_and_variance_matched_module_structure	538	1.2956115373116457	0.2589828132704834	1.7124211297115577
GSE193677	IBD versus control, one biopsy per participant	expression_and_variance_matched_module_structure	539	1.7958842548573162	0.585497521732734	1.7124211297115577
GSE193677	IBD versus control, one biopsy per participant	expression_and_variance_matched_module_structure	540	1.451114281902577	0.3723317315880239	1.7124211297115577
GSE193677	IBD versus control, one biopsy per participant	expression_and_variance_matched_module_structure	541	1.5056668631122727	0.4092358984751964	1.7124211297115577
GSE193677	IBD versus control, one biopsy per participant	expression_and_variance_matched_module_structure	542	1.2228057987404413	0.2011480532055368	1.7124211297115577
GSE193677	IBD versus control, one biopsy per participant	expression_and_variance_matched_module_structure	543	1.739710046081013	0.553718459157094	1.7124211297115577
GSE193677	IBD versus control, one biopsy per participant	expression_and_variance_matched_module_structure	544	1.4669458610718205	0.3831825939616697	1.7124211297115577
GSE193677	IBD versus control, one biopsy per participant	expression_and_variance_matched_module_structure	545	1.3136332747519417	0.2727967903573999	1.7124211297115577
GSE193677	IBD versus control, one biopsy per participant	expression_and_variance_matched_module_structure	546	1.259397459739293	0.2306334000300493	1.7124211297115577
GSE193677	IBD versus control, one biopsy per participant	expression_and_variance_matched_module_structure	547	1.4464382169077192	0.3691041323944661	1.7124211297115577
GSE193677	IBD versus control, one biopsy per participant	expression_and_variance_matched_module_structure	548	1.0795876460545222	0.0765791590196581	1.7124211297115577
GSE193677	IBD versus control, one biopsy per participant	expression_and_variance_matched_module_structure	549	1.4929710198262751	0.4007681076695845	1.7124211297115577
GSE193677	IBD versus control, one biopsy per participant	expression_and_variance_matched_module_structure	550	0.7880719010087761	0.2381659483518287	1.7124211297115577
GSE193677	IBD versus control, one biopsy per participant	expression_and_variance_matched_module_structure	551	1.7854926897041028	0.5796943937869713	1.7124211297115577
GSE193677	IBD versus control, one biopsy per participant	expression_and_variance_matched_module_structure	552	1.3545169571480922	0.3034449015846877	1.7124211297115577
GSE193677	IBD versus control, one biopsy per participant	expression_and_variance_matched_module_structure	553	0.8899091652926886	0.1166358829334668	1.7124211297115577
GSE193677	IBD versus control, one biopsy per participant	expression_and_variance_matched_module_structure	554	1.5093394422206718	0.4116720996322703	1.7124211297115577
GSE193677	IBD versus control, one biopsy per participant	expression_and_variance_matched_module_structure	555	1.3062267594808985	0.2671426447877503	1.7124211297115577
GSE193677	IBD versus control, one biopsy per participant	expression_and_variance_matched_module_structure	556	1.0478921535632335	0.04678067369826	1.7124211297115577
GSE193677	IBD versus control, one biopsy per participant	expression_and_variance_matched_module_structure	557	1.2839054052649612	0.2499065306418368	1.7124211297115577
GSE193677	IBD versus control, one biopsy per participant	expression_and_variance_matched_module_structure	558	1.1786690901697756	0.1643859122446889	1.7124211297115577
GSE193677	IBD versus control, one biopsy per participant	expression_and_variance_matched_module_structure	559	1.0877024481575093	0.0840676258805195	1.7124211297115577
GSE193677	IBD versus control, one biopsy per participant	expression_and_variance_matched_module_structure	560	1.0881833834035337	0.0845096851530054	1.7124211297115577
GSE193677	IBD versus control, one biopsy per participant	expression_and_variance_matched_module_structure	561	0.9772377577972756	0.0230253015839821	1.7124211297115577
GSE193677	IBD versus control, one biopsy per participant	expression_and_variance_matched_module_structure	562	1.3017996872825337	0.263747681936835	1.7124211297115577
GSE193677	IBD versus control, one biopsy per participant	expression_and_variance_matched_module_structure	563	1.1953047589791082	0.1784011813036508	1.7124211297115577
GSE193677	IBD versus control, one biopsy per participant	expression_and_variance_matched_module_structure	564	1.2652434396664078	0.2352645460888534	1.7124211297115577
GSE193677	IBD versus control, one biopsy per participant	expression_and_variance_matched_module_structure	565	0.8626322662907987	0.1477667896126562	1.7124211297115577
GSE193677	IBD versus control, one biopsy per participant	expression_and_variance_matched_module_structure	566	1.6798067978586655	0.5186787855274101	1.7124211297115577
GSE193677	IBD versus control, one biopsy per participant	expression_and_variance_matched_module_structure	567	1.056539242765475	0.0549987015066993	1.7124211297115577
GSE193677	IBD versus control, one biopsy per participant	expression_and_variance_matched_module_structure	568	1.204675710426765	0.1862104107455502	1.7124211297115577
GSE193677	IBD versus control, one biopsy per participant	expression_and_variance_matched_module_structure	569	1.0477891585100867	0.0466823810307285	1.7124211297115577
GSE193677	IBD versus control, one biopsy per participant	expression_and_variance_matched_module_structure	570	1.2501145639019242	0.2232351982360416	1.7124211297115577
GSE193677	IBD versus control, one biopsy per participant	expression_and_variance_matched_module_structure	571	1.1978219552834235	0.1805048703541605	1.7124211297115577
GSE193677	IBD versus control, one biopsy per participant	expression_and_variance_matched_module_structure	572	1.1900700370816704	0.1740121600820479	1.7124211297115577
GSE193677	IBD versus control, one biopsy per participant	expression_and_variance_matched_module_structure	573	1.0670434598085892	0.0648917023323022	1.7124211297115577
GSE193677	IBD versus control, one biopsy per participant	expression_and_variance_matched_module_structure	574	1.1295683142721031	0.1218355369669115	1.7124211297115577
GSE193677	IBD versus control, one biopsy per participant	expression_and_variance_matched_module_structure	575	0.990684316695836	0.0093593456565316	1.7124211297115577
GSE193677	IBD versus control, one biopsy per participant	expression_and_variance_matched_module_structure	576	0.9625270731562195	0.0381930852612674	1.7124211297115577
GSE193677	IBD versus control, one biopsy per participant	expression_and_variance_matched_module_structure	577	0.962971834936902	0.0377311148215825	1.7124211297115577
GSE193677	IBD versus control, one biopsy per participant	expression_and_variance_matched_module_structure	578	1.2869450728107357	0.252271249234501	1.7124211297115577
GSE193677	IBD versus control, one biopsy per participant	expression_and_variance_matched_module_structure	579	1.0428237524888349	0.0419321804250486	1.7124211297115577
GSE193677	IBD versus control, one biopsy per participant	expression_and_variance_matched_module_structure	580	1.0392885006726276	0.0385363450582217	1.7124211297115577
GSE193677	IBD versus control, one biopsy per participant	expression_and_variance_matched_module_structure	581	1.301485212311985	0.2635060833533478	1.7124211297115577
GSE193677	IBD versus control, one biopsy per participant	expression_and_variance_matched_module_structure	582	1.1697918258780522	0.156825806378894	1.7124211297115577
GSE193677	IBD versus control, one biopsy per participant	expression_and_variance_matched_module_structure	583	1.3183286930717322	0.276364792751431	1.7124211297115577
GSE193677	IBD versus control, one biopsy per participant	expression_and_variance_matched_module_structure	584	1.4461264590683305	0.3688885743167606	1.7124211297115577
GSE193677	IBD versus control, one biopsy per participant	expression_and_variance_matched_module_structure	585	0.9093408338324686	0.0950353003714225	1.7124211297115577
GSE193677	IBD versus control, one biopsy per participant	expression_and_variance_matched_module_structure	586	1.1419754249521563	0.1327595916959319	1.7124211297115577
GSE193677	IBD versus control, one biopsy per participant	expression_and_variance_matched_module_structure	587	1.6506173346139597	0.5011493601290314	1.7124211297115577
GSE193677	IBD versus control, one biopsy per participant	expression_and_variance_matched_module_structure	588	1.5534924631798412	0.4405055983295995	1.7124211297115577
GSE193677	IBD versus control, one biopsy per participant	expression_and_variance_matched_module_structure	589	0.900085731231618	0.105265263270459	1.7124211297115577
GSE193677	IBD versus control, one biopsy per participant	expression_and_variance_matched_module_structure	590	1.1730584125370234	0.1596143659907508	1.7124211297115577
GSE193677	IBD versus control, one biopsy per participant	expression_and_variance_matched_module_structure	591	1.2843969076732993	0.2502892756262276	1.7124211297115577
GSE193677	IBD versus control, one biopsy per participant	expression_and_variance_matched_module_structure	592	1.1950017028852074	0.1781476103910003	1.7124211297115577
GSE193677	IBD versus control, one biopsy per participant	expression_and_variance_matched_module_structure	593	1.2701237572604798	0.2391143423846774	1.7124211297115577
GSE193677	IBD versus control, one biopsy per participant	expression_and_variance_matched_module_structure	594	0.916025484588362	0.087711093092005	1.7124211297115577
GSE193677	IBD versus control, one biopsy per participant	expression_and_variance_matched_module_structure	595	1.179454342168072	0.1650519096361342	1.7124211297115577
GSE193677	IBD versus control, one biopsy per participant	expression_and_variance_matched_module_structure	596	1.066985260478982	0.064837158240118	1.7124211297115577
GSE193677	IBD versus control, one biopsy per participant	expression_and_variance_matched_module_structure	597	1.2911298505155084	0.2555176881508544	1.7124211297115577
GSE193677	IBD versus control, one biopsy per participant	expression_and_variance_matched_module_structure	598	1.313320787885075	0.2725588822243383	1.7124211297115577
GSE193677	IBD versus control, one biopsy per participant	expression_and_variance_matched_module_structure	599	1.2416620125648274	0.2164508148864507	1.7124211297115577
GSE193677	IBD versus control, one biopsy per participant	expression_and_variance_matched_module_structure	600	1.482745860125946	0.3938956797084856	1.7124211297115577
GSE193677	IBD versus control, one biopsy per participant	expression_and_variance_matched_module_structure	601	1.297500993422687	0.2604401017013032	1.7124211297115577
GSE193677	IBD versus control, one biopsy per participant	expression_and_variance_matched_module_structure	602	1.179001937220737	0.1646682646588347	1.7124211297115577
GSE193677	IBD versus control, one biopsy per participant	expression_and_variance_matched_module_structure	603	1.1062367648396183	0.1009639532816476	1.7124211297115577
GSE193677	IBD versus control, one biopsy per participant	expression_and_variance_matched_module_structure	604	1.18077123701765	0.1661678156731217	1.7124211297115577
GSE193677	IBD versus control, one biopsy per participant	expression_and_variance_matched_module_structure	605	0.9481430135684236	0.0532499299105286	1.7124211297115577
GSE193677	IBD versus control, one biopsy per participant	expression_and_variance_matched_module_structure	606	1.5597389746427843	0.4445184833142993	1.7124211297115577
GSE193677	IBD versus control, one biopsy per participant	expression_and_variance_matched_module_structure	607	1.3586261057820057	0.3064739727987616	1.7124211297115577
GSE193677	IBD versus control, one biopsy per participant	expression_and_variance_matched_module_structure	608	1.163323035954873	0.1512805958923279	1.7124211297115577
GSE193677	IBD versus control, one biopsy per participant	expression_and_variance_matched_module_structure	609	1.0022305681780952	0.0022280841540674	1.7124211297115577
GSE193677	IBD versus control, one biopsy per participant	expression_and_variance_matched_module_structure	610	1.935408763345504	0.6603185513791745	1.7124211297115577
GSE193677	IBD versus control, one biopsy per participant	expression_and_variance_matched_module_structure	611	1.2422666884890774	0.2169376854926303	1.7124211297115577
GSE193677	IBD versus control, one biopsy per participant	expression_and_variance_matched_module_structure	612	1.2999135481754431	0.2622977608526694	1.7124211297115577
GSE193677	IBD versus control, one biopsy per participant	expression_and_variance_matched_module_structure	613	1.2702300179006671	0.2391980005281127	1.7124211297115577
GSE193677	IBD versus control, one biopsy per participant	expression_and_variance_matched_module_structure	614	0.8818713984410558	0.1257090403623567	1.7124211297115577
GSE193677	IBD versus control, one biopsy per participant	expression_and_variance_matched_module_structure	615	0.9472667623836036	0.0541745334008794	1.7124211297115577
GSE193677	IBD versus control, one biopsy per participant	expression_and_variance_matched_module_structure	616	1.3788626782790558	0.3212590131993508	1.7124211297115577
GSE193677	IBD versus control, one biopsy per participant	expression_and_variance_matched_module_structure	617	1.7440181954358551	0.5561917585951239	1.7124211297115577
GSE193677	IBD versus control, one biopsy per participant	expression_and_variance_matched_module_structure	618	0.8476031159984118	0.1653427763342363	1.7124211297115577
GSE193677	IBD versus control, one biopsy per participant	expression_and_variance_matched_module_structure	619	1.3339309734507614	0.288130202114754	1.7124211297115577
GSE193677	IBD versus control, one biopsy per participant	expression_and_variance_matched_module_structure	620	1.5312093248409056	0.426057831588883	1.7124211297115577
GSE193677	IBD versus control, one biopsy per participant	expression_and_variance_matched_module_structure	621	0.7141507395915181	0.3366612190491418	1.7124211297115577
GSE193677	IBD versus control, one biopsy per participant	expression_and_variance_matched_module_structure	622	1.3622236902997302	0.3091184308790606	1.7124211297115577
GSE193677	IBD versus control, one biopsy per participant	expression_and_variance_matched_module_structure	623	1.1864868482906423	0.1709967123742983	1.7124211297115577
GSE193677	IBD versus control, one biopsy per participant	expression_and_variance_matched_module_structure	624	1.1440100682557808	0.1345396938417635	1.7124211297115577
GSE193677	IBD versus control, one biopsy per participant	expression_and_variance_matched_module_structure	625	1.1744615982793358	0.1608098283535494	1.7124211297115577
GSE193677	IBD versus control, one biopsy per participant	expression_and_variance_matched_module_structure	626	0.8065483655531885	0.2149914135272108	1.7124211297115577
GSE193677	IBD versus control, one biopsy per participant	expression_and_variance_matched_module_structure	627	1.1033014535251968	0.0983070062174953	1.7124211297115577
GSE193677	IBD versus control, one biopsy per participant	expression_and_variance_matched_module_structure	628	1.3460704346198529	0.2971895586943309	1.7124211297115577
GSE193677	IBD versus control, one biopsy per participant	expression_and_variance_matched_module_structure	629	1.1050600356817006	0.0998996644275101	1.7124211297115577
GSE193677	IBD versus control, one biopsy per participant	expression_and_variance_matched_module_structure	630	1.127619060609584	0.1201083838127054	1.7124211297115577
GSE193677	IBD versus control, one biopsy per participant	expression_and_variance_matched_module_structure	631	1.1329422064243857	0.1248179714106792	1.7124211297115577
GSE193677	IBD versus control, one biopsy per participant	expression_and_variance_matched_module_structure	632	1.2517675300310278	0.2245565765484923	1.7124211297115577
GSE193677	IBD versus control, one biopsy per participant	expression_and_variance_matched_module_structure	633	1.353571383003382	0.3027465682481285	1.7124211297115577
GSE193677	IBD versus control, one biopsy per participant	expression_and_variance_matched_module_structure	634	1.1180594346109454	0.111594534868134	1.7124211297115577
GSE193677	IBD versus control, one biopsy per participant	expression_and_variance_matched_module_structure	635	0.9407087977165532	0.06112164773952	1.7124211297115577
GSE193677	IBD versus control, one biopsy per participant	expression_and_variance_matched_module_structure	636	1.3386255687441146	0.2916433926106875	1.7124211297115577
GSE193677	IBD versus control, one biopsy per participant	expression_and_variance_matched_module_structure	637	1.3609379856355217	0.3081741573376813	1.7124211297115577
GSE193677	IBD versus control, one biopsy per participant	expression_and_variance_matched_module_structure	638	1.5821049560402836	0.4587562110387879	1.7124211297115577
GSE193677	IBD versus control, one biopsy per participant	expression_and_variance_matched_module_structure	639	1.0851478650874646	0.0817162588935889	1.7124211297115577
GSE193677	IBD versus control, one biopsy per participant	expression_and_variance_matched_module_structure	640	1.0833091128815917	0.0800203500835381	1.7124211297115577
GSE193677	IBD versus control, one biopsy per participant	expression_and_variance_matched_module_structure	641	0.8917234168717841	0.1145992652555512	1.7124211297115577
GSE193677	IBD versus control, one biopsy per participant	expression_and_variance_matched_module_structure	642	1.5105553863458008	0.4124773887299816	1.7124211297115577
GSE193677	IBD versus control, one biopsy per participant	expression_and_variance_matched_module_structure	643	1.3937096631416697	0.3319690145638408	1.7124211297115577
GSE193677	IBD versus control, one biopsy per participant	expression_and_variance_matched_module_structure	644	1.0386207474669258	0.0378936286072639	1.7124211297115577
GSE193677	IBD versus control, one biopsy per participant	expression_and_variance_matched_module_structure	645	1.3323984815649446	0.2869806877127097	1.7124211297115577
GSE193677	IBD versus control, one biopsy per participant	expression_and_variance_matched_module_structure	646	1.3749252320493088	0.3183993529486569	1.7124211297115577
GSE193677	IBD versus control, one biopsy per participant	expression_and_variance_matched_module_structure	647	1.3138087189718008	0.2729303379070997	1.7124211297115577
GSE193677	IBD versus control, one biopsy per participant	expression_and_variance_matched_module_structure	648	0.9484647747513416	0.0529106281445164	1.7124211297115577
GSE193677	IBD versus control, one biopsy per participant	expression_and_variance_matched_module_structure	649	1.225274516909759	0.2031649143275965	1.7124211297115577
GSE193677	IBD versus control, one biopsy per participant	expression_and_variance_matched_module_structure	650	1.2348047253975365	0.2109128404911009	1.7124211297115577
GSE193677	IBD versus control, one biopsy per participant	expression_and_variance_matched_module_structure	651	1.1362187292537047	0.1277058451220009	1.7124211297115577
GSE193677	IBD versus control, one biopsy per participant	expression_and_variance_matched_module_structure	652	1.7378924474791484	0.5526731420049833	1.7124211297115577
GSE193677	IBD versus control, one biopsy per participant	expression_and_variance_matched_module_structure	653	0.9080888475508948	0.0964130554421608	1.7124211297115577
GSE193677	IBD versus control, one biopsy per participant	expression_and_variance_matched_module_structure	654	1.179427014107958	0.1650287392803701	1.7124211297115577
GSE193677	IBD versus control, one biopsy per participant	expression_and_variance_matched_module_structure	655	1.122160017545044	0.1152554150643432	1.7124211297115577
GSE193677	IBD versus control, one biopsy per participant	expression_and_variance_matched_module_structure	656	1.196155212759121	0.1791124236626405	1.7124211297115577
GSE193677	IBD versus control, one biopsy per participant	expression_and_variance_matched_module_structure	657	1.4772188334116083	0.3901611533135957	1.7124211297115577
GSE193677	IBD versus control, one biopsy per participant	expression_and_variance_matched_module_structure	658	0.965873723297802	0.0347221745381902	1.7124211297115577
GSE193677	IBD versus control, one biopsy per participant	expression_and_variance_matched_module_structure	659	1.3272325785673358	0.2830960064337992	1.7124211297115577
GSE193677	IBD versus control, one biopsy per participant	expression_and_variance_matched_module_structure	660	1.5005739205569706	0.4058476486348533	1.7124211297115577
GSE193677	IBD versus control, one biopsy per participant	expression_and_variance_matched_module_structure	661	1.158086872143038	0.1467693954588043	1.7124211297115577
GSE193677	IBD versus control, one biopsy per participant	expression_and_variance_matched_module_structure	662	1.2407967992818758	0.2157537533168035	1.7124211297115577
GSE193677	IBD versus control, one biopsy per participant	expression_and_variance_matched_module_structure	663	1.2184684983312888	0.1975947409227448	1.7124211297115577
GSE193677	IBD versus control, one biopsy per participant	expression_and_variance_matched_module_structure	664	1.0217419278826896	0.0215089431449542	1.7124211297115577
GSE193677	IBD versus control, one biopsy per participant	expression_and_variance_matched_module_structure	665	0.8357857461128896	0.1793829832978937	1.7124211297115577
GSE193677	IBD versus control, one biopsy per participant	expression_and_variance_matched_module_structure	666	1.1311544444568598	0.1232387434758816	1.7124211297115577
GSE193677	IBD versus control, one biopsy per participant	expression_and_variance_matched_module_structure	667	0.9474863445493112	0.0539427542145704	1.7124211297115577
GSE193677	IBD versus control, one biopsy per participant	expression_and_variance_matched_module_structure	668	1.3854607218245942	0.3260327354600705	1.7124211297115577
GSE193677	IBD versus control, one biopsy per participant	expression_and_variance_matched_module_structure	669	1.3834795554220032	0.32460174270306	1.7124211297115577
GSE193677	IBD versus control, one biopsy per participant	expression_and_variance_matched_module_structure	670	0.9487054981026524	0.0526568571930659	1.7124211297115577
GSE193677	IBD versus control, one biopsy per participant	expression_and_variance_matched_module_structure	671	1.019479372846678	0.0192920782104057	1.7124211297115577
GSE193677	IBD versus control, one biopsy per participant	expression_and_variance_matched_module_structure	672	1.1473340176332776	0.1374410055475077	1.7124211297115577
GSE193677	IBD versus control, one biopsy per participant	expression_and_variance_matched_module_structure	673	1.0206657615706145	0.020455121797506	1.7124211297115577
GSE193677	IBD versus control, one biopsy per participant	expression_and_variance_matched_module_structure	674	1.422129714667819	0.352155547099685	1.7124211297115577
GSE193677	IBD versus control, one biopsy per participant	expression_and_variance_matched_module_structure	675	1.2877865021889638	0.2529248547725332	1.7124211297115577
GSE193677	IBD versus control, one biopsy per participant	expression_and_variance_matched_module_structure	676	1.3195772510549448	0.2773114209503849	1.7124211297115577
GSE193677	IBD versus control, one biopsy per participant	expression_and_variance_matched_module_structure	677	1.069409329379259	0.0671064674324051	1.7124211297115577
GSE193677	IBD versus control, one biopsy per participant	expression_and_variance_matched_module_structure	678	1.3619929110497202	0.3089490029044658	1.7124211297115577
GSE193677	IBD versus control, one biopsy per participant	expression_and_variance_matched_module_structure	679	1.140884873395279	0.1318041660480069	1.7124211297115577
GSE193677	IBD versus control, one biopsy per participant	expression_and_variance_matched_module_structure	680	0.8082101821452614	0.2129331278706493	1.7124211297115577
GSE193677	IBD versus control, one biopsy per participant	expression_and_variance_matched_module_structure	681	1.1521092185120712	0.141594365515903	1.7124211297115577
GSE193677	IBD versus control, one biopsy per participant	expression_and_variance_matched_module_structure	682	1.1909805269868774	0.1747769401025354	1.7124211297115577
GSE193677	IBD versus control, one biopsy per participant	expression_and_variance_matched_module_structure	683	1.2984847517755809	0.2611980090987566	1.7124211297115577
GSE193677	IBD versus control, one biopsy per participant	expression_and_variance_matched_module_structure	684	1.1828644742855208	0.1679390173901163	1.7124211297115577
GSE193677	IBD versus control, one biopsy per participant	expression_and_variance_matched_module_structure	685	1.054027116156362	0.0526181766918088	1.7124211297115577
GSE193677	IBD versus control, one biopsy per participant	expression_and_variance_matched_module_structure	686	1.3365746971324477	0.2901101451453662	1.7124211297115577
GSE193677	IBD versus control, one biopsy per participant	expression_and_variance_matched_module_structure	687	1.1280304660585214	0.1204731616282618	1.7124211297115577
GSE193677	IBD versus control, one biopsy per participant	expression_and_variance_matched_module_structure	688	1.064930135154848	0.0629091962159924	1.7124211297115577
GSE193677	IBD versus control, one biopsy per participant	expression_and_variance_matched_module_structure	689	0.9760733942000348	0.0242174964209002	1.7124211297115577
GSE193677	IBD versus control, one biopsy per participant	expression_and_variance_matched_module_structure	690	2.005196053039096	0.6957418380425651	1.7124211297115577
GSE193677	IBD versus control, one biopsy per participant	expression_and_variance_matched_module_structure	691	1.3503321722688906	0.3003506157166438	1.7124211297115577
GSE193677	IBD versus control, one biopsy per participant	expression_and_variance_matched_module_structure	692	1.0100152259835544	0.0099654059707799	1.7124211297115577
GSE193677	IBD versus control, one biopsy per participant	expression_and_variance_matched_module_structure	693	1.0850523464137107	0.0816282313712346	1.7124211297115577
GSE193677	IBD versus control, one biopsy per participant	expression_and_variance_matched_module_structure	694	1.0157983927437544	0.0156748971271643	1.7124211297115577
GSE193677	IBD versus control, one biopsy per participant	expression_and_variance_matched_module_structure	695	1.7490689779421782	0.5590836337620342	1.7124211297115577
GSE193677	IBD versus control, one biopsy per participant	expression_and_variance_matched_module_structure	696	0.9964127204684432	0.0035937292480193	1.7124211297115577
GSE193677	IBD versus control, one biopsy per participant	expression_and_variance_matched_module_structure	697	1.0326759983299034	0.0321534897575623	1.7124211297115577
GSE193677	IBD versus control, one biopsy per participant	expression_and_variance_matched_module_structure	698	1.2473724113905815	0.2210392679746359	1.7124211297115577
GSE193677	IBD versus control, one biopsy per participant	expression_and_variance_matched_module_structure	699	1.5070632516408682	0.4101628906553138	1.7124211297115577
GSE193677	IBD versus control, one biopsy per participant	expression_and_variance_matched_module_structure	700	1.1584263026853427	0.1470624484389663	1.7124211297115577
GSE193677	IBD versus control, one biopsy per participant	expression_and_variance_matched_module_structure	701	1.0103716139282517	0.0103181977642653	1.7124211297115577
GSE193677	IBD versus control, one biopsy per participant	expression_and_variance_matched_module_structure	702	0.962198455136144	0.0385345552718619	1.7124211297115577
GSE193677	IBD versus control, one biopsy per participant	expression_and_variance_matched_module_structure	703	1.5167150374757556	0.4165468366273411	1.7124211297115577
GSE193677	IBD versus control, one biopsy per participant	expression_and_variance_matched_module_structure	704	1.5422822074122362	0.4332632722821552	1.7124211297115577
GSE193677	IBD versus control, one biopsy per participant	expression_and_variance_matched_module_structure	705	0.9625190698576884	0.0382014001773125	1.7124211297115577
GSE193677	IBD versus control, one biopsy per participant	expression_and_variance_matched_module_structure	706	1.0380402663920916	0.0373345762765476	1.7124211297115577
GSE193677	IBD versus control, one biopsy per participant	expression_and_variance_matched_module_structure	707	0.945379152759145	0.056169212104609	1.7124211297115577
GSE193677	IBD versus control, one biopsy per participant	expression_and_variance_matched_module_structure	708	1.1879817978071028	0.1722558991118816	1.7124211297115577
GSE193677	IBD versus control, one biopsy per participant	expression_and_variance_matched_module_structure	709	1.4271867453037168	0.3557051955973683	1.7124211297115577
GSE193677	IBD versus control, one biopsy per participant	expression_and_variance_matched_module_structure	710	1.0495788471456853	0.0483889857516404	1.7124211297115577
GSE193677	IBD versus control, one biopsy per participant	expression_and_variance_matched_module_structure	711	1.1948592275757617	0.1780283772525374	1.7124211297115577
GSE193677	IBD versus control, one biopsy per participant	expression_and_variance_matched_module_structure	712	1.1249705144920148	0.1177568259724814	1.7124211297115577
GSE193677	IBD versus control, one biopsy per participant	expression_and_variance_matched_module_structure	713	0.7920786912471972	0.2330945344680041	1.7124211297115577
GSE193677	IBD versus control, one biopsy per participant	expression_and_variance_matched_module_structure	714	1.152539803344277	0.141968031816613	1.7124211297115577
GSE193677	IBD versus control, one biopsy per participant	expression_and_variance_matched_module_structure	715	0.8882467648259365	0.1185056862762779	1.7124211297115577
GSE193677	IBD versus control, one biopsy per participant	expression_and_variance_matched_module_structure	716	1.3032188973053205	0.2648372788952544	1.7124211297115577
GSE193677	IBD versus control, one biopsy per participant	expression_and_variance_matched_module_structure	717	1.282468771421727	0.2487869479976932	1.7124211297115577
GSE193677	IBD versus control, one biopsy per participant	expression_and_variance_matched_module_structure	718	0.922936346420453	0.0801950106488884	1.7124211297115577
GSE193677	IBD versus control, one biopsy per participant	expression_and_variance_matched_module_structure	719	1.1771827051903432	0.1631240457897688	1.7124211297115577
GSE193677	IBD versus control, one biopsy per participant	expression_and_variance_matched_module_structure	720	0.9324631980480516	0.0699255941431783	1.7124211297115577
GSE193677	IBD versus control, one biopsy per participant	expression_and_variance_matched_module_structure	721	1.206618502989452	0.1878218217233338	1.7124211297115577
GSE193677	IBD versus control, one biopsy per participant	expression_and_variance_matched_module_structure	722	1.374745253207712	0.3182684435594637	1.7124211297115577
GSE193677	IBD versus control, one biopsy per participant	expression_and_variance_matched_module_structure	723	1.215892746012906	0.1954785773619061	1.7124211297115577
GSE193677	IBD versus control, one biopsy per participant	expression_and_variance_matched_module_structure	724	1.4694154384346758	0.3848646607737783	1.7124211297115577
GSE193677	IBD versus control, one biopsy per participant	expression_and_variance_matched_module_structure	725	1.1774537459391117	0.163354264556522	1.7124211297115577
GSE193677	IBD versus control, one biopsy per participant	expression_and_variance_matched_module_structure	726	1.2128374242726598	0.1929625931744871	1.7124211297115577
GSE193677	IBD versus control, one biopsy per participant	expression_and_variance_matched_module_structure	727	0.7625395949250766	0.2711008440781781	1.7124211297115577
GSE193677	IBD versus control, one biopsy per participant	expression_and_variance_matched_module_structure	728	1.1347775923139567	0.1264366778234822	1.7124211297115577
GSE193677	IBD versus control, one biopsy per participant	expression_and_variance_matched_module_structure	729	0.9628085211765453	0.0379007227005182	1.7124211297115577
GSE193677	IBD versus control, one biopsy per participant	expression_and_variance_matched_module_structure	730	1.1187813801881108	0.1122400395437078	1.7124211297115577
GSE193677	IBD versus control, one biopsy per participant	expression_and_variance_matched_module_structure	731	1.2318684257983794	0.2085320621665214	1.7124211297115577
GSE193677	IBD versus control, one biopsy per participant	expression_and_variance_matched_module_structure	732	0.9916626657910992	0.0083722841750258	1.7124211297115577
GSE193677	IBD versus control, one biopsy per participant	expression_and_variance_matched_module_structure	733	1.4102734880748566	0.3437836487553098	1.7124211297115577
GSE193677	IBD versus control, one biopsy per participant	expression_and_variance_matched_module_structure	734	1.4720253364987248	0.386639232453884	1.7124211297115577
GSE193677	IBD versus control, one biopsy per participant	expression_and_variance_matched_module_structure	735	1.5306033028310553	0.4256619732582412	1.7124211297115577
GSE193677	IBD versus control, one biopsy per participant	expression_and_variance_matched_module_structure	736	1.2753663507561726	0.2432334712643124	1.7124211297115577
GSE193677	IBD versus control, one biopsy per participant	expression_and_variance_matched_module_structure	737	0.6784432504157537	0.3879544429756579	1.7124211297115577
GSE193677	IBD versus control, one biopsy per participant	expression_and_variance_matched_module_structure	738	1.309235077529465	0.2694430563882091	1.7124211297115577
GSE193677	IBD versus control, one biopsy per participant	expression_and_variance_matched_module_structure	739	1.4650826326894224	0.3819116454445115	1.7124211297115577
GSE193677	IBD versus control, one biopsy per participant	expression_and_variance_matched_module_structure	740	1.127078340814016	0.1196287453427337	1.7124211297115577
GSE193677	IBD versus control, one biopsy per participant	expression_and_variance_matched_module_structure	741	1.866236720867643	0.6239239544367818	1.7124211297115577
GSE193677	IBD versus control, one biopsy per participant	expression_and_variance_matched_module_structure	742	1.1606415038179798	0.1489728727915134	1.7124211297115577
GSE193677	IBD versus control, one biopsy per participant	expression_and_variance_matched_module_structure	743	1.057649383037702	0.0560488825177098	1.7124211297115577
GSE193677	IBD versus control, one biopsy per participant	expression_and_variance_matched_module_structure	744	1.2934385605573704	0.2573042229131236	1.7124211297115577
GSE193677	IBD versus control, one biopsy per participant	expression_and_variance_matched_module_structure	745	1.027098042410733	0.0267373912494672	1.7124211297115577
GSE193677	IBD versus control, one biopsy per participant	expression_and_variance_matched_module_structure	746	1.1203334382348948	0.1136263537090956	1.7124211297115577
GSE193677	IBD versus control, one biopsy per participant	expression_and_variance_matched_module_structure	747	1.259208117584832	0.2304830452809593	1.7124211297115577
GSE193677	IBD versus control, one biopsy per participant	expression_and_variance_matched_module_structure	748	1.3251105220384305	0.2814958688187192	1.7124211297115577
GSE193677	IBD versus control, one biopsy per participant	expression_and_variance_matched_module_structure	749	1.3785936799153151	0.321063907036532	1.7124211297115577
GSE193677	IBD versus control, one biopsy per participant	expression_and_variance_matched_module_structure	750	1.0786441623120455	0.0757048471881667	1.7124211297115577
GSE193677	IBD versus control, one biopsy per participant	expression_and_variance_matched_module_structure	751	1.2062478303092814	0.1875145749621094	1.7124211297115577
GSE193677	IBD versus control, one biopsy per participant	expression_and_variance_matched_module_structure	752	1.3956653735153752	0.3333712718210887	1.7124211297115577
GSE193677	IBD versus control, one biopsy per participant	expression_and_variance_matched_module_structure	753	1.1825407102419605	0.1676652680572748	1.7124211297115577
GSE193677	IBD versus control, one biopsy per participant	expression_and_variance_matched_module_structure	754	0.9562694271046832	0.0447155781212911	1.7124211297115577
GSE193677	IBD versus control, one biopsy per participant	expression_and_variance_matched_module_structure	755	1.2657534205086785	0.2356675342214716	1.7124211297115577
GSE193677	IBD versus control, one biopsy per participant	expression_and_variance_matched_module_structure	756	1.9998213866099153	0.6930578698768226	1.7124211297115577
GSE193677	IBD versus control, one biopsy per participant	expression_and_variance_matched_module_structure	757	1.0348437856572854	0.0342504835939009	1.7124211297115577
GSE193677	IBD versus control, one biopsy per participant	expression_and_variance_matched_module_structure	758	1.1545184985903243	0.1436833727159419	1.7124211297115577
GSE193677	IBD versus control, one biopsy per participant	expression_and_variance_matched_module_structure	759	1.1694482356577376	0.156532044119573	1.7124211297115577
GSE193677	IBD versus control, one biopsy per participant	expression_and_variance_matched_module_structure	760	1.394813463156514	0.3327606881648842	1.7124211297115577
GSE193677	IBD versus control, one biopsy per participant	expression_and_variance_matched_module_structure	761	1.1368746491047634	0.1282829616412858	1.7124211297115577
GSE193677	IBD versus control, one biopsy per participant	expression_and_variance_matched_module_structure	762	1.058628356623591	0.0569740669936154	1.7124211297115577
GSE193677	IBD versus control, one biopsy per participant	expression_and_variance_matched_module_structure	763	1.2810551805675092	0.2476840981519584	1.7124211297115577
GSE193677	IBD versus control, one biopsy per participant	expression_and_variance_matched_module_structure	764	1.542004982407456	0.4330835062691576	1.7124211297115577
GSE193677	IBD versus control, one biopsy per participant	expression_and_variance_matched_module_structure	765	1.282281494725419	0.2486409090643025	1.7124211297115577
GSE193677	IBD versus control, one biopsy per participant	expression_and_variance_matched_module_structure	766	1.463742672095412	0.3809966296630567	1.7124211297115577
GSE193677	IBD versus control, one biopsy per participant	expression_and_variance_matched_module_structure	767	1.6975113009907026	0.5291632378604844	1.7124211297115577
GSE193677	IBD versus control, one biopsy per participant	expression_and_variance_matched_module_structure	768	1.0400360694621853	0.0392553947270467	1.7124211297115577
GSE193677	IBD versus control, one biopsy per participant	expression_and_variance_matched_module_structure	769	1.2945698528098226	0.258178479981737	1.7124211297115577
GSE193677	IBD versus control, one biopsy per participant	expression_and_variance_matched_module_structure	770	1.3294553717415094	0.2847693634365212	1.7124211297115577
GSE193677	IBD versus control, one biopsy per participant	expression_and_variance_matched_module_structure	771	1.078676084012638	0.0757344410332612	1.7124211297115577
GSE193677	IBD versus control, one biopsy per participant	expression_and_variance_matched_module_structure	772	0.9905686777666568	0.009476078784137	1.7124211297115577
GSE193677	IBD versus control, one biopsy per participant	expression_and_variance_matched_module_structure	773	1.431897601726247	0.3590005588072855	1.7124211297115577
GSE193677	IBD versus control, one biopsy per participant	expression_and_variance_matched_module_structure	774	1.0661812036340166	0.0640832959451947	1.7124211297115577
GSE193677	IBD versus control, one biopsy per participant	expression_and_variance_matched_module_structure	775	1.1404250920350418	0.1314010806510816	1.7124211297115577
GSE193677	IBD versus control, one biopsy per participant	expression_and_variance_matched_module_structure	776	1.2335130511844192	0.2098662375429086	1.7124211297115577
GSE193677	IBD versus control, one biopsy per participant	expression_and_variance_matched_module_structure	777	1.1345890156585312	0.1262704846176802	1.7124211297115577
GSE193677	IBD versus control, one biopsy per participant	expression_and_variance_matched_module_structure	778	1.1825965036161508	0.1677124478774338	1.7124211297115577
GSE193677	IBD versus control, one biopsy per participant	expression_and_variance_matched_module_structure	779	1.2473440637172846	0.2210165418062867	1.7124211297115577
GSE193677	IBD versus control, one biopsy per participant	expression_and_variance_matched_module_structure	780	1.4926198101486488	0.400532837869235	1.7124211297115577
GSE193677	IBD versus control, one biopsy per participant	expression_and_variance_matched_module_structure	781	0.858115280955049	0.1530168284322132	1.7124211297115577
GSE193677	IBD versus control, one biopsy per participant	expression_and_variance_matched_module_structure	782	1.2206221178691352	0.1993606614532979	1.7124211297115577
GSE193677	IBD versus control, one biopsy per participant	expression_and_variance_matched_module_structure	783	1.0675759351158811	0.0653905971887834	1.7124211297115577
GSE193677	IBD versus control, one biopsy per participant	expression_and_variance_matched_module_structure	784	1.100530573979892	0.0957924034975081	1.7124211297115577
GSE193677	IBD versus control, one biopsy per participant	expression_and_variance_matched_module_structure	785	1.1821344525820916	0.1673216625843093	1.7124211297115577
GSE193677	IBD versus control, one biopsy per participant	expression_and_variance_matched_module_structure	786	1.153106121803859	0.1424592767773363	1.7124211297115577
GSE193677	IBD versus control, one biopsy per participant	expression_and_variance_matched_module_structure	787	1.439509061020457	0.3643021256112116	1.7124211297115577
GSE193677	IBD versus control, one biopsy per participant	expression_and_variance_matched_module_structure	788	0.9659418216584854	0.0346516726096916	1.7124211297115577
GSE193677	IBD versus control, one biopsy per participant	expression_and_variance_matched_module_structure	789	1.199788524825154	0.1821453119513731	1.7124211297115577
GSE193677	IBD versus control, one biopsy per participant	expression_and_variance_matched_module_structure	790	0.8915993808523546	0.1147383718937749	1.7124211297115577
GSE193677	IBD versus control, one biopsy per participant	expression_and_variance_matched_module_structure	791	1.4419146718184646	0.3659718636157265	1.7124211297115577
GSE193677	IBD versus control, one biopsy per participant	expression_and_variance_matched_module_structure	792	1.1838641040774898	0.1687837529128548	1.7124211297115577
GSE193677	IBD versus control, one biopsy per participant	expression_and_variance_matched_module_structure	793	1.233096711343425	0.2095286569079229	1.7124211297115577
GSE193677	IBD versus control, one biopsy per participant	expression_and_variance_matched_module_structure	794	1.2501755883522156	0.2232840121308998	1.7124211297115577
GSE193677	IBD versus control, one biopsy per participant	expression_and_variance_matched_module_structure	795	1.0603856621442391	0.0586326741646328	1.7124211297115577
GSE193677	IBD versus control, one biopsy per participant	expression_and_variance_matched_module_structure	796	0.860502568685602	0.1502386782268031	1.7124211297115577
GSE193677	IBD versus control, one biopsy per participant	expression_and_variance_matched_module_structure	797	1.2971437491174955	0.2601647312032985	1.7124211297115577
GSE193677	IBD versus control, one biopsy per participant	expression_and_variance_matched_module_structure	798	1.483465371848094	0.3943808182775155	1.7124211297115577
GSE193677	IBD versus control, one biopsy per participant	expression_and_variance_matched_module_structure	799	1.1840050505216544	0.1689028020960052	1.7124211297115577
GSE193677	IBD versus control, one biopsy per participant	expression_and_variance_matched_module_structure	800	1.24272495805711	0.217306515362835	1.7124211297115577
GSE193677	IBD versus control, one biopsy per participant	expression_and_variance_matched_module_structure	801	1.3367869296225994	0.2902689208893387	1.7124211297115577
GSE193677	IBD versus control, one biopsy per participant	expression_and_variance_matched_module_structure	802	1.1720170864173365	0.158726269902933	1.7124211297115577
GSE193677	IBD versus control, one biopsy per participant	expression_and_variance_matched_module_structure	803	1.00567503908961	0.0056589967207057	1.7124211297115577
GSE193677	IBD versus control, one biopsy per participant	expression_and_variance_matched_module_structure	804	1.2917419634896057	0.2559916667526865	1.7124211297115577
GSE193677	IBD versus control, one biopsy per participant	expression_and_variance_matched_module_structure	805	0.932308707374654	0.0700912880527677	1.7124211297115577
GSE193677	IBD versus control, one biopsy per participant	expression_and_variance_matched_module_structure	806	1.250336367652906	0.2234126092372051	1.7124211297115577
GSE193677	IBD versus control, one biopsy per participant	expression_and_variance_matched_module_structure	807	0.9499251481853008	0.0513720888756484	1.7124211297115577
GSE193677	IBD versus control, one biopsy per participant	expression_and_variance_matched_module_structure	808	2.0995096250474887	0.7417038055790844	1.7124211297115577
GSE193677	IBD versus control, one biopsy per participant	expression_and_variance_matched_module_structure	809	1.3638910798514905	0.3103417027514992	1.7124211297115577
GSE193677	IBD versus control, one biopsy per participant	expression_and_variance_matched_module_structure	810	1.2130276032873089	0.1931193859167692	1.7124211297115577
GSE193677	IBD versus control, one biopsy per participant	expression_and_variance_matched_module_structure	811	1.1548489392480874	0.1439695468903968	1.7124211297115577
GSE193677	IBD versus control, one biopsy per participant	expression_and_variance_matched_module_structure	812	1.077432924832615	0.0745812903227165	1.7124211297115577
GSE193677	IBD versus control, one biopsy per participant	expression_and_variance_matched_module_structure	813	1.269277923856417	0.2384481748841731	1.7124211297115577
GSE193677	IBD versus control, one biopsy per participant	expression_and_variance_matched_module_structure	814	1.3491096243088443	0.2994448373107667	1.7124211297115577
GSE193677	IBD versus control, one biopsy per participant	expression_and_variance_matched_module_structure	815	1.115907526474724	0.1096679989441201	1.7124211297115577
GSE193677	IBD versus control, one biopsy per participant	expression_and_variance_matched_module_structure	816	1.1280302762052157	0.1204729933231252	1.7124211297115577
GSE193677	IBD versus control, one biopsy per participant	expression_and_variance_matched_module_structure	817	1.2277048810733324	0.2051464759834544	1.7124211297115577
GSE193677	IBD versus control, one biopsy per participant	expression_and_variance_matched_module_structure	818	1.1649056296650249	0.1526400791572379	1.7124211297115577
GSE193677	IBD versus control, one biopsy per participant	expression_and_variance_matched_module_structure	819	1.2539223586137789	0.2262765253128798	1.7124211297115577
GSE193677	IBD versus control, one biopsy per participant	expression_and_variance_matched_module_structure	820	1.4531881191846376	0.3737598457084763	1.7124211297115577
GSE193677	IBD versus control, one biopsy per participant	expression_and_variance_matched_module_structure	821	0.8259651254931036	0.1912027273051475	1.7124211297115577
GSE193677	IBD versus control, one biopsy per participant	expression_and_variance_matched_module_structure	822	1.1011954326912854	0.0963963467035089	1.7124211297115577
GSE193677	IBD versus control, one biopsy per participant	expression_and_variance_matched_module_structure	823	1.5687020748300964	0.4502485735221971	1.7124211297115577
GSE193677	IBD versus control, one biopsy per participant	expression_and_variance_matched_module_structure	824	1.2176744829663906	0.1969428782044148	1.7124211297115577
GSE193677	IBD versus control, one biopsy per participant	expression_and_variance_matched_module_structure	825	1.066458893264756	0.0643437145997184	1.7124211297115577
GSE193677	IBD versus control, one biopsy per participant	expression_and_variance_matched_module_structure	826	1.3784045764568136	0.3209267263485419	1.7124211297115577
GSE193677	IBD versus control, one biopsy per participant	expression_and_variance_matched_module_structure	827	0.9708060711989632	0.0296285513390241	1.7124211297115577
GSE193677	IBD versus control, one biopsy per participant	expression_and_variance_matched_module_structure	828	1.257594625919497	0.2292008694008318	1.7124211297115577
GSE193677	IBD versus control, one biopsy per participant	expression_and_variance_matched_module_structure	829	0.7797092064835197	0.2488342410108609	1.7124211297115577
GSE193677	IBD versus control, one biopsy per participant	expression_and_variance_matched_module_structure	830	1.1171937534612422	0.1108199638283933	1.7124211297115577
GSE193677	IBD versus control, one biopsy per participant	expression_and_variance_matched_module_structure	831	1.5210087396335406	0.4193737592393068	1.7124211297115577
GSE193677	IBD versus control, one biopsy per participant	expression_and_variance_matched_module_structure	832	1.2583248061740606	0.229781317459502	1.7124211297115577
GSE193677	IBD versus control, one biopsy per participant	expression_and_variance_matched_module_structure	833	1.3392716630148802	0.2921259311305677	1.7124211297115577
GSE193677	IBD versus control, one biopsy per participant	expression_and_variance_matched_module_structure	834	0.7761747008594172	0.2533776541633922	1.7124211297115577
GSE193677	IBD versus control, one biopsy per participant	expression_and_variance_matched_module_structure	835	1.2149395442874051	0.194694317766408	1.7124211297115577
GSE193677	IBD versus control, one biopsy per participant	expression_and_variance_matched_module_structure	836	1.681145343670984	0.5194753133128251	1.7124211297115577
GSE193677	IBD versus control, one biopsy per participant	expression_and_variance_matched_module_structure	837	1.3703273685330053	0.3150496664283834	1.7124211297115577
GSE193677	IBD versus control, one biopsy per participant	expression_and_variance_matched_module_structure	838	1.0644832811506446	0.0624894994043342	1.7124211297115577
GSE193677	IBD versus control, one biopsy per participant	expression_and_variance_matched_module_structure	839	1.0522304628697297	0.0509121614918781	1.7124211297115577
GSE193677	IBD versus control, one biopsy per participant	expression_and_variance_matched_module_structure	840	1.3646079452701618	0.31086716779918	1.7124211297115577
GSE193677	IBD versus control, one biopsy per participant	expression_and_variance_matched_module_structure	841	1.2348739599911236	0.2109689081844531	1.7124211297115577
GSE193677	IBD versus control, one biopsy per participant	expression_and_variance_matched_module_structure	842	1.013904325036414	0.0138085467098906	1.7124211297115577
GSE193677	IBD versus control, one biopsy per participant	expression_and_variance_matched_module_structure	843	1.1594018651814644	0.1479042386693675	1.7124211297115577
GSE193677	IBD versus control, one biopsy per participant	expression_and_variance_matched_module_structure	844	1.436874220243951	0.3624700738602255	1.7124211297115577
GSE193677	IBD versus control, one biopsy per participant	expression_and_variance_matched_module_structure	845	1.1547360575484915	0.1438717962556792	1.7124211297115577
GSE193677	IBD versus control, one biopsy per participant	expression_and_variance_matched_module_structure	846	1.1502669197557045	0.1399940195785563	1.7124211297115577
GSE193677	IBD versus control, one biopsy per participant	expression_and_variance_matched_module_structure	847	1.267580958514884	0.2371103270390031	1.7124211297115577
GSE193677	IBD versus control, one biopsy per participant	expression_and_variance_matched_module_structure	848	0.7648619639648777	0.2680599006983211	1.7124211297115577
GSE193677	IBD versus control, one biopsy per participant	expression_and_variance_matched_module_structure	849	1.564634818219286	0.4476524537725334	1.7124211297115577
GSE193677	IBD versus control, one biopsy per participant	expression_and_variance_matched_module_structure	850	1.083500057050087	0.0801965946477935	1.7124211297115577
GSE193677	IBD versus control, one biopsy per participant	expression_and_variance_matched_module_structure	851	0.7621121320505357	0.2716615791997513	1.7124211297115577
GSE193677	IBD versus control, one biopsy per participant	expression_and_variance_matched_module_structure	852	0.8495880039358668	0.1630037482553198	1.7124211297115577
GSE193677	IBD versus control, one biopsy per participant	expression_and_variance_matched_module_structure	853	1.2057336363539035	0.1870882085324546	1.7124211297115577
GSE193677	IBD versus control, one biopsy per participant	expression_and_variance_matched_module_structure	854	1.1632150187306922	0.1511877392772893	1.7124211297115577
GSE193677	IBD versus control, one biopsy per participant	expression_and_variance_matched_module_structure	855	1.045035659795449	0.0440510090407284	1.7124211297115577
GSE193677	IBD versus control, one biopsy per participant	expression_and_variance_matched_module_structure	856	1.4450524025573357	0.3681455856524063	1.7124211297115577
GSE193677	IBD versus control, one biopsy per participant	expression_and_variance_matched_module_structure	857	1.0191500600783214	0.0189690054970402	1.7124211297115577
GSE193677	IBD versus control, one biopsy per participant	expression_and_variance_matched_module_structure	858	1.0135096073089802	0.0134191662029073	1.7124211297115577
GSE193677	IBD versus control, one biopsy per participant	expression_and_variance_matched_module_structure	859	1.032120809362309	0.0316157235435644	1.7124211297115577
GSE193677	IBD versus control, one biopsy per participant	expression_and_variance_matched_module_structure	860	1.4640969086038615	0.3812386077499118	1.7124211297115577
GSE193677	IBD versus control, one biopsy per participant	expression_and_variance_matched_module_structure	861	1.0812283926003248	0.0780977953420318	1.7124211297115577
GSE193677	IBD versus control, one biopsy per participant	expression_and_variance_matched_module_structure	862	1.3080986228818072	0.2685746499493215	1.7124211297115577
GSE193677	IBD versus control, one biopsy per participant	expression_and_variance_matched_module_structure	863	1.5052466322010307	0.4089567599913942	1.7124211297115577
GSE193677	IBD versus control, one biopsy per participant	expression_and_variance_matched_module_structure	864	1.2423382498027646	0.2169952892690731	1.7124211297115577
GSE193677	IBD versus control, one biopsy per participant	expression_and_variance_matched_module_structure	865	1.5689048446789968	0.4503778247983349	1.7124211297115577
GSE193677	IBD versus control, one biopsy per participant	expression_and_variance_matched_module_structure	866	1.0116517477780724	0.0115843888925131	1.7124211297115577
GSE193677	IBD versus control, one biopsy per participant	expression_and_variance_matched_module_structure	867	1.3606077835109145	0.307931499558436	1.7124211297115577
GSE193677	IBD versus control, one biopsy per participant	expression_and_variance_matched_module_structure	868	1.3089675218680403	0.2692386752128046	1.7124211297115577
GSE193677	IBD versus control, one biopsy per participant	expression_and_variance_matched_module_structure	869	0.9923135361877876	0.0077161569297599	1.7124211297115577
GSE193677	IBD versus control, one biopsy per participant	expression_and_variance_matched_module_structure	870	1.1498396239760844	0.1396224752379691	1.7124211297115577
GSE193677	IBD versus control, one biopsy per participant	expression_and_variance_matched_module_structure	871	1.0739037886090108	0.0713004097732041	1.7124211297115577
GSE193677	IBD versus control, one biopsy per participant	expression_and_variance_matched_module_structure	872	1.2032411969853911	0.1850189131430633	1.7124211297115577
GSE193677	IBD versus control, one biopsy per participant	expression_and_variance_matched_module_structure	873	0.9274209456209735	0.0753477219649906	1.7124211297115577
GSE193677	IBD versus control, one biopsy per participant	expression_and_variance_matched_module_structure	874	0.8822273252676269	0.1253055177855108	1.7124211297115577
GSE193677	IBD versus control, one biopsy per participant	expression_and_variance_matched_module_structure	875	0.8446066633317716	0.1688842471790886	1.7124211297115577
GSE193677	IBD versus control, one biopsy per participant	expression_and_variance_matched_module_structure	876	1.817476623942302	0.5974490686879712	1.7124211297115577
GSE193677	IBD versus control, one biopsy per participant	expression_and_variance_matched_module_structure	877	0.7631411220496069	0.2703123079853949	1.7124211297115577
GSE193677	IBD versus control, one biopsy per participant	expression_and_variance_matched_module_structure	878	1.0370702734484016	0.0363996930539769	1.7124211297115577
GSE193677	IBD versus control, one biopsy per participant	expression_and_variance_matched_module_structure	879	1.3224216203441357	0.2794646167135753	1.7124211297115577
GSE193677	IBD versus control, one biopsy per participant	expression_and_variance_matched_module_structure	880	1.165310555820702	0.152987623013705	1.7124211297115577
GSE193677	IBD versus control, one biopsy per participant	expression_and_variance_matched_module_structure	881	1.2217795667818443	0.200308457228767	1.7124211297115577
GSE193677	IBD versus control, one biopsy per participant	expression_and_variance_matched_module_structure	882	1.0498244873180065	0.0486229952622568	1.7124211297115577
GSE193677	IBD versus control, one biopsy per participant	expression_and_variance_matched_module_structure	883	1.2148650076850354	0.1946329658339387	1.7124211297115577
GSE193677	IBD versus control, one biopsy per participant	expression_and_variance_matched_module_structure	884	1.5500059038131009	0.4382587398355793	1.7124211297115577
GSE193677	IBD versus control, one biopsy per participant	expression_and_variance_matched_module_structure	885	1.3446532722349651	0.2961361896603304	1.7124211297115577
GSE193677	IBD versus control, one biopsy per participant	expression_and_variance_matched_module_structure	886	1.3630121323441011	0.3096970538810171	1.7124211297115577
GSE193677	IBD versus control, one biopsy per participant	expression_and_variance_matched_module_structure	887	1.0948284383626443	0.0905976736989061	1.7124211297115577
GSE193677	IBD versus control, one biopsy per participant	expression_and_variance_matched_module_structure	888	1.1110035143651604	0.1052636738974587	1.7124211297115577
GSE193677	IBD versus control, one biopsy per participant	expression_and_variance_matched_module_structure	889	0.9931867510773886	0.0068365650692089	1.7124211297115577
GSE193677	IBD versus control, one biopsy per participant	expression_and_variance_matched_module_structure	890	1.174375888135632	0.1607368474476862	1.7124211297115577
GSE193677	IBD versus control, one biopsy per participant	expression_and_variance_matched_module_structure	891	1.0776028221309104	0.0747389650145507	1.7124211297115577
GSE193677	IBD versus control, one biopsy per participant	expression_and_variance_matched_module_structure	892	1.077023260058724	0.074200995024347	1.7124211297115577
GSE193677	IBD versus control, one biopsy per participant	expression_and_variance_matched_module_structure	893	1.025824110878924	0.0254963001605643	1.7124211297115577
GSE193677	IBD versus control, one biopsy per participant	expression_and_variance_matched_module_structure	894	1.160232008820461	0.1486199927232647	1.7124211297115577
GSE193677	IBD versus control, one biopsy per participant	expression_and_variance_matched_module_structure	895	1.3732059514137698	0.3171481165664984	1.7124211297115577
GSE193677	IBD versus control, one biopsy per participant	expression_and_variance_matched_module_structure	896	1.23714033098071	0.2128025315844943	1.7124211297115577
GSE193677	IBD versus control, one biopsy per participant	expression_and_variance_matched_module_structure	897	1.024018169910527	0.0237342705131412	1.7124211297115577
GSE193677	IBD versus control, one biopsy per participant	expression_and_variance_matched_module_structure	898	1.03059654313137	0.0301378026771453	1.7124211297115577
GSE193677	IBD versus control, one biopsy per participant	expression_and_variance_matched_module_structure	899	1.0808200556873004	0.0777200638270855	1.7124211297115577
GSE193677	IBD versus control, one biopsy per participant	expression_and_variance_matched_module_structure	900	1.147949158278604	0.1379770097029075	1.7124211297115577
GSE193677	IBD versus control, one biopsy per participant	expression_and_variance_matched_module_structure	901	0.7281495630940391	0.3172488080756475	1.7124211297115577
GSE193677	IBD versus control, one biopsy per participant	expression_and_variance_matched_module_structure	902	1.3134120983567945	0.2726284062115197	1.7124211297115577
GSE193677	IBD versus control, one biopsy per participant	expression_and_variance_matched_module_structure	903	1.324928213549492	0.2813582795172665	1.7124211297115577
GSE193677	IBD versus control, one biopsy per participant	expression_and_variance_matched_module_structure	904	1.0925669927005472	0.0885299666572801	1.7124211297115577
GSE193677	IBD versus control, one biopsy per participant	expression_and_variance_matched_module_structure	905	1.227229649984489	0.2047593120173547	1.7124211297115577
GSE193677	IBD versus control, one biopsy per participant	expression_and_variance_matched_module_structure	906	0.7021673344369274	0.3535835352177269	1.7124211297115577
GSE193677	IBD versus control, one biopsy per participant	expression_and_variance_matched_module_structure	907	1.050858732153535	0.0496076700666325	1.7124211297115577
GSE193677	IBD versus control, one biopsy per participant	expression_and_variance_matched_module_structure	908	1.348723072268449	0.2991582724370208	1.7124211297115577
GSE193677	IBD versus control, one biopsy per participant	expression_and_variance_matched_module_structure	909	1.0501732600932403	0.0489551601694531	1.7124211297115577
GSE193677	IBD versus control, one biopsy per participant	expression_and_variance_matched_module_structure	910	1.3203597568796797	0.2779042425558245	1.7124211297115577
GSE193677	IBD versus control, one biopsy per participant	expression_and_variance_matched_module_structure	911	1.458742633023389	0.3775748544076855	1.7124211297115577
GSE193677	IBD versus control, one biopsy per participant	expression_and_variance_matched_module_structure	912	1.0678572584113717	0.0656540784327487	1.7124211297115577
GSE193677	IBD versus control, one biopsy per participant	expression_and_variance_matched_module_structure	913	1.4004367234339512	0.336784133286356	1.7124211297115577
GSE193677	IBD versus control, one biopsy per participant	expression_and_variance_matched_module_structure	914	0.8103058226976312	0.210343543687109	1.7124211297115577
GSE193677	IBD versus control, one biopsy per participant	expression_and_variance_matched_module_structure	915	1.1329977773893944	0.1248670203399684	1.7124211297115577
GSE193677	IBD versus control, one biopsy per participant	expression_and_variance_matched_module_structure	916	1.1690359703832367	0.1561794522331647	1.7124211297115577
GSE193677	IBD versus control, one biopsy per participant	expression_and_variance_matched_module_structure	917	1.09190147066695	0.0879206449249241	1.7124211297115577
GSE193677	IBD versus control, one biopsy per participant	expression_and_variance_matched_module_structure	918	1.1257111862402809	0.1184150014708318	1.7124211297115577
GSE193677	IBD versus control, one biopsy per participant	expression_and_variance_matched_module_structure	919	1.1427781038351437	0.1334622310886694	1.7124211297115577
GSE193677	IBD versus control, one biopsy per participant	expression_and_variance_matched_module_structure	920	1.17225884850004	0.158932527263647	1.7124211297115577
GSE193677	IBD versus control, one biopsy per participant	expression_and_variance_matched_module_structure	921	1.4351011221107444	0.3612353150986622	1.7124211297115577
GSE193677	IBD versus control, one biopsy per participant	expression_and_variance_matched_module_structure	922	1.2665510944008198	0.2362975326389825	1.7124211297115577
GSE193677	IBD versus control, one biopsy per participant	expression_and_variance_matched_module_structure	923	0.9216533220907448	0.0815861325428485	1.7124211297115577
GSE193677	IBD versus control, one biopsy per participant	expression_and_variance_matched_module_structure	924	1.6352011163770157	0.4917658037429004	1.7124211297115577
GSE193677	IBD versus control, one biopsy per participant	expression_and_variance_matched_module_structure	925	1.0979377665845105	0.0934336625962492	1.7124211297115577
GSE193677	IBD versus control, one biopsy per participant	expression_and_variance_matched_module_structure	926	1.1080287022761943	0.102582492570977	1.7124211297115577
GSE193677	IBD versus control, one biopsy per participant	expression_and_variance_matched_module_structure	927	0.7804285993003783	0.2479120239282703	1.7124211297115577
GSE193677	IBD versus control, one biopsy per participant	expression_and_variance_matched_module_structure	928	1.0891211627724036	0.0853710983425435	1.7124211297115577
GSE193677	IBD versus control, one biopsy per participant	expression_and_variance_matched_module_structure	929	1.118130350528425	0.1116579605379718	1.7124211297115577
GSE193677	IBD versus control, one biopsy per participant	expression_and_variance_matched_module_structure	930	1.2797161996234976	0.2466383343040822	1.7124211297115577
GSE193677	IBD versus control, one biopsy per participant	expression_and_variance_matched_module_structure	931	0.9640847544634106	0.0365760686684368	1.7124211297115577
GSE193677	IBD versus control, one biopsy per participant	expression_and_variance_matched_module_structure	932	1.0468733540913528	0.0458079638188132	1.7124211297115577
GSE193677	IBD versus control, one biopsy per participant	expression_and_variance_matched_module_structure	933	1.3325307847861023	0.2870799798199615	1.7124211297115577
GSE193677	IBD versus control, one biopsy per participant	expression_and_variance_matched_module_structure	934	1.328025784992584	0.2836934672758244	1.7124211297115577
GSE193677	IBD versus control, one biopsy per participant	expression_and_variance_matched_module_structure	935	1.3263333795941186	0.2824182776553834	1.7124211297115577
GSE193677	IBD versus control, one biopsy per participant	expression_and_variance_matched_module_structure	936	1.2255511310668312	0.2033906457324193	1.7124211297115577
GSE193677	IBD versus control, one biopsy per participant	expression_and_variance_matched_module_structure	937	0.9672070102730772	0.0333427317000901	1.7124211297115577
GSE193677	IBD versus control, one biopsy per participant	expression_and_variance_matched_module_structure	938	1.2297570483873788	0.2068166282380811	1.7124211297115577
GSE193677	IBD versus control, one biopsy per participant	expression_and_variance_matched_module_structure	939	0.9608838252359134	0.0399017667723069	1.7124211297115577
GSE193677	IBD versus control, one biopsy per participant	expression_and_variance_matched_module_structure	940	0.8427241870666949	0.1711155547447163	1.7124211297115577
GSE193677	IBD versus control, one biopsy per participant	expression_and_variance_matched_module_structure	941	1.013299412976809	0.0132117521537087	1.7124211297115577
GSE193677	IBD versus control, one biopsy per participant	expression_and_variance_matched_module_structure	942	1.0943672203808743	0.0901763153002157	1.7124211297115577
GSE193677	IBD versus control, one biopsy per participant	expression_and_variance_matched_module_structure	943	1.1891145075105614	0.1732089187995201	1.7124211297115577
GSE193677	IBD versus control, one biopsy per participant	expression_and_variance_matched_module_structure	944	0.8566934882103464	0.1546750810561469	1.7124211297115577
GSE193677	IBD versus control, one biopsy per participant	expression_and_variance_matched_module_structure	945	1.402907945784513	0.3385471865547012	1.7124211297115577
GSE193677	IBD versus control, one biopsy per participant	expression_and_variance_matched_module_structure	946	1.108133784749914	0.1026773253952068	1.7124211297115577
GSE193677	IBD versus control, one biopsy per participant	expression_and_variance_matched_module_structure	947	1.3675158340324025	0.3129958340640786	1.7124211297115577
GSE193677	IBD versus control, one biopsy per participant	expression_and_variance_matched_module_structure	948	1.5514294193706082	0.4391767120059673	1.7124211297115577
GSE193677	IBD versus control, one biopsy per participant	expression_and_variance_matched_module_structure	949	1.151745465487437	0.1412785877629196	1.7124211297115577
GSE193677	IBD versus control, one biopsy per participant	expression_and_variance_matched_module_structure	950	1.5265252225629935	0.4229940561895974	1.7124211297115577
GSE193677	IBD versus control, one biopsy per participant	expression_and_variance_matched_module_structure	951	1.0016160561060217	0.0016147516925006	1.7124211297115577
GSE193677	IBD versus control, one biopsy per participant	expression_and_variance_matched_module_structure	952	1.721915754721343	0.5434374818827243	1.7124211297115577
GSE193677	IBD versus control, one biopsy per participant	expression_and_variance_matched_module_structure	953	1.2395868496336724	0.2147781383189348	1.7124211297115577
GSE193677	IBD versus control, one biopsy per participant	expression_and_variance_matched_module_structure	954	1.135850373549917	0.1273815981996159	1.7124211297115577
GSE193677	IBD versus control, one biopsy per participant	expression_and_variance_matched_module_structure	955	0.9777643133349776	0.022486626399736	1.7124211297115577
GSE193677	IBD versus control, one biopsy per participant	expression_and_variance_matched_module_structure	956	1.1026602700156611	0.097725687402441	1.7124211297115577
GSE193677	IBD versus control, one biopsy per participant	expression_and_variance_matched_module_structure	957	1.5280079487643938	0.4239648928017364	1.7124211297115577
GSE193677	IBD versus control, one biopsy per participant	expression_and_variance_matched_module_structure	958	1.422663289317515	0.3525306708118186	1.7124211297115577
GSE193677	IBD versus control, one biopsy per participant	expression_and_variance_matched_module_structure	959	1.3627471700564109	0.3095026403183143	1.7124211297115577
GSE193677	IBD versus control, one biopsy per participant	expression_and_variance_matched_module_structure	960	1.220010841921553	0.1988597455266226	1.7124211297115577
GSE193677	IBD versus control, one biopsy per participant	expression_and_variance_matched_module_structure	961	0.8753458716431102	0.1331361888499826	1.7124211297115577
GSE193677	IBD versus control, one biopsy per participant	expression_and_variance_matched_module_structure	962	1.1599003727535484	0.1483341158726117	1.7124211297115577
GSE193677	IBD versus control, one biopsy per participant	expression_and_variance_matched_module_structure	963	1.069026737305642	0.0667486432414839	1.7124211297115577
GSE193677	IBD versus control, one biopsy per participant	expression_and_variance_matched_module_structure	964	1.1283603866079512	0.120765593722986	1.7124211297115577
GSE193677	IBD versus control, one biopsy per participant	expression_and_variance_matched_module_structure	965	1.5820542325516838	0.4587241497640031	1.7124211297115577
GSE193677	IBD versus control, one biopsy per participant	expression_and_variance_matched_module_structure	966	1.6097998789556227	0.4761098724853099	1.7124211297115577
GSE193677	IBD versus control, one biopsy per participant	expression_and_variance_matched_module_structure	967	1.4259675195790793	0.3548505444389244	1.7124211297115577
GSE193677	IBD versus control, one biopsy per participant	expression_and_variance_matched_module_structure	968	1.234146522859347	0.2103796565699948	1.7124211297115577
GSE193677	IBD versus control, one biopsy per participant	expression_and_variance_matched_module_structure	969	1.656243207039296	0.5045519093337482	1.7124211297115577
GSE193677	IBD versus control, one biopsy per participant	expression_and_variance_matched_module_structure	970	1.2403485008000652	0.2153923891623752	1.7124211297115577
GSE193677	IBD versus control, one biopsy per participant	expression_and_variance_matched_module_structure	971	1.367306902489769	0.3128430405829877	1.7124211297115577
GSE193677	IBD versus control, one biopsy per participant	expression_and_variance_matched_module_structure	972	1.25157451222595	0.2244023684521139	1.7124211297115577
GSE193677	IBD versus control, one biopsy per participant	expression_and_variance_matched_module_structure	973	1.1690482547427377	0.1561899602887506	1.7124211297115577
GSE193677	IBD versus control, one biopsy per participant	expression_and_variance_matched_module_structure	974	1.6849859046217996	0.521757198559722	1.7124211297115577
GSE193677	IBD versus control, one biopsy per participant	expression_and_variance_matched_module_structure	975	1.235294069331422	0.2113090545545478	1.7124211297115577
GSE193677	IBD versus control, one biopsy per participant	expression_and_variance_matched_module_structure	976	0.985072093015053	0.0150404496101433	1.7124211297115577
GSE193677	IBD versus control, one biopsy per participant	expression_and_variance_matched_module_structure	977	1.6717853757224788	0.5138921426208267	1.7124211297115577
GSE193677	IBD versus control, one biopsy per participant	expression_and_variance_matched_module_structure	978	1.0770656352996495	0.0742403390282296	1.7124211297115577
GSE193677	IBD versus control, one biopsy per participant	expression_and_variance_matched_module_structure	979	1.222455353973759	0.2008614214331451	1.7124211297115577
GSE193677	IBD versus control, one biopsy per participant	expression_and_variance_matched_module_structure	980	1.1038026651453037	0.0987611865386526	1.7124211297115577
GSE193677	IBD versus control, one biopsy per participant	expression_and_variance_matched_module_structure	981	0.9633185550354902	0.0373711274550488	1.7124211297115577
GSE193677	IBD versus control, one biopsy per participant	expression_and_variance_matched_module_structure	982	1.1820499123156258	0.1672501450937472	1.7124211297115577
GSE193677	IBD versus control, one biopsy per participant	expression_and_variance_matched_module_structure	983	1.1207879969843606	0.1140320066545859	1.7124211297115577
GSE193677	IBD versus control, one biopsy per participant	expression_and_variance_matched_module_structure	984	0.8155266258466556	0.2039212077340644	1.7124211297115577
GSE193677	IBD versus control, one biopsy per participant	expression_and_variance_matched_module_structure	985	1.6727952391605725	0.5144960230979716	1.7124211297115577
GSE193677	IBD versus control, one biopsy per participant	expression_and_variance_matched_module_structure	986	1.516327792123929	0.4162914855652648	1.7124211297115577
GSE193677	IBD versus control, one biopsy per participant	expression_and_variance_matched_module_structure	987	1.0894715061828486	0.0856927219470451	1.7124211297115577
GSE193677	IBD versus control, one biopsy per participant	expression_and_variance_matched_module_structure	988	1.4342022998586608	0.3606088060479974	1.7124211297115577
GSE193677	IBD versus control, one biopsy per participant	expression_and_variance_matched_module_structure	989	1.440543941673286	0.3650207795362616	1.7124211297115577
GSE193677	IBD versus control, one biopsy per participant	expression_and_variance_matched_module_structure	990	1.3268651781059368	0.2828191511726681	1.7124211297115577
GSE193677	IBD versus control, one biopsy per participant	expression_and_variance_matched_module_structure	991	1.2716837813475548	0.2403418344424027	1.7124211297115577
GSE193677	IBD versus control, one biopsy per participant	expression_and_variance_matched_module_structure	992	1.0065043921856518	0.0064833299090041	1.7124211297115577
GSE193677	IBD versus control, one biopsy per participant	expression_and_variance_matched_module_structure	993	1.3933961987351775	0.3317440755601944	1.7124211297115577
GSE193677	IBD versus control, one biopsy per participant	expression_and_variance_matched_module_structure	994	1.554517983290115	0.4411655189863374	1.7124211297115577
GSE193677	IBD versus control, one biopsy per participant	expression_and_variance_matched_module_structure	995	1.112268475347517	0.1064016013527654	1.7124211297115577
GSE193677	IBD versus control, one biopsy per participant	expression_and_variance_matched_module_structure	996	1.64604873919423	0.4983777125055729	1.7124211297115577
GSE193677	IBD versus control, one biopsy per participant	expression_and_variance_matched_module_structure	997	1.0669797076713632	0.0648319540238335	1.7124211297115577
GSE193677	IBD versus control, one biopsy per participant	expression_and_variance_matched_module_structure	998	1.074621775375452	0.0719687628104716	1.7124211297115577
GSE193677	IBD versus control, one biopsy per participant	expression_and_variance_matched_module_structure	999	1.0989776569477072	0.0943803448669648	1.7124211297115577
GSE193677	IBD versus control, one biopsy per participant	expression_and_variance_matched_module_structure	1000	0.9320885882746132	0.0703274170168863	1.7124211297115577
