sample_id	dataset_id	axis_score	upstream_score	mmp_score	junction_score	scoring_method	qc_flags
CCFA_Risk_001	GSE57945	0.019445	0.270634	-0.135706	-0.0765934	signed_within_dataset_zscore_mean	ok
CCFA_Risk_002	GSE57945	1.30792	0.743889	3.02416	0.155714	signed_within_dataset_zscore_mean	ok
CCFA_Risk_003	GSE57945	0.806261	0.73342	1.15823	0.527129	signed_within_dataset_zscore_mean	ok
CCFA_Risk_004	GSE57945	-0.833921	-0.454074	-0.884279	-1.16341	signed_within_dataset_zscore_mean	ok
CCFA_Risk_005	GSE57945	1.0331	0.454819	2.18069	0.463777	signed_within_dataset_zscore_mean	ok
CCFA_Risk_006	GSE57945	0.0443484	-0.0853762	-0.0613608	0.279782	signed_within_dataset_zscore_mean	ok
CCFA_Risk_007	GSE57945	0.240907	-0.484793	0.62715	0.580364	signed_within_dataset_zscore_mean	ok
CCFA_Risk_008	GSE57945	-0.636534	-0.29692	-0.87516	-0.737522	signed_within_dataset_zscore_mean	ok
CCFA_Risk_009	GSE57945	0.425969	0.359836	0.411358	0.506714	signed_within_dataset_zscore_mean	ok
CCFA_Risk_010	GSE57945	-0.571239	0.0602534	-0.716768	-1.0572	signed_within_dataset_zscore_mean	ok
CCFA_Risk_011	GSE57945	-0.748081	-0.784942	-0.892316	-0.566985	signed_within_dataset_zscore_mean	ok
CCFA_Risk_012	GSE57945	-0.659096	-0.562269	-0.655153	-0.759865	signed_within_dataset_zscore_mean	ok
CCFA_Risk_013	GSE57945	-0.656401	-0.0706452	-0.84123	-1.05733	signed_within_dataset_zscore_mean	ok
CCFA_Risk_014	GSE57945	-0.758508	-1.03071	-0.808577	-0.436235	signed_within_dataset_zscore_mean	ok
CCFA_Risk_015	GSE57945	-0.68935	0.0645558	-0.62215	-1.51046	signed_within_dataset_zscore_mean	ok
CCFA_Risk_016	GSE57945	-0.0840746	0.199836	-0.400786	-0.0512734	signed_within_dataset_zscore_mean	ok
CCFA_Risk_017	GSE57945	0.53836	-0.275921	1.3728	0.518197	signed_within_dataset_zscore_mean	ok
CCFA_Risk_018	GSE57945	-0.463884	-0.196518	-0.420682	-0.774452	signed_within_dataset_zscore_mean	ok
CCFA_Risk_019	GSE57945	-0.559151	-0.858266	-0.499074	-0.320112	signed_within_dataset_zscore_mean	ok
CCFA_Risk_020	GSE57945	-0.667886	0.172213	-1.00549	-1.17038	signed_within_dataset_zscore_mean	ok
CCFA_Risk_021	GSE57945	1.34029	1.56167	1.62853	0.83067	signed_within_dataset_zscore_mean	ok
CCFA_Risk_022	GSE57945	-0.706879	-0.745651	-0.456982	-0.918004	signed_within_dataset_zscore_mean	ok
CCFA_Risk_023	GSE57945	0.283745	0.0896836	0.543724	0.217828	signed_within_dataset_zscore_mean	ok
CCFA_Risk_024	GSE57945	-0.125806	0.573373	-0.57472	-0.376071	signed_within_dataset_zscore_mean	ok
CCFA_Risk_025	GSE57945	-1.16811	-0.53057	-0.293748	-2.68	signed_within_dataset_zscore_mean	ok
CCFA_Risk_026	GSE57945	-0.0838561	-0.52576	0.407015	-0.132824	signed_within_dataset_zscore_mean	ok
CCFA_Risk_027	GSE57945	1.13756	0.165875	2.42377	0.823048	signed_within_dataset_zscore_mean	ok
CCFA_Risk_028	GSE57945	-0.185652	0.695504	-0.910101	-0.342358	signed_within_dataset_zscore_mean	ok
CCFA_Risk_029	GSE57945	0.0228578	0.739005	-0.644117	-0.0263147	signed_within_dataset_zscore_mean	ok
CCFA_Risk_030	GSE57945	0.364446	0.122408	0.323755	0.647176	signed_within_dataset_zscore_mean	ok
CCFA_Risk_031	GSE57945	-0.675161	-0.742735	-0.956159	-0.326588	signed_within_dataset_zscore_mean	ok
CCFA_Risk_032	GSE57945	0.0711721	0.860928	-1.00257	0.355154	signed_within_dataset_zscore_mean	ok
CCFA_Risk_033	GSE57945	-1.049	-1.32103	-0.643137	-1.18285	signed_within_dataset_zscore_mean	ok
CCFA_Risk_034	GSE57945	-0.138059	0.621686	-0.985781	-0.0500813	signed_within_dataset_zscore_mean	ok
CCFA_Risk_035	GSE57945	-0.607538	-0.488378	-0.749352	-0.584886	signed_within_dataset_zscore_mean	ok
CCFA_Risk_036	GSE57945	-0.20279	0.744812	-1.04279	-0.310391	signed_within_dataset_zscore_mean	ok
CCFA_Risk_037	GSE57945	-0.386893	-0.292028	-0.447334	-0.421315	signed_within_dataset_zscore_mean	ok
CCFA_Risk_038	GSE57945	-0.598743	-0.639322	-0.580179	-0.576727	signed_within_dataset_zscore_mean	ok
CCFA_Risk_039	GSE57945	-0.56076	-0.868886	-0.695393	-0.118	signed_within_dataset_zscore_mean	ok
CCFA_Risk_040	GSE57945	0.00870861	-0.251327	0.264975	0.0124774	signed_within_dataset_zscore_mean	ok
CCFA_Risk_041	GSE57945	-0.182278	0.34246	-0.952666	0.0633722	signed_within_dataset_zscore_mean	ok
CCFA_Risk_042	GSE57945	-0.418141	-0.217136	-0.301291	-0.735996	signed_within_dataset_zscore_mean	ok
CCFA_Risk_043	GSE57945	-0.769938	-0.397139	-0.95244	-0.960235	signed_within_dataset_zscore_mean	ok
CCFA_Risk_044	GSE57945	0.0399716	1.28233	-0.784089	-0.378327	signed_within_dataset_zscore_mean	ok
CCFA_Risk_045	GSE57945	-0.688937	-0.768404	-0.691873	-0.606534	signed_within_dataset_zscore_mean	ok
CCFA_Risk_046	GSE57945	0.777899	0.258297	1.0178	1.0576	signed_within_dataset_zscore_mean	ok
CCFA_Risk_047	GSE57945	-0.0103359	-0.0841695	0.219903	-0.166741	signed_within_dataset_zscore_mean	ok
CCFA_Risk_048	GSE57945	0.216104	0.982305	-0.20089	-0.133102	signed_within_dataset_zscore_mean	ok
CCFA_Risk_049	GSE57945	-0.893982	-0.214152	-0.74487	-1.72292	signed_within_dataset_zscore_mean	ok
CCFA_Risk_050	GSE57945	-0.174768	-0.182501	-0.312938	-0.0288656	signed_within_dataset_zscore_mean	ok
CCFA_Risk_051	GSE57945	-0.121615	-0.621313	0.093708	0.162759	signed_within_dataset_zscore_mean	ok
CCFA_Risk_052	GSE57945	0.395066	0.142139	0.830829	0.212229	signed_within_dataset_zscore_mean	ok
CCFA_Risk_053	GSE57945	-0.0399924	-0.454837	0.259027	0.0758337	signed_within_dataset_zscore_mean	ok
CCFA_Risk_054	GSE57945	-0.23647	0.301149	-0.679499	-0.33106	signed_within_dataset_zscore_mean	ok
CCFA_Risk_055	GSE57945	-0.152001	0.271341	-0.572852	-0.154492	signed_within_dataset_zscore_mean	ok
CCFA_Risk_056	GSE57945	0.565604	-0.441023	1.2801	0.857739	signed_within_dataset_zscore_mean	ok
CCFA_Risk_057	GSE57945	0.268457	0.953374	-0.476863	0.328862	signed_within_dataset_zscore_mean	ok
CCFA_Risk_058	GSE57945	-0.138455	0.0943538	-0.333342	-0.176378	signed_within_dataset_zscore_mean	ok
CCFA_Risk_059	GSE57945	-0.274443	-0.346236	-0.157815	-0.319279	signed_within_dataset_zscore_mean	ok
CCFA_Risk_060	GSE57945	-0.221955	-0.240003	-0.277823	-0.14804	signed_within_dataset_zscore_mean	ok
CCFA_Risk_061	GSE57945	-0.747579	0.0725976	-0.294207	-2.02113	signed_within_dataset_zscore_mean	ok
CCFA_Risk_062	GSE57945	1.16764	0.202678	2.96451	0.335716	signed_within_dataset_zscore_mean	ok
CCFA_Risk_063	GSE57945	-0.678883	-0.181962	-0.097289	-1.7574	signed_within_dataset_zscore_mean	ok
CCFA_Risk_064	GSE57945	-0.460901	-0.154454	-0.558816	-0.669432	signed_within_dataset_zscore_mean	ok
CCFA_Risk_065	GSE57945	-0.601088	-0.231447	-0.591731	-0.980086	signed_within_dataset_zscore_mean	ok
CCFA_Risk_066	GSE57945	-0.00770902	-0.178806	0.415419	-0.259741	signed_within_dataset_zscore_mean	ok
CCFA_Risk_067	GSE57945	-0.434986	-0.0426645	-0.342479	-0.919816	signed_within_dataset_zscore_mean	ok
CCFA_Risk_068	GSE57945	-0.162716	-0.21277	0.209561	-0.484939	signed_within_dataset_zscore_mean	ok
CCFA_Risk_069	GSE57945	0.585428	-0.424952	1.68655	0.494684	signed_within_dataset_zscore_mean	ok
CCFA_Risk_070	GSE57945	0.452082	0.476417	0.185321	0.694508	signed_within_dataset_zscore_mean	ok
CCFA_Risk_071	GSE57945	-0.325539	-0.0866139	-0.364927	-0.525076	signed_within_dataset_zscore_mean	ok
CCFA_Risk_072	GSE57945	0.251992	1.45474	-0.999179	0.300414	signed_within_dataset_zscore_mean	ok
CCFA_Risk_073	GSE57945	-0.326443	-0.182418	-0.368885	-0.428025	signed_within_dataset_zscore_mean	ok
CCFA_Risk_074	GSE57945	0.699405	0.201656	1.16104	0.735513	signed_within_dataset_zscore_mean	ok
CCFA_Risk_075	GSE57945	0.30387	-0.0104441	0.776102	0.145952	signed_within_dataset_zscore_mean	ok
CCFA_Risk_076	GSE57945	0.237309	0.691876	-0.416124	0.436174	signed_within_dataset_zscore_mean	ok
CCFA_Risk_077	GSE57945	0.365837	1.81515	-0.87235	0.154711	signed_within_dataset_zscore_mean	ok
CCFA_Risk_078	GSE57945	-0.489513	0.433081	-0.915619	-0.986	signed_within_dataset_zscore_mean	ok
CCFA_Risk_079	GSE57945	-0.502194	0.111701	-1.03122	-0.587061	signed_within_dataset_zscore_mean	ok
CCFA_Risk_080	GSE57945	-0.609151	-0.820654	-0.825044	-0.181755	signed_within_dataset_zscore_mean	ok
CCFA_Risk_081	GSE57945	-0.711653	-0.66333	-0.658858	-0.812772	signed_within_dataset_zscore_mean	ok
CCFA_Risk_082	GSE57945	-0.822281	-0.127434	-1.02961	-1.3098	signed_within_dataset_zscore_mean	ok
CCFA_Risk_083	GSE57945	-0.490012	-0.252858	-0.828674	-0.388504	signed_within_dataset_zscore_mean	ok
CCFA_Risk_084	GSE57945	-0.634187	-0.424791	-0.592415	-0.885356	signed_within_dataset_zscore_mean	ok
CCFA_Risk_085	GSE57945	-0.581954	-0.0793308	-0.918217	-0.748315	signed_within_dataset_zscore_mean	ok
CCFA_Risk_086	GSE57945	-0.614202	-0.589311	-0.778986	-0.474309	signed_within_dataset_zscore_mean	ok
CCFA_Risk_087	GSE57945	-0.404569	-0.375415	-0.544382	-0.29391	signed_within_dataset_zscore_mean	ok
CCFA_Risk_088	GSE57945	-0.268589	-0.555147	0.06314	-0.31376	signed_within_dataset_zscore_mean	ok
CCFA_Risk_089	GSE57945	-0.771338	-0.0850887	-1.06284	-1.16608	signed_within_dataset_zscore_mean	ok
CCFA_Risk_090	GSE57945	-0.590176	-0.491347	-0.580956	-0.698224	signed_within_dataset_zscore_mean	ok
CCFA_Risk_091	GSE57945	-0.53542	-0.0670921	-0.874588	-0.66458	signed_within_dataset_zscore_mean	ok
CCFA_Risk_092	GSE57945	0.202004	0.29092	-0.177897	0.492988	signed_within_dataset_zscore_mean	ok
CCFA_Risk_093	GSE57945	-0.111713	-0.578525	0.227073	0.0163134	signed_within_dataset_zscore_mean	ok
CCFA_Risk_094	GSE57945	-0.633235	-0.105673	-0.991989	-0.802044	signed_within_dataset_zscore_mean	ok
CCFA_Risk_095	GSE57945	-0.385954	-0.727061	-0.203173	-0.227627	signed_within_dataset_zscore_mean	ok
CCFA_Risk_096	GSE57945	0.0354066	0.0216622	-0.147242	0.2318	signed_within_dataset_zscore_mean	ok
CCFA_Risk_097	GSE57945	0.448917	0.81215	-0.310816	0.845418	signed_within_dataset_zscore_mean	ok
CCFA_Risk_098	GSE57945	1.61327	0.412753	2.59191	1.83513	signed_within_dataset_zscore_mean	ok
CCFA_Risk_099	GSE57945	0.178651	-0.0945391	0.794788	-0.164298	signed_within_dataset_zscore_mean	ok
CCFA_Risk_100	GSE57945	0.427759	-0.222722	1.2474	0.258595	signed_within_dataset_zscore_mean	ok
CCFA_Risk_101	GSE57945	0.282491	-0.0358574	0.752249	0.13108	signed_within_dataset_zscore_mean	ok
CCFA_Risk_102	GSE57945	1.35123	1.67682	1.72922	0.64765	signed_within_dataset_zscore_mean	ok
CCFA_Risk_103	GSE57945	-0.26043	-0.844275	0.556617	-0.493634	signed_within_dataset_zscore_mean	ok
CCFA_Risk_104	GSE57945	0.653543	-0.562886	2.22052	0.302995	signed_within_dataset_zscore_mean	ok
CCFA_Risk_105	GSE57945	0.14748	0.553665	-0.678779	0.567554	signed_within_dataset_zscore_mean	ok
CCFA_Risk_106	GSE57945	-0.0177852	0.0982502	0.112392	-0.263998	signed_within_dataset_zscore_mean	ok
CCFA_Risk_107	GSE57945	0.106311	0.0926891	-0.353621	0.579866	signed_within_dataset_zscore_mean	ok
CCFA_Risk_108	GSE57945	-0.119296	0.214937	-0.5696	-0.00322348	signed_within_dataset_zscore_mean	ok
CCFA_Risk_109	GSE57945	1.25906	1.4981	1.02933	1.24975	signed_within_dataset_zscore_mean	ok
CCFA_Risk_110	GSE57945	0.890305	0.091694	1.62005	0.959168	signed_within_dataset_zscore_mean	ok
CCFA_Risk_111	GSE57945	0.837179	1.3322	0.241386	0.937952	signed_within_dataset_zscore_mean	ok
CCFA_Risk_112	GSE57945	0.542278	1.41244	-0.342503	0.556897	signed_within_dataset_zscore_mean	ok
CCFA_Risk_113	GSE57945	0.0683609	1.06687	-1.19854	0.336756	signed_within_dataset_zscore_mean	ok
CCFA_Risk_114	GSE57945	0.686077	1.30968	-0.122892	0.871445	signed_within_dataset_zscore_mean	ok
CCFA_Risk_115	GSE57945	-0.203623	-0.391595	-0.290046	0.0707723	signed_within_dataset_zscore_mean	ok
CCFA_Risk_116	GSE57945	-0.025961	-0.435704	-0.0885592	0.44638	signed_within_dataset_zscore_mean	ok
CCFA_Risk_117	GSE57945	-0.633629	-0.484362	-0.869115	-0.54741	signed_within_dataset_zscore_mean	ok
CCFA_Risk_118	GSE57945	-0.581317	-0.245295	-1.2094	-0.289253	signed_within_dataset_zscore_mean	ok
CCFA_Risk_119	GSE57945	-0.350557	-0.296749	-0.582392	-0.172529	signed_within_dataset_zscore_mean	ok
CCFA_Risk_120	GSE57945	-0.438594	-0.31709	-0.755504	-0.243187	signed_within_dataset_zscore_mean	ok
CCFA_Risk_121	GSE57945	-0.282732	-0.550943	-0.0757994	-0.221455	signed_within_dataset_zscore_mean	ok
CCFA_Risk_122	GSE57945	-0.355095	-0.483772	-0.54653	-0.0349835	signed_within_dataset_zscore_mean	ok
CCFA_Risk_123	GSE57945	0.852337	1.36157	0.742613	0.452831	signed_within_dataset_zscore_mean	ok
CCFA_Risk_124	GSE57945	0.203546	1.03642	-0.705714	0.279931	signed_within_dataset_zscore_mean	ok
CCFA_Risk_125	GSE57945	0.388105	0.677248	-0.168042	0.655109	signed_within_dataset_zscore_mean	ok
CCFA_Risk_126	GSE57945	0.350956	1.47362	-0.330687	-0.0900672	signed_within_dataset_zscore_mean	ok
CCFA_Risk_127	GSE57945	-0.106194	-0.10672	-0.529976	0.318115	signed_within_dataset_zscore_mean	ok
CCFA_Risk_128	GSE57945	0.0112878	0.926862	-1.05346	0.160462	signed_within_dataset_zscore_mean	ok
CCFA_Risk_129	GSE57945	-0.285767	0.228368	-0.763908	-0.32176	signed_within_dataset_zscore_mean	ok
CCFA_Risk_130	GSE57945	-0.444524	-0.124459	-1.07288	-0.136232	signed_within_dataset_zscore_mean	ok
CCFA_Risk_131	GSE57945	0.561997	2.64124	-1.15658	0.201337	signed_within_dataset_zscore_mean	ok
CCFA_Risk_132	GSE57945	0.188708	-0.296596	0.879726	-0.0170044	signed_within_dataset_zscore_mean	ok
CCFA_Risk_133	GSE57945	0.909794	-0.376836	2.54856	0.557657	signed_within_dataset_zscore_mean	ok
CCFA_Risk_134	GSE57945	0.448089	-0.0339589	1.52271	-0.144489	signed_within_dataset_zscore_mean	ok
CCFA_Risk_135	GSE57945	0.84471	1.2134	0.0136061	1.30713	signed_within_dataset_zscore_mean	ok
CCFA_Risk_136	GSE57945	0.371281	0.1083	0.760521	0.245021	signed_within_dataset_zscore_mean	ok
CCFA_Risk_137	GSE57945	0.512134	-0.14035	1.31103	0.36572	signed_within_dataset_zscore_mean	ok
CCFA_Risk_138	GSE57945	0.495035	0.789873	0.0704256	0.624805	signed_within_dataset_zscore_mean	ok
CCFA_Risk_139	GSE57945	1.07336	0.410538	1.79002	1.01953	signed_within_dataset_zscore_mean	ok
CCFA_Risk_140	GSE57945	1.01502	0.864476	1.36252	0.818062	signed_within_dataset_zscore_mean	ok
CCFA_Risk_141	GSE57945	0.067932	0.265832	-0.0259593	-0.0360766	signed_within_dataset_zscore_mean	ok
CCFA_Risk_142	GSE57945	1.17023	0.983476	1.19737	1.32984	signed_within_dataset_zscore_mean	ok
CCFA_Risk_143	GSE57945	0.760422	0.190029	0.932685	1.15855	signed_within_dataset_zscore_mean	ok
CCFA_Risk_144	GSE57945	-0.0685387	-0.128568	0.285879	-0.362927	signed_within_dataset_zscore_mean	ok
CCFA_Risk_145	GSE57945	0.50772	0.194632	0.228194	1.10033	signed_within_dataset_zscore_mean	ok
CCFA_Risk_146	GSE57945	1.10267	0.378702	1.62063	1.30867	signed_within_dataset_zscore_mean	ok
CCFA_Risk_147	GSE57945	0.165217	0.608275	-0.509125	0.396501	signed_within_dataset_zscore_mean	ok
CCFA_Risk_148	GSE57945	0.422806	1.13627	-0.836161	0.968307	signed_within_dataset_zscore_mean	ok
CCFA_Risk_149	GSE57945	1.16588	1.33904	0.880531	1.27808	signed_within_dataset_zscore_mean	ok
CCFA_Risk_150	GSE57945	1.02679	1.12492	0.657263	1.29818	signed_within_dataset_zscore_mean	ok
CCFA_Risk_151	GSE57945	0.453422	0.64708	-0.938111	1.6513	signed_within_dataset_zscore_mean	ok
CCFA_Risk_152	GSE57945	-0.592516	-0.998522	-0.798589	0.0195623	signed_within_dataset_zscore_mean	ok
CCFA_Risk_153	GSE57945	0.458021	0.595575	0.156681	0.621808	signed_within_dataset_zscore_mean	ok
CCFA_Risk_154	GSE57945	-0.341756	-0.479665	-0.699134	0.153531	signed_within_dataset_zscore_mean	ok
CCFA_Risk_155	GSE57945	-0.251876	-0.746968	-0.309033	0.300373	signed_within_dataset_zscore_mean	ok
CCFA_Risk_156	GSE57945	-0.237674	0.038743	-0.576507	-0.175258	signed_within_dataset_zscore_mean	ok
CCFA_Risk_157	GSE57945	1.16257	0.615904	1.01129	1.86053	signed_within_dataset_zscore_mean	ok
CCFA_Risk_158	GSE57945	-0.0466315	-0.508068	0.271366	0.0968077	signed_within_dataset_zscore_mean	ok
CCFA_Risk_159	GSE57945	-0.153368	-0.506025	0.0811748	-0.0352527	signed_within_dataset_zscore_mean	ok
CCFA_Risk_160	GSE57945	-0.0908923	-0.793585	0.382369	0.138539	signed_within_dataset_zscore_mean	ok
CCFA_Risk_161	GSE57945	0.276405	-0.603225	0.671572	0.760868	signed_within_dataset_zscore_mean	ok
CCFA_Risk_162	GSE57945	-0.394193	-0.56304	-0.5905	-0.029039	signed_within_dataset_zscore_mean	ok
CCFA_Risk_163	GSE57945	-0.0560692	-0.684105	0.457001	0.0588972	signed_within_dataset_zscore_mean	ok
CCFA_Risk_164	GSE57945	-0.620986	-1.05963	-0.418442	-0.384889	signed_within_dataset_zscore_mean	ok
CCFA_Risk_165	GSE57945	0.173723	-0.565669	0.745937	0.340901	signed_within_dataset_zscore_mean	ok
CCFA_Risk_166	GSE57945	0.0456085	-0.0722386	0.093036	0.116028	signed_within_dataset_zscore_mean	ok
CCFA_Risk_167	GSE57945	0.197072	-0.131748	0.346752	0.376211	signed_within_dataset_zscore_mean	ok
CCFA_Risk_168	GSE57945	0.557175	1.74387	-0.149999	0.0776537	signed_within_dataset_zscore_mean	ok
CCFA_Risk_169	GSE57945	-0.262891	0.0439636	-0.773916	-0.058722	signed_within_dataset_zscore_mean	ok
CCFA_Risk_170	GSE57945	-0.347942	0.0395233	-0.784793	-0.298557	signed_within_dataset_zscore_mean	ok
CCFA_Risk_171	GSE57945	-0.113935	-0.611533	-0.0368096	0.306538	signed_within_dataset_zscore_mean	ok
CCFA_Risk_172	GSE57945	0.626846	0.0277249	1.19314	0.659675	signed_within_dataset_zscore_mean	ok
CCFA_Risk_173	GSE57945	-0.0878874	0.32223	-0.742961	0.15707	signed_within_dataset_zscore_mean	ok
CCFA_Risk_174	GSE57945	-0.0392851	-0.506219	0.0599804	0.328383	signed_within_dataset_zscore_mean	ok
CCFA_Risk_175	GSE57945	-0.365534	-0.510411	-0.190597	-0.395593	signed_within_dataset_zscore_mean	ok
CCFA_Risk_176	GSE57945	0.392577	0.310951	0.618582	0.248197	signed_within_dataset_zscore_mean	ok
CCFA_Risk_177	GSE57945	0.336649	0.0598521	0.609126	0.340968	signed_within_dataset_zscore_mean	ok
CCFA_Risk_178	GSE57945	-0.239953	-0.0696244	-0.635087	-0.0151487	signed_within_dataset_zscore_mean	ok
CCFA_Risk_179	GSE57945	-0.587218	-0.810915	-0.559907	-0.390832	signed_within_dataset_zscore_mean	ok
CCFA_Risk_180	GSE57945	-0.70646	-0.898247	-0.261472	-0.95966	signed_within_dataset_zscore_mean	ok
CCFA_Risk_181	GSE57945	1.05701	0.0247547	2.02707	1.11921	signed_within_dataset_zscore_mean	ok
CCFA_Risk_182	GSE57945	0.27371	0.0237687	0.256969	0.540391	signed_within_dataset_zscore_mean	ok
CCFA_Risk_183	GSE57945	-0.216583	0.449049	-0.216338	-0.882461	signed_within_dataset_zscore_mean	ok
CCFA_Risk_184	GSE57945	0.0222868	-0.0525651	-0.191289	0.310715	signed_within_dataset_zscore_mean	ok
CCFA_Risk_185	GSE57945	0.268329	-0.282905	0.823845	0.264046	signed_within_dataset_zscore_mean	ok
CCFA_Risk_186	GSE57945	0.0298811	-0.555765	0.323614	0.321795	signed_within_dataset_zscore_mean	ok
CCFA_Risk_187	GSE57945	0.582439	0.0607665	0.951217	0.735334	signed_within_dataset_zscore_mean	ok
CCFA_Risk_188	GSE57945	0.324962	0.221697	0.240246	0.512944	signed_within_dataset_zscore_mean	ok
CCFA_Risk_189	GSE57945	-0.488282	-0.365028	-0.800745	-0.299071	signed_within_dataset_zscore_mean	ok
CCFA_Risk_190	GSE57945	0.0234213	0.0960018	-0.16157	0.135832	signed_within_dataset_zscore_mean	ok
CCFA_Risk_191	GSE57945	-0.492935	-0.178932	-0.974942	-0.32493	signed_within_dataset_zscore_mean	ok
CCFA_Risk_192	GSE57945	0.045262	-0.27091	0.588435	-0.181739	signed_within_dataset_zscore_mean	ok
CCFA_Risk_193	GSE57945	0.180767	-0.174311	0.387463	0.329147	signed_within_dataset_zscore_mean	ok
CCFA_Risk_194	GSE57945	1.07367	0.523938	1.50624	1.19084	signed_within_dataset_zscore_mean	ok
CCFA_Risk_195	GSE57945	0.0904103	0.491791	-0.458525	0.237966	signed_within_dataset_zscore_mean	ok
CCFA_Risk_196	GSE57945	-0.111581	-0.057946	-0.303769	0.0269704	signed_within_dataset_zscore_mean	ok
CCFA_Risk_197	GSE57945	-0.168662	-0.165258	-0.0432324	-0.297496	signed_within_dataset_zscore_mean	ok
CCFA_Risk_198	GSE57945	-0.0434828	0.0317123	0.0722471	-0.234408	signed_within_dataset_zscore_mean	ok
CCFA_Risk_199	GSE57945	0.610945	-0.286876	1.40952	0.710188	signed_within_dataset_zscore_mean	ok
CCFA_Risk_200	GSE57945	-0.3993	-0.794935	-0.37888	-0.0240865	signed_within_dataset_zscore_mean	ok
CCFA_Risk_201	GSE57945	-0.682664	-0.846573	-0.84589	-0.355528	signed_within_dataset_zscore_mean	ok
CCFA_Risk_202	GSE57945	0.287207	-0.10116	0.614658	0.348122	signed_within_dataset_zscore_mean	ok
CCFA_Risk_203	GSE57945	-0.0972314	-0.221947	0.00411949	-0.0738666	signed_within_dataset_zscore_mean	ok
CCFA_Risk_204	GSE57945	0.509618	0.0523226	1.2563	0.220231	signed_within_dataset_zscore_mean	ok
CCFA_Risk_205	GSE57945	-0.322223	-0.270437	-0.395524	-0.300709	signed_within_dataset_zscore_mean	ok
CCFA_Risk_206	GSE57945	0.412678	-0.0825169	1.32182	-0.00126644	signed_within_dataset_zscore_mean	ok
CCFA_Risk_207	GSE57945	-0.688742	-0.603293	-0.816642	-0.646292	signed_within_dataset_zscore_mean	ok
CCFA_Risk_208	GSE57945	0.0905264	-0.403229	0.399091	0.275717	signed_within_dataset_zscore_mean	ok
CCFA_Risk_209	GSE57945	-0.25088	-0.233479	-0.374926	-0.144234	signed_within_dataset_zscore_mean	ok
CCFA_Risk_210	GSE57945	0.432689	-0.0444805	0.906896	0.435651	signed_within_dataset_zscore_mean	ok
CCFA_Risk_211	GSE57945	-0.194118	-0.0564639	-0.134029	-0.391861	signed_within_dataset_zscore_mean	ok
CCFA_Risk_212	GSE57945	-0.588382	-0.393746	-0.72146	-0.649939	signed_within_dataset_zscore_mean	ok
CCFA_Risk_213	GSE57945	0.42409	-0.265587	1.72055	-0.182691	signed_within_dataset_zscore_mean	ok
CCFA_Risk_214	GSE57945	-0.39436	0.0592182	-0.890543	-0.351754	signed_within_dataset_zscore_mean	ok
CCFA_Risk_215	GSE57945	-0.642881	-0.195788	-0.887589	-0.845267	signed_within_dataset_zscore_mean	ok
CCFA_Risk_216	GSE57945	1.03617	-0.309248	2.8727	0.545058	signed_within_dataset_zscore_mean	ok
CCFA_Risk_217	GSE57945	0.901253	0.18588	1.94852	0.569361	signed_within_dataset_zscore_mean	ok
CCFA_Risk_218	GSE57945	0.583004	0.151798	1.01461	0.582601	signed_within_dataset_zscore_mean	ok
CCFA_Risk_219	GSE57945	-0.415019	-0.177985	-0.747187	-0.319886	signed_within_dataset_zscore_mean	ok
CCFA_Risk_220	GSE57945	-0.584956	-0.795477	-0.487301	-0.47209	signed_within_dataset_zscore_mean	ok
CCFA_Risk_221	GSE57945	0.223496	0.0736391	0.0860761	0.510772	signed_within_dataset_zscore_mean	ok
CCFA_Risk_222	GSE57945	0.0452734	-0.402709	0.175058	0.363471	signed_within_dataset_zscore_mean	ok
CCFA_Risk_223	GSE57945	0.0466186	-0.413054	0.432053	0.120857	signed_within_dataset_zscore_mean	ok
CCFA_Risk_224	GSE57945	-0.188992	-0.308777	-0.438506	0.180305	signed_within_dataset_zscore_mean	ok
CCFA_Risk_225	GSE57945	-0.0806393	0.0593416	-0.247553	-0.0537059	signed_within_dataset_zscore_mean	ok
CCFA_Risk_226	GSE57945	-0.606301	-0.750332	-0.687029	-0.381542	signed_within_dataset_zscore_mean	ok
CCFA_Risk_227	GSE57945	0.437591	0.393401	0.307792	0.611578	signed_within_dataset_zscore_mean	ok
CCFA_Risk_228	GSE57945	0.40969	0.0425665	0.751022	0.435482	signed_within_dataset_zscore_mean	ok
CCFA_Risk_229	GSE57945	0.469014	-0.133932	0.824967	0.716006	signed_within_dataset_zscore_mean	ok
CCFA_Risk_230	GSE57945	0.781328	0.111134	1.62247	0.610382	signed_within_dataset_zscore_mean	ok
CCFA_Risk_231	GSE57945	0.466743	-0.645416	1.4507	0.594947	signed_within_dataset_zscore_mean	ok
CCFA_Risk_232	GSE57945	0.429977	0.389918	0.338209	0.561805	signed_within_dataset_zscore_mean	ok
CCFA_Risk_233	GSE57945	-0.313239	-0.428641	-0.426326	-0.0847499	signed_within_dataset_zscore_mean	ok
CCFA_Risk_234	GSE57945	-0.12694	-0.527927	-0.199356	0.346465	signed_within_dataset_zscore_mean	ok
CCFA_Risk_235	GSE57945	-0.619851	-0.707247	-0.851545	-0.300761	signed_within_dataset_zscore_mean	ok
CCFA_Risk_236	GSE57945	0.459258	-0.0689225	1.11219	0.33451	signed_within_dataset_zscore_mean	ok
CCFA_Risk_237	GSE57945	-0.0555361	-0.148091	-0.112752	0.0942355	signed_within_dataset_zscore_mean	ok
CCFA_Risk_238	GSE57945	0.281712	0.830672	-0.337147	0.351612	signed_within_dataset_zscore_mean	ok
CCFA_Risk_239	GSE57945	-0.804856	-0.512063	-0.841097	-1.06141	signed_within_dataset_zscore_mean	ok
CCFA_Risk_240	GSE57945	-0.349899	-0.571121	-0.430886	-0.047691	signed_within_dataset_zscore_mean	ok
CCFA_Risk_241	GSE57945	-0.872522	-0.87366	-0.859854	-0.884052	signed_within_dataset_zscore_mean	ok
CCFA_Risk_242	GSE57945	-0.952295	-0.571738	-1.19048	-1.09466	signed_within_dataset_zscore_mean	ok
CCFA_Risk_243	GSE57945	-0.723644	-0.751077	-0.979763	-0.440093	signed_within_dataset_zscore_mean	ok
CCFA_Risk_244	GSE57945	-0.868847	-0.411638	-1.16639	-1.02851	signed_within_dataset_zscore_mean	ok
CCFA_Risk_245	GSE57945	-0.840818	-0.259931	-1.29254	-0.969987	signed_within_dataset_zscore_mean	ok
CCFA_Risk_246	GSE57945	-0.382694	-0.818506	-0.460893	0.131317	signed_within_dataset_zscore_mean	ok
CCFA_Risk_247	GSE57945	-0.396747	-0.015603	-0.806785	-0.367852	signed_within_dataset_zscore_mean	ok
CCFA_Risk_248	GSE57945	-0.483345	-0.357822	-0.81919	-0.273022	signed_within_dataset_zscore_mean	ok
CCFA_Risk_249	GSE57945	0.521928	1.03129	-0.449566	0.984066	signed_within_dataset_zscore_mean	ok
CCFA_Risk_250	GSE57945	-0.656681	-0.291376	-0.900734	-0.777934	signed_within_dataset_zscore_mean	ok
CCFA_Risk_251	GSE57945	-0.540477	-0.220775	-0.675348	-0.725309	signed_within_dataset_zscore_mean	ok
CCFA_Risk_252	GSE57945	0.69648	0.10031	1.71585	0.273285	signed_within_dataset_zscore_mean	ok
CCFA_Risk_253	GSE57945	-0.689603	-0.483762	-0.787407	-0.797638	signed_within_dataset_zscore_mean	ok
CCFA_Risk_254	GSE57945	0.562375	1.26595	0.0951088	0.326067	signed_within_dataset_zscore_mean	ok
GSM1900148	GSE73661	0.674447	0.0508072	1.78456	0.187977	signed_within_dataset_zscore_mean	ok
GSM1900149	GSE73661	-0.619481	-0.292609	-1.13425	-0.431587	signed_within_dataset_zscore_mean	ok
GSM1900150	GSE73661	-0.882344	-0.118211	-1.49304	-1.03578	signed_within_dataset_zscore_mean	ok
GSM1900151	GSE73661	-0.53452	-0.039925	-0.408587	-1.15505	signed_within_dataset_zscore_mean	ok
GSM1900152	GSE73661	-1.04756	-0.351949	-1.28442	-1.50631	signed_within_dataset_zscore_mean	ok
GSM1900153	GSE73661	-1.47015	-0.758096	-1.43953	-2.21282	signed_within_dataset_zscore_mean	ok
GSM1900154	GSE73661	0.519991	-0.711291	0.904545	1.36672	signed_within_dataset_zscore_mean	ok
GSM1900155	GSE73661	0.0930303	-0.859387	1.10587	0.0326044	signed_within_dataset_zscore_mean	ok
GSM1900156	GSE73661	-0.624955	-1.07903	-0.74217	-0.0536645	signed_within_dataset_zscore_mean	ok
GSM1900157	GSE73661	-0.580632	-0.465302	-0.997983	-0.278611	signed_within_dataset_zscore_mean	ok
GSM1900158	GSE73661	-0.193502	-1.17086	-0.276717	0.867073	signed_within_dataset_zscore_mean	ok
GSM1900159	GSE73661	-0.898463	-0.16766	-1.34583	-1.1819	signed_within_dataset_zscore_mean	ok
GSM1900160	GSE73661	-0.8978	-1.16346	-1.10441	-0.425531	signed_within_dataset_zscore_mean	ok
GSM1900161	GSE73661	-0.684964	0.150289	-0.823922	-1.38126	signed_within_dataset_zscore_mean	ok
GSM1900162	GSE73661	0.21327	0.227746	0.787441	-0.375377	signed_within_dataset_zscore_mean	ok
GSM1900163	GSE73661	-0.130037	0.656657	-1.13922	0.0924568	signed_within_dataset_zscore_mean	ok
GSM1900164	GSE73661	-0.420232	0.552024	-1.0635	-0.749224	signed_within_dataset_zscore_mean	ok
GSM1900165	GSE73661	0.0938738	-0.0227021	-0.218301	0.522624	signed_within_dataset_zscore_mean	ok
GSM1900166	GSE73661	0.258072	0.0934728	0.497188	0.183556	signed_within_dataset_zscore_mean	ok
GSM1900167	GSE73661	-0.148378	-0.363431	0.182125	-0.263829	signed_within_dataset_zscore_mean	ok
GSM1900168	GSE73661	-0.542306	0.186416	-0.832128	-0.981208	signed_within_dataset_zscore_mean	ok
GSM1900169	GSE73661	0.517234	-0.104194	1.41115	0.244747	signed_within_dataset_zscore_mean	ok
GSM1900170	GSE73661	-0.813439	-0.0178939	-0.768259	-1.65416	signed_within_dataset_zscore_mean	ok
GSM1900171	GSE73661	0.56848	0.265473	2.07179	-0.631827	signed_within_dataset_zscore_mean	ok
GSM1900172	GSE73661	0.414007	-0.890501	1.11981	1.01271	signed_within_dataset_zscore_mean	ok
GSM1900173	GSE73661	-0.390952	-0.570876	0.211836	-0.813815	signed_within_dataset_zscore_mean	ok
GSM1900174	GSE73661	0.277086	0.536622	0.487345	-0.192709	signed_within_dataset_zscore_mean	ok
GSM1900175	GSE73661	-0.0648669	-0.390093	1.00408	-0.808586	signed_within_dataset_zscore_mean	ok
GSM1900176	GSE73661	0.760366	0.480591	1.1678	0.632706	signed_within_dataset_zscore_mean	ok
GSM1900177	GSE73661	-0.555831	-0.288359	-0.952957	-0.426178	signed_within_dataset_zscore_mean	ok
GSM1900178	GSE73661	0.444862	-0.143506	0.859591	0.6185	signed_within_dataset_zscore_mean	ok
GSM1900179	GSE73661	0.295241	-0.0587779	0.157048	0.787452	signed_within_dataset_zscore_mean	ok
GSM1900180	GSE73661	0.058434	-0.690632	0.259297	0.606637	signed_within_dataset_zscore_mean	ok
GSM1900181	GSE73661	-0.491342	-1.23215	0.156631	-0.398507	signed_within_dataset_zscore_mean	ok
GSM1900182	GSE73661	-0.494325	-0.118177	-1.14876	-0.216038	signed_within_dataset_zscore_mean	ok
GSM1900183	GSE73661	-0.624594	-0.907346	-0.390453	-0.575982	signed_within_dataset_zscore_mean	ok
GSM1900184	GSE73661	0.131972	-0.859817	1.18054	0.0751933	signed_within_dataset_zscore_mean	ok
GSM1900185	GSE73661	0.549669	-0.272522	1.29787	0.623653	signed_within_dataset_zscore_mean	ok
GSM1900186	GSE73661	-0.593072	-1.73627	0.130076	-0.173021	signed_within_dataset_zscore_mean	ok
GSM1900187	GSE73661	-0.0473811	-1.23425	0.651026	0.441077	signed_within_dataset_zscore_mean	ok
GSM1900188	GSE73661	0.161845	-0.711805	1.41715	-0.219812	signed_within_dataset_zscore_mean	ok
GSM1900189	GSE73661	-0.640131	-0.465617	-0.801831	-0.652944	signed_within_dataset_zscore_mean	ok
GSM1900190	GSE73661	-0.599923	-0.267132	-0.98024	-0.552398	signed_within_dataset_zscore_mean	ok
GSM1900191	GSE73661	0.528247	0.814878	0.886259	-0.116397	signed_within_dataset_zscore_mean	ok
GSM1900192	GSE73661	0.309697	-0.151749	0.0960368	0.984804	signed_within_dataset_zscore_mean	ok
GSM1900193	GSE73661	-0.415829	-0.102395	-1.15915	0.0140575	signed_within_dataset_zscore_mean	ok
GSM1900194	GSE73661	-0.90792	-0.0677995	-0.533924	-2.12204	signed_within_dataset_zscore_mean	ok
GSM1900195	GSE73661	0.605426	-0.125189	1.12155	0.819917	signed_within_dataset_zscore_mean	ok
GSM1900196	GSE73661	0.643014	0.727335	0.352566	0.849142	signed_within_dataset_zscore_mean	ok
GSM1900197	GSE73661	-0.858257	-0.145869	-1.04582	-1.38308	signed_within_dataset_zscore_mean	ok
GSM1900198	GSE73661	-0.770888	-0.35409	-1.14168	-0.816898	signed_within_dataset_zscore_mean	ok
GSM1900199	GSE73661	0.578905	-0.214878	1.16594	0.785647	signed_within_dataset_zscore_mean	ok
GSM1900200	GSE73661	0.296384	0.0233237	1.22331	-0.357484	signed_within_dataset_zscore_mean	ok
GSM1900201	GSE73661	-1.02167	-0.160211	-0.7254	-2.1794	signed_within_dataset_zscore_mean	ok
GSM1900202	GSE73661	0.103013	-0.619131	0.440491	0.487678	signed_within_dataset_zscore_mean	ok
GSM1900203	GSE73661	-0.259116	-0.805936	0.388922	-0.360334	signed_within_dataset_zscore_mean	ok
GSM1900204	GSE73661	-0.558778	-1.57552	-0.0381229	-0.0626889	signed_within_dataset_zscore_mean	ok
GSM1900205	GSE73661	-0.4799	-0.880254	-0.860059	0.300614	signed_within_dataset_zscore_mean	ok
GSM1900206	GSE73661	0.300591	-0.635704	1.0711	0.466372	signed_within_dataset_zscore_mean	ok
GSM1900207	GSE73661	0.0101679	-0.630049	0.143981	0.516572	signed_within_dataset_zscore_mean	ok
GSM1900208	GSE73661	0.0340675	-0.637047	0.637621	0.101629	signed_within_dataset_zscore_mean	ok
GSM1900209	GSE73661	-0.0152968	-0.335063	-0.437273	0.726445	signed_within_dataset_zscore_mean	ok
GSM1900210	GSE73661	0.664324	-0.277331	1.23875	1.03155	signed_within_dataset_zscore_mean	ok
GSM1900211	GSE73661	-1.13694	-0.33535	-1.38224	-1.69323	signed_within_dataset_zscore_mean	ok
GSM1900212	GSE73661	-0.858255	-0.0132684	-1.28152	-1.27998	signed_within_dataset_zscore_mean	ok
GSM1900213	GSE73661	-0.224731	-0.789077	-0.217266	0.332151	signed_within_dataset_zscore_mean	ok
GSM1900214	GSE73661	0.0803507	-0.722558	0.345525	0.618085	signed_within_dataset_zscore_mean	ok
GSM1900215	GSE73661	-0.343899	-0.756663	-0.272116	-0.00291859	signed_within_dataset_zscore_mean	ok
GSM1900216	GSE73661	-0.545194	-0.124155	-1.08021	-0.431219	signed_within_dataset_zscore_mean	ok
GSM1900217	GSE73661	-0.0515371	-0.509311	0.362822	-0.00812205	signed_within_dataset_zscore_mean	ok
GSM1900218	GSE73661	0.779086	0.458914	1.20756	0.670789	signed_within_dataset_zscore_mean	ok
GSM1900219	GSE73661	0.477611	-0.431106	1.05345	0.810485	signed_within_dataset_zscore_mean	ok
GSM1900220	GSE73661	0.320215	-0.185344	0.635175	0.510814	signed_within_dataset_zscore_mean	ok
GSM1900221	GSE73661	-1.17084	-0.535949	-1.30912	-1.66747	signed_within_dataset_zscore_mean	ok
GSM1900222	GSE73661	-0.837018	0.174965	-1.06934	-1.61668	signed_within_dataset_zscore_mean	ok
GSM1900223	GSE73661	-0.990561	0.248583	-1.42243	-1.79784	signed_within_dataset_zscore_mean	ok
GSM1900224	GSE73661	-1.10352	-0.354829	-1.06838	-1.88734	signed_within_dataset_zscore_mean	ok
GSM1900225	GSE73661	-0.494481	0.114428	-0.973135	-0.624737	signed_within_dataset_zscore_mean	ok
GSM1900226	GSE73661	-0.996008	-0.230144	-1.27136	-1.48652	signed_within_dataset_zscore_mean	ok
GSM1900227	GSE73661	0.153057	-0.227921	0.561368	0.125723	signed_within_dataset_zscore_mean	ok
GSM1900228	GSE73661	-0.210451	-0.229727	-0.172845	-0.228782	signed_within_dataset_zscore_mean	ok
GSM1900229	GSE73661	-0.893036	0.0428012	-1.37516	-1.34675	signed_within_dataset_zscore_mean	ok
GSM1900230	GSE73661	-0.293597	-0.0890352	-0.807789	0.0160339	signed_within_dataset_zscore_mean	ok
GSM1900231	GSE73661	0.0266497	-0.538358	0.684683	-0.0663763	signed_within_dataset_zscore_mean	ok
GSM1900232	GSE73661	-0.486574	-0.664729	0.333188	-1.12818	signed_within_dataset_zscore_mean	ok
GSM1900233	GSE73661	0.745789	-0.237551	1.78961	0.685304	signed_within_dataset_zscore_mean	ok
GSM1900234	GSE73661	0.960175	0.749208	0.217115	1.9142	signed_within_dataset_zscore_mean	ok
GSM1900235	GSE73661	0.901596	0.887958	0.63209	1.18474	signed_within_dataset_zscore_mean	ok
GSM1900236	GSE73661	-0.755243	-0.766977	-1.32508	-0.173673	signed_within_dataset_zscore_mean	ok
GSM1900237	GSE73661	-0.500519	-0.0265393	-0.98062	-0.494399	signed_within_dataset_zscore_mean	ok
GSM1900238	GSE73661	-0.679942	0.249813	-0.953738	-1.3359	signed_within_dataset_zscore_mean	ok
GSM1900239	GSE73661	0.316758	0.60189	-0.381596	0.72998	signed_within_dataset_zscore_mean	ok
GSM1900240	GSE73661	0.436091	0.659246	-0.356346	1.00537	signed_within_dataset_zscore_mean	ok
GSM1900241	GSE73661	0.584122	-0.0307382	0.905886	0.877217	signed_within_dataset_zscore_mean	ok
GSM1900242	GSE73661	0.479122	-0.0927965	1.03252	0.497646	signed_within_dataset_zscore_mean	ok
GSM1900243	GSE73661	0.824025	0.89861	0.320342	1.25312	signed_within_dataset_zscore_mean	ok
GSM1900244	GSE73661	0.525966	0.763699	0.929663	-0.115465	signed_within_dataset_zscore_mean	ok
GSM1900245	GSE73661	-0.0755897	0.693587	-1.12213	0.201771	signed_within_dataset_zscore_mean	ok
GSM1900246	GSE73661	0.00488345	-0.318016	-0.198813	0.53148	signed_within_dataset_zscore_mean	ok
GSM1900247	GSE73661	-0.219315	-0.0141626	-0.0391791	-0.604604	signed_within_dataset_zscore_mean	ok
GSM1900248	GSE73661	0.702885	1.41002	0.184233	0.514403	signed_within_dataset_zscore_mean	ok
GSM1900249	GSE73661	1.05869	1.45053	1.47943	0.246094	signed_within_dataset_zscore_mean	ok
GSM1900250	GSE73661	0.684569	1.20376	-0.0718448	0.921795	signed_within_dataset_zscore_mean	ok
GSM1900251	GSE73661	0.806238	0.358325	1.02099	1.0394	signed_within_dataset_zscore_mean	ok
GSM1900252	GSE73661	0.813705	0.849582	0.994182	0.597351	signed_within_dataset_zscore_mean	ok
GSM1900253	GSE73661	0.702469	1.96039	-0.72492	0.871937	signed_within_dataset_zscore_mean	ok
GSM1900254	GSE73661	-0.0170662	-0.329252	-0.201092	0.479145	signed_within_dataset_zscore_mean	ok
GSM1900255	GSE73661	0.592024	-0.0464338	0.587785	1.23472	signed_within_dataset_zscore_mean	ok
GSM1900256	GSE73661	0.218799	0.044916	0.124211	0.48727	signed_within_dataset_zscore_mean	ok
GSM1900257	GSE73661	0.565958	-0.10995	0.88826	0.919564	signed_within_dataset_zscore_mean	ok
GSM1900258	GSE73661	0.990371	1.16854	1.40265	0.399922	signed_within_dataset_zscore_mean	ok
GSM1900259	GSE73661	0.570169	1.52331	-0.521872	0.70907	signed_within_dataset_zscore_mean	ok
GSM1900260	GSE73661	0.28612	0.132174	0.353106	0.373079	signed_within_dataset_zscore_mean	ok
GSM1900261	GSE73661	-0.48566	0.355296	-1.06743	-0.744845	signed_within_dataset_zscore_mean	ok
GSM1900262	GSE73661	-0.518319	0.591972	-1.22179	-0.925143	signed_within_dataset_zscore_mean	ok
GSM1900263	GSE73661	0.104417	-0.388784	0.24457	0.457464	signed_within_dataset_zscore_mean	ok
GSM1900264	GSE73661	0.300517	-0.00350678	0.833602	0.0714565	signed_within_dataset_zscore_mean	ok
GSM1900265	GSE73661	-0.566202	-0.824932	0.211143	-1.08482	signed_within_dataset_zscore_mean	ok
GSM1900266	GSE73661	-0.539652	0.532313	-1.23786	-0.913408	signed_within_dataset_zscore_mean	ok
GSM1900267	GSE73661	-0.442042	0.396293	-1.31378	-0.40864	signed_within_dataset_zscore_mean	ok
GSM1900268	GSE73661	-0.327209	-0.182945	-0.194481	-0.604202	signed_within_dataset_zscore_mean	ok
GSM1900269	GSE73661	-0.0196646	0.685778	-0.950581	0.205808	signed_within_dataset_zscore_mean	ok
GSM1900270	GSE73661	-0.752838	0.818751	-1.43322	-1.64404	signed_within_dataset_zscore_mean	ok
GSM1900271	GSE73661	0.399827	-0.363294	1.11679	0.445984	signed_within_dataset_zscore_mean	ok
GSM1900272	GSE73661	0.281331	0.300179	0.342559	0.201254	signed_within_dataset_zscore_mean	ok
GSM1900273	GSE73661	-0.794222	-0.697949	-0.789446	-0.895271	signed_within_dataset_zscore_mean	ok
GSM1900274	GSE73661	0.713375	0.754596	0.72566	0.659868	signed_within_dataset_zscore_mean	ok
GSM1900275	GSE73661	0.635341	0.566785	0.632578	0.706661	signed_within_dataset_zscore_mean	ok
GSM1900276	GSE73661	0.598515	0.805601	-0.394401	1.38434	signed_within_dataset_zscore_mean	ok
GSM1900277	GSE73661	0.403411	0.631044	0.470174	0.109014	signed_within_dataset_zscore_mean	ok
GSM1900278	GSE73661	0.728351	1.01118	1.47706	-0.303186	signed_within_dataset_zscore_mean	ok
GSM1900279	GSE73661	0.141437	1.03307	-0.871899	0.263141	signed_within_dataset_zscore_mean	ok
GSM1900280	GSE73661	0.257203	0.562761	-0.077382	0.286229	signed_within_dataset_zscore_mean	ok
GSM1900281	GSE73661	-0.343402	0.0479903	-0.734859	-0.343336	signed_within_dataset_zscore_mean	ok
GSM1900282	GSE73661	-0.535317	0.292315	-0.871449	-1.02682	signed_within_dataset_zscore_mean	ok
GSM1900283	GSE73661	0.959126	0.0565443	1.8583	0.962534	signed_within_dataset_zscore_mean	ok
GSM1900284	GSE73661	0.426857	0.965755	-0.173305	0.488121	signed_within_dataset_zscore_mean	ok
GSM1900285	GSE73661	0.699697	-0.47656	2.16136	0.414294	signed_within_dataset_zscore_mean	ok
GSM1900286	GSE73661	1.02095	0.77619	0.965408	1.32126	signed_within_dataset_zscore_mean	ok
GSM1900287	GSE73661	0.402588	0.175576	0.0236537	1.00853	signed_within_dataset_zscore_mean	ok
GSM1900288	GSE73661	-0.163166	0.481435	-1.14696	0.176029	signed_within_dataset_zscore_mean	ok
GSM1900289	GSE73661	0.2141	0.607898	-0.58801	0.62241	signed_within_dataset_zscore_mean	ok
GSM1900290	GSE73661	0.2015	1.01674	-0.120345	-0.291897	signed_within_dataset_zscore_mean	ok
GSM1900291	GSE73661	-0.159075	-0.36499	-0.53324	0.421004	signed_within_dataset_zscore_mean	ok
GSM1900292	GSE73661	0.109214	0.34367	-0.0532556	0.0372278	signed_within_dataset_zscore_mean	ok
GSM1900293	GSE73661	-0.0583219	0.181183	-0.420713	0.0645648	signed_within_dataset_zscore_mean	ok
GSM1900294	GSE73661	0.20438	-0.272833	0.359846	0.526126	signed_within_dataset_zscore_mean	ok
GSM1900295	GSE73661	0.0359321	-0.17509	-0.254411	0.537297	signed_within_dataset_zscore_mean	ok
GSM1900296	GSE73661	0.693384	0.204781	0.415543	1.45983	signed_within_dataset_zscore_mean	ok
GSM1900297	GSE73661	0.495381	0.878969	0.370943	0.23623	signed_within_dataset_zscore_mean	ok
GSM1900298	GSE73661	0.255785	0.103935	0.457161	0.206259	signed_within_dataset_zscore_mean	ok
GSM1900299	GSE73661	0.436895	0.11056	0.278301	0.921825	signed_within_dataset_zscore_mean	ok
GSM1900300	GSE73661	0.0935803	0.330359	-0.177548	0.12793	signed_within_dataset_zscore_mean	ok
GSM1900301	GSE73661	-0.0212328	0.209431	-0.687075	0.413945	signed_within_dataset_zscore_mean	ok
GSM1900302	GSE73661	0.217499	0.0718092	0.142113	0.438575	signed_within_dataset_zscore_mean	ok
GSM1900303	GSE73661	1.01837	0.695291	0.451974	1.90784	signed_within_dataset_zscore_mean	ok
GSM1900304	GSE73661	-0.453587	0.0362037	-0.937601	-0.459364	signed_within_dataset_zscore_mean	ok
GSM1900305	GSE73661	-0.150427	0.558788	-0.339929	-0.67014	signed_within_dataset_zscore_mean	ok
GSM1900306	GSE73661	-0.817642	-0.0747148	-0.836617	-1.5416	signed_within_dataset_zscore_mean	ok
GSM1900307	GSE73661	0.285134	0.235948	0.403776	0.215678	signed_within_dataset_zscore_mean	ok
GSM1900308	GSE73661	-0.126288	0.0263724	-0.408421	0.00318483	signed_within_dataset_zscore_mean	ok
GSM1900309	GSE73661	-0.258418	0.246648	-0.533304	-0.488598	signed_within_dataset_zscore_mean	ok
GSM1900310	GSE73661	0.482942	0.28218	0.626216	0.540429	signed_within_dataset_zscore_mean	ok
GSM1900311	GSE73661	-0.122194	-0.397432	-0.0134452	0.0442959	signed_within_dataset_zscore_mean	ok
GSM1900312	GSE73661	0.471822	0.751323	-0.142481	0.806625	signed_within_dataset_zscore_mean	ok
GSM1900313	GSE73661	-0.27282	-0.225526	-0.79833	0.205397	signed_within_dataset_zscore_mean	ok
GSM1900314	GSE73661	0.387323	0.0871647	0.405804	0.668999	signed_within_dataset_zscore_mean	ok
GSM1900315	GSE73661	0.494067	0.0400262	0.683265	0.758908	signed_within_dataset_zscore_mean	ok
GSM1900316	GSE73661	0.104248	0.0347844	-0.0229443	0.300904	signed_within_dataset_zscore_mean	ok
GSM1900317	GSE73661	-0.309062	-0.438696	-0.588759	0.100267	signed_within_dataset_zscore_mean	ok
GSM1900318	GSE73661	-0.414204	-0.90174	0.295218	-0.63609	signed_within_dataset_zscore_mean	ok
GSM1900319	GSE73661	-0.206161	0.0193618	-0.735858	0.0980132	signed_within_dataset_zscore_mean	ok
GSM1900320	GSE73661	0.58786	0.348244	1.60272	-0.187389	signed_within_dataset_zscore_mean	ok
GSM1900321	GSE73661	0.528683	0.89229	0.130671	0.563088	signed_within_dataset_zscore_mean	ok
GSM1900322	GSE73661	0.440735	-0.0877758	1.37634	0.0336447	signed_within_dataset_zscore_mean	ok
GSM1900323	GSE73661	-0.175803	-0.425749	0.18182	-0.283481	signed_within_dataset_zscore_mean	ok
GSM1900324	GSE73661	0.497679	0.125464	0.776253	0.591322	signed_within_dataset_zscore_mean	ok
GSM1900325	GSE73661	0.153415	-0.437221	0.861204	0.0362625	signed_within_dataset_zscore_mean	ok
GSM2932807	GSE109142	-0.768778	0.730931	-2.02679	-1.01047	signed_within_dataset_zscore_mean	ok
GSM2932808	GSE109142	-1.03931	-0.167221	-1.96472	-0.985978	signed_within_dataset_zscore_mean	ok
GSM2932809	GSE109142	-0.721085	0.493882	-1.67825	-0.978887	signed_within_dataset_zscore_mean	ok
GSM2932810	GSE109142	-1.2904	-0.216725	-1.83176	-1.82271	signed_within_dataset_zscore_mean	ok
GSM2932811	GSE109142	-0.8869	0.445068	-1.83642	-1.26934	signed_within_dataset_zscore_mean	ok
GSM2932812	GSE109142	-0.970994	-0.0455756	-1.94451	-0.922891	signed_within_dataset_zscore_mean	ok
GSM2932813	GSE109142	-0.755129	0.227616	-1.47131	-1.02169	signed_within_dataset_zscore_mean	ok
GSM2932814	GSE109142	-1.0871	-0.152029	-1.80202	-1.30726	signed_within_dataset_zscore_mean	ok
GSM2932815	GSE109142	-0.845689	-0.144976	-1.55957	-0.832515	signed_within_dataset_zscore_mean	ok
GSM2932816	GSE109142	-0.977572	0.162138	-1.65293	-1.44192	signed_within_dataset_zscore_mean	ok
GSM2932817	GSE109142	-0.997354	0.0639047	-2.0613	-0.994662	signed_within_dataset_zscore_mean	ok
GSM2932818	GSE109142	-0.88495	-0.154549	-1.41702	-1.08328	signed_within_dataset_zscore_mean	ok
GSM2932819	GSE109142	-0.443028	0.731253	-1.07831	-0.98203	signed_within_dataset_zscore_mean	ok
GSM2932820	GSE109142	-0.712549	0.715118	-1.80769	-1.04508	signed_within_dataset_zscore_mean	ok
GSM2932821	GSE109142	-0.729619	0.426982	-1.60923	-1.00661	signed_within_dataset_zscore_mean	ok
GSM2932822	GSE109142	-1.41365	-0.603127	-2.10413	-1.53371	signed_within_dataset_zscore_mean	ok
GSM2932823	GSE109142	-0.707288	0.818702	-2.14695	-0.793617	signed_within_dataset_zscore_mean	ok
GSM2932824	GSE109142	-0.813468	0.215966	-1.71722	-0.939154	signed_within_dataset_zscore_mean	ok
GSM2932825	GSE109142	-0.932804	0.0944133	-1.45962	-1.4332	signed_within_dataset_zscore_mean	ok
GSM2932826	GSE109142	-1.01217	-0.16798	-1.77874	-1.08979	signed_within_dataset_zscore_mean	ok
GSM2932827	GSE109142	0.0983734	-0.259657	0.576514	-0.0217369	signed_within_dataset_zscore_mean	ok
GSM2932828	GSE109142	-0.22657	-0.285792	0.29652	-0.690438	signed_within_dataset_zscore_mean	ok
GSM2932829	GSE109142	-0.190161	-0.575847	-0.0770179	0.0823821	signed_within_dataset_zscore_mean	ok
GSM2932830	GSE109142	-0.553841	-0.526164	-0.499495	-0.635863	signed_within_dataset_zscore_mean	ok
GSM2932831	GSE109142	0.0379806	0.935504	-0.815839	-0.00572374	signed_within_dataset_zscore_mean	ok
GSM2932832	GSE109142	-0.418335	-0.62322	-0.0718111	-0.559974	signed_within_dataset_zscore_mean	ok
GSM2932833	GSE109142	-0.0348221	-0.0255813	0.114083	-0.192968	signed_within_dataset_zscore_mean	ok
GSM2932834	GSE109142	-0.396957	-0.62747	-0.308867	-0.254535	signed_within_dataset_zscore_mean	ok
GSM2932835	GSE109142	-0.597103	-0.18433	-0.67051	-0.93647	signed_within_dataset_zscore_mean	ok
GSM2932836	GSE109142	-0.47679	-0.276074	-0.774997	-0.3793	signed_within_dataset_zscore_mean	ok
GSM2932837	GSE109142	0.33929	1.0906	-0.516251	0.443521	signed_within_dataset_zscore_mean	ok
GSM2932838	GSE109142	-0.141233	-0.627977	0.405995	-0.201717	signed_within_dataset_zscore_mean	ok
GSM2932839	GSE109142	-0.218046	0.397144	-1.02683	-0.0244488	signed_within_dataset_zscore_mean	ok
GSM2932840	GSE109142	0.3326	0.0508706	0.451751	0.49518	signed_within_dataset_zscore_mean	ok
GSM2932841	GSE109142	-0.327601	-1.04264	0.0781782	-0.0183364	signed_within_dataset_zscore_mean	ok
GSM2932842	GSE109142	-0.843153	-1.0196	-0.8352	-0.674655	signed_within_dataset_zscore_mean	ok
GSM2932843	GSE109142	-0.21196	-0.411038	0.166016	-0.390859	signed_within_dataset_zscore_mean	ok
GSM2932844	GSE109142	0.990453	1.11213	0.973197	0.886035	signed_within_dataset_zscore_mean	ok
GSM2932845	GSE109142	0.26823	-0.221576	0.468058	0.558209	signed_within_dataset_zscore_mean	ok
GSM2932846	GSE109142	0.0888508	-0.563489	0.933028	-0.102986	signed_within_dataset_zscore_mean	ok
GSM2932847	GSE109142	-0.759849	-0.305113	-1.0883	-0.886136	signed_within_dataset_zscore_mean	ok
GSM2932848	GSE109142	-0.040169	-0.735337	1.14369	-0.528855	signed_within_dataset_zscore_mean	ok
GSM2932849	GSE109142	0.167751	-0.523819	1.01906	0.00800992	signed_within_dataset_zscore_mean	ok
GSM2932850	GSE109142	-0.0452175	0.0221882	0.212862	-0.370702	signed_within_dataset_zscore_mean	ok
GSM2932851	GSE109142	0.136534	-0.121203	-0.0252977	0.556101	signed_within_dataset_zscore_mean	ok
GSM2932852	GSE109142	-0.336776	-0.472628	-0.166616	-0.371084	signed_within_dataset_zscore_mean	ok
GSM2932853	GSE109142	0.777453	0.295717	1.26777	0.768875	signed_within_dataset_zscore_mean	ok
GSM2932854	GSE109142	-0.342994	0.125296	-0.588079	-0.566199	signed_within_dataset_zscore_mean	ok
GSM2932855	GSE109142	0.226571	-0.0843169	0.458971	0.30506	signed_within_dataset_zscore_mean	ok
GSM2932856	GSE109142	0.439133	-0.256982	1.28172	0.292656	signed_within_dataset_zscore_mean	ok
GSM2932857	GSE109142	0.695647	-0.255083	1.45127	0.89075	signed_within_dataset_zscore_mean	ok
GSM2932858	GSE109142	-0.214225	0.0408686	-0.759613	0.0760687	signed_within_dataset_zscore_mean	ok
GSM2932859	GSE109142	-0.345599	-0.532269	0.0668937	-0.571421	signed_within_dataset_zscore_mean	ok
GSM2932860	GSE109142	0.886655	1.04819	0.526876	1.0849	signed_within_dataset_zscore_mean	ok
GSM2932861	GSE109142	0.0311598	-0.600662	0.966095	-0.271954	signed_within_dataset_zscore_mean	ok
GSM2932862	GSE109142	0.293079	0.247544	0.144415	0.487278	signed_within_dataset_zscore_mean	ok
GSM2932863	GSE109142	1.026	1.6659	0.485371	0.926729	signed_within_dataset_zscore_mean	ok
GSM2932864	GSE109142	0.836014	1.36491	0.598138	0.544998	signed_within_dataset_zscore_mean	ok
GSM2932865	GSE109142	0.267672	0.440555	0.324285	0.0381764	signed_within_dataset_zscore_mean	ok
GSM2932866	GSE109142	0.0813212	-0.148461	-0.303302	0.695727	signed_within_dataset_zscore_mean	ok
GSM2932867	GSE109142	1.04528	1.06695	0.713587	1.35531	signed_within_dataset_zscore_mean	ok
GSM2932868	GSE109142	-0.22678	-0.473735	-0.418599	0.211994	signed_within_dataset_zscore_mean	ok
GSM2932869	GSE109142	0.0491371	-0.21929	0.484201	-0.117499	signed_within_dataset_zscore_mean	ok
GSM2932870	GSE109142	-0.0143659	-0.0372043	-0.161067	0.155174	signed_within_dataset_zscore_mean	ok
GSM2932871	GSE109142	-0.889983	-0.444293	-1.25963	-0.966025	signed_within_dataset_zscore_mean	ok
GSM2932872	GSE109142	-0.346424	0.0022542	-0.696373	-0.345152	signed_within_dataset_zscore_mean	ok
GSM2932873	GSE109142	0.37339	-0.131585	0.340112	0.911642	signed_within_dataset_zscore_mean	ok
GSM2932874	GSE109142	-0.0987516	-0.477305	0.238804	-0.0577533	signed_within_dataset_zscore_mean	ok
GSM2932875	GSE109142	0.502614	0.465398	0.234973	0.807473	signed_within_dataset_zscore_mean	ok
GSM2932876	GSE109142	0.0039296	-0.274196	-0.0229582	0.308943	signed_within_dataset_zscore_mean	ok
GSM2932877	GSE109142	-0.148588	-0.314432	0.0342837	-0.165615	signed_within_dataset_zscore_mean	ok
GSM2932878	GSE109142	0.220614	-0.118877	0.481425	0.299296	signed_within_dataset_zscore_mean	ok
GSM2932879	GSE109142	0.45384	0.368155	0.650261	0.343104	signed_within_dataset_zscore_mean	ok
GSM2932880	GSE109142	-0.239997	-0.279994	0.28316	-0.723155	signed_within_dataset_zscore_mean	ok
GSM2932881	GSE109142	0.863889	1.57083	-0.158615	1.17945	signed_within_dataset_zscore_mean	ok
GSM2932882	GSE109142	0.0231501	-0.450067	0.616643	-0.0971262	signed_within_dataset_zscore_mean	ok
GSM2932883	GSE109142	0.779244	1.56271	-0.057613	0.832635	signed_within_dataset_zscore_mean	ok
GSM2932884	GSE109142	0.988543	2.21717	-0.488643	1.2371	signed_within_dataset_zscore_mean	ok
GSM2932885	GSE109142	0.30301	0.370628	-0.314015	0.852417	signed_within_dataset_zscore_mean	ok
GSM2932886	GSE109142	0.92617	0.843161	0.731953	1.2034	signed_within_dataset_zscore_mean	ok
GSM2932887	GSE109142	-0.109314	-1.30041	0.957062	0.0154068	signed_within_dataset_zscore_mean	ok
GSM2932888	GSE109142	-0.0857905	-0.21169	0.212884	-0.258566	signed_within_dataset_zscore_mean	ok
GSM2932889	GSE109142	-0.0430102	-0.258879	0.537598	-0.407749	signed_within_dataset_zscore_mean	ok
GSM2932890	GSE109142	-0.301971	-0.602988	0.00106903	-0.303995	signed_within_dataset_zscore_mean	ok
GSM2932891	GSE109142	-0.164574	-0.213931	-0.200998	-0.0787936	signed_within_dataset_zscore_mean	ok
GSM2932892	GSE109142	0.568881	0.54584	0.497443	0.66336	signed_within_dataset_zscore_mean	ok
GSM2932893	GSE109142	-0.0681281	0.382282	-0.485577	-0.101089	signed_within_dataset_zscore_mean	ok
GSM2932894	GSE109142	-0.462457	-0.779363	-0.252023	-0.355985	signed_within_dataset_zscore_mean	ok
GSM2932895	GSE109142	1.40645	3.36341	-0.617287	1.47323	signed_within_dataset_zscore_mean	ok
GSM2932896	GSE109142	1.02987	0.922158	0.634782	1.53266	signed_within_dataset_zscore_mean	ok
GSM2932897	GSE109142	-0.321018	-0.878167	-0.0870318	0.00214649	signed_within_dataset_zscore_mean	ok
GSM2932898	GSE109142	0.370934	-0.650158	1.27663	0.48633	signed_within_dataset_zscore_mean	ok
GSM2932899	GSE109142	0.832379	1.155	-0.290558	1.63269	signed_within_dataset_zscore_mean	ok
GSM2932900	GSE109142	-0.306415	-0.480177	-0.211949	-0.227119	signed_within_dataset_zscore_mean	ok
GSM2932901	GSE109142	1.06264	-0.137139	2.19143	1.13361	signed_within_dataset_zscore_mean	ok
GSM2932902	GSE109142	-0.135805	-0.275051	-0.21495	0.0825861	signed_within_dataset_zscore_mean	ok
GSM2932903	GSE109142	-0.383823	-1.08615	0.12717	-0.192492	signed_within_dataset_zscore_mean	ok
GSM2932904	GSE109142	-0.3725	-0.482259	-0.741895	0.106654	signed_within_dataset_zscore_mean	ok
GSM2932905	GSE109142	-0.716617	-0.767673	-0.443449	-0.938731	signed_within_dataset_zscore_mean	ok
GSM2932906	GSE109142	0.89348	0.990786	0.481234	1.20842	signed_within_dataset_zscore_mean	ok
GSM2932907	GSE109142	0.153703	0.272742	0.103674	0.0846937	signed_within_dataset_zscore_mean	ok
GSM2932908	GSE109142	0.261218	0.050822	1.08252	-0.349687	signed_within_dataset_zscore_mean	ok
GSM2932909	GSE109142	1.22265	1.91389	0.186327	1.56774	signed_within_dataset_zscore_mean	ok
GSM2932910	GSE109142	0.884969	2.19249	-0.630725	1.09315	signed_within_dataset_zscore_mean	ok
GSM2932911	GSE109142	0.765634	-0.0730395	2.11263	0.257313	signed_within_dataset_zscore_mean	ok
GSM2932912	GSE109142	-0.102481	-0.00101934	0.107877	-0.414301	signed_within_dataset_zscore_mean	ok
GSM2932913	GSE109142	0.667798	0.229101	1.18105	0.593246	signed_within_dataset_zscore_mean	ok
GSM2932914	GSE109142	-0.0742235	0.078271	-0.213847	-0.0870949	signed_within_dataset_zscore_mean	ok
GSM2932915	GSE109142	-0.0852349	-0.730656	0.534449	-0.0594973	signed_within_dataset_zscore_mean	ok
GSM2932916	GSE109142	0.255701	-0.484434	1.12389	0.127646	signed_within_dataset_zscore_mean	ok
GSM2932917	GSE109142	0.0113731	-0.205609	0.400057	-0.160329	signed_within_dataset_zscore_mean	ok
GSM2932918	GSE109142	0.186297	0.247078	-0.49459	0.806403	signed_within_dataset_zscore_mean	ok
GSM2932919	GSE109142	0.249057	0.00494374	0.864169	-0.121943	signed_within_dataset_zscore_mean	ok
GSM2932920	GSE109142	-0.441352	-1.11733	0.449865	-0.656585	signed_within_dataset_zscore_mean	ok
GSM2932921	GSE109142	-0.70671	-0.646326	-0.844395	-0.62941	signed_within_dataset_zscore_mean	ok
GSM2932922	GSE109142	1.95282	2.2206	2.03683	1.60102	signed_within_dataset_zscore_mean	ok
GSM2932923	GSE109142	-0.272393	-0.611151	0.338609	-0.544636	signed_within_dataset_zscore_mean	ok
GSM2932924	GSE109142	-0.319056	-0.229185	-0.163833	-0.564149	signed_within_dataset_zscore_mean	ok
GSM2932925	GSE109142	-0.250061	-0.818656	0.614528	-0.546057	signed_within_dataset_zscore_mean	ok
GSM2932926	GSE109142	0.337698	-0.269741	0.963008	0.319827	signed_within_dataset_zscore_mean	ok
GSM2932927	GSE109142	0.00934991	-0.547171	0.835356	-0.260135	signed_within_dataset_zscore_mean	ok
GSM2932928	GSE109142	0.0791739	-0.361925	0.654509	-0.0550621	signed_within_dataset_zscore_mean	ok
GSM2932929	GSE109142	-0.195253	-1.1309	0.771763	-0.226625	signed_within_dataset_zscore_mean	ok
GSM2932930	GSE109142	-0.272329	-0.769866	-0.426306	0.379187	signed_within_dataset_zscore_mean	ok
GSM2932931	GSE109142	0.144664	0.25411	0.0246135	0.155268	signed_within_dataset_zscore_mean	ok
GSM2932932	GSE109142	0.0814747	-0.232529	0.360199	0.116754	signed_within_dataset_zscore_mean	ok
GSM2932933	GSE109142	-0.119635	-0.333879	-0.0459802	0.0209528	signed_within_dataset_zscore_mean	ok
GSM2932934	GSE109142	-0.187737	-0.0880238	0.255605	-0.730791	signed_within_dataset_zscore_mean	ok
GSM2932935	GSE109142	0.131183	-0.907864	0.838459	0.462955	signed_within_dataset_zscore_mean	ok
GSM2932936	GSE109142	-0.00386178	-0.425371	0.681043	-0.267258	signed_within_dataset_zscore_mean	ok
GSM2932937	GSE109142	0.0499669	-0.279089	0.351189	0.0778013	signed_within_dataset_zscore_mean	ok
GSM2932938	GSE109142	-0.366421	0.0555293	-0.685921	-0.468872	signed_within_dataset_zscore_mean	ok
GSM2932939	GSE109142	-0.152787	0.497025	-0.968046	0.0126585	signed_within_dataset_zscore_mean	ok
GSM2932940	GSE109142	-0.0109923	-0.56427	0.905848	-0.374555	signed_within_dataset_zscore_mean	ok
GSM2932941	GSE109142	0.838333	0.229175	1.19803	1.08779	signed_within_dataset_zscore_mean	ok
GSM2932942	GSE109142	0.997269	0.50015	0.307626	2.18403	signed_within_dataset_zscore_mean	ok
GSM2932943	GSE109142	-0.0162087	0.141587	-0.48069	0.290477	signed_within_dataset_zscore_mean	ok
GSM2932944	GSE109142	0.111808	-0.203212	0.479176	0.0594614	signed_within_dataset_zscore_mean	ok
GSM2932945	GSE109142	-0.789168	0.296733	-1.49124	-1.173	signed_within_dataset_zscore_mean	ok
GSM2932946	GSE109142	-1.18166	-0.953725	-1.24954	-1.34172	signed_within_dataset_zscore_mean	ok
GSM2932947	GSE109142	0.657801	0.459226	0.452886	1.06129	signed_within_dataset_zscore_mean	ok
GSM2932948	GSE109142	0.0582244	0.172378	-0.346343	0.348639	signed_within_dataset_zscore_mean	ok
GSM2932949	GSE109142	0.755901	0.52573	0.957939	0.784033	signed_within_dataset_zscore_mean	ok
GSM2932950	GSE109142	-0.717972	-0.3822	-1.08267	-0.689049	signed_within_dataset_zscore_mean	ok
GSM2932951	GSE109142	0.933889	0.745574	0.712001	1.34409	signed_within_dataset_zscore_mean	ok
GSM2932952	GSE109142	-0.314258	-0.675434	0.295987	-0.563328	signed_within_dataset_zscore_mean	ok
GSM2932953	GSE109142	-0.750341	0.360202	-1.91855	-0.692675	signed_within_dataset_zscore_mean	ok
GSM2932954	GSE109142	1.69684	3.26372	-0.160191	1.98699	signed_within_dataset_zscore_mean	ok
GSM2932955	GSE109142	-0.115812	-0.757369	0.393676	0.016257	signed_within_dataset_zscore_mean	ok
GSM2932956	GSE109142	-0.360243	-1.33774	1.26114	-1.00413	signed_within_dataset_zscore_mean	ok
GSM2932957	GSE109142	1.61622	2.44793	0.401353	1.99939	signed_within_dataset_zscore_mean	ok
GSM2932958	GSE109142	-1.0353	-0.192984	-1.5683	-1.34461	signed_within_dataset_zscore_mean	ok
GSM2932959	GSE109142	0.271447	-0.645117	1.06248	0.396978	signed_within_dataset_zscore_mean	ok
GSM2932960	GSE109142	-0.26166	-0.304139	-0.0240744	-0.456767	signed_within_dataset_zscore_mean	ok
GSM2932961	GSE109142	0.150255	0.506451	-0.184019	0.128333	signed_within_dataset_zscore_mean	ok
GSM2932962	GSE109142	-0.155363	-0.337186	0.125711	-0.254613	signed_within_dataset_zscore_mean	ok
GSM2932963	GSE109142	0.761155	0.949139	0.857867	0.476458	signed_within_dataset_zscore_mean	ok
GSM2932964	GSE109142	-0.38132	-0.251383	-0.227584	-0.664994	signed_within_dataset_zscore_mean	ok
GSM2932965	GSE109142	1.08388	1.42125	0.220076	1.61032	signed_within_dataset_zscore_mean	ok
GSM2932966	GSE109142	-0.834834	-0.4782	-0.957225	-1.06908	signed_within_dataset_zscore_mean	ok
GSM2932967	GSE109142	-0.204647	-0.334438	0.0104762	-0.28998	signed_within_dataset_zscore_mean	ok
GSM2932968	GSE109142	0.525156	0.195486	0.762103	0.61788	signed_within_dataset_zscore_mean	ok
GSM2932969	GSE109142	-0.285186	-0.623105	0.451788	-0.684242	signed_within_dataset_zscore_mean	ok
GSM2932970	GSE109142	-0.410623	-0.450876	-0.376555	-0.404439	signed_within_dataset_zscore_mean	ok
GSM2932971	GSE109142	-0.396802	-1.22286	0.718045	-0.685596	signed_within_dataset_zscore_mean	ok
GSM2932972	GSE109142	-0.883347	-1.7789	-0.457018	-0.414126	signed_within_dataset_zscore_mean	ok
GSM2932973	GSE109142	1.53442	3.29454	-0.650661	1.95938	signed_within_dataset_zscore_mean	ok
GSM2932974	GSE109142	-0.287623	-0.212082	-0.615914	-0.0348736	signed_within_dataset_zscore_mean	ok
GSM2932975	GSE109142	-0.334316	-0.565313	-0.426712	-0.0109241	signed_within_dataset_zscore_mean	ok
GSM2932976	GSE109142	-0.470932	-0.352569	-0.515253	-0.544973	signed_within_dataset_zscore_mean	ok
GSM2932977	GSE109142	0.213148	-0.0534541	0.217174	0.475725	signed_within_dataset_zscore_mean	ok
GSM2932978	GSE109142	-0.203052	-0.362367	-0.143456	-0.103332	signed_within_dataset_zscore_mean	ok
GSM2932979	GSE109142	0.0835712	-0.0697462	0.151811	0.168649	signed_within_dataset_zscore_mean	ok
GSM2932980	GSE109142	-0.083274	-0.17997	0.510393	-0.580245	signed_within_dataset_zscore_mean	ok
GSM2932981	GSE109142	-0.238017	0.205179	-0.895065	-0.0241649	signed_within_dataset_zscore_mean	ok
GSM2932982	GSE109142	-0.394982	-0.885265	-0.106914	-0.192768	signed_within_dataset_zscore_mean	ok
GSM2932983	GSE109142	0.207138	0.685225	-0.401778	0.337967	signed_within_dataset_zscore_mean	ok
GSM2932984	GSE109142	-0.75039	-0.760993	-0.707846	-0.782331	signed_within_dataset_zscore_mean	ok
GSM2932985	GSE109142	-0.28014	-1.0103	0.497859	-0.327974	signed_within_dataset_zscore_mean	ok
GSM2932986	GSE109142	-0.44448	-0.642162	-0.189058	-0.502221	signed_within_dataset_zscore_mean	ok
GSM2932987	GSE109142	-0.438376	-0.689942	-0.227282	-0.397906	signed_within_dataset_zscore_mean	ok
GSM2932988	GSE109142	0.456115	-0.0723077	0.706701	0.733951	signed_within_dataset_zscore_mean	ok
GSM2932989	GSE109142	0.0477951	-0.141237	0.411034	-0.126412	signed_within_dataset_zscore_mean	ok
GSM2932990	GSE109142	0.159554	-0.240969	0.865564	-0.145935	signed_within_dataset_zscore_mean	ok
GSM2932991	GSE109142	0.343795	-0.441098	0.990142	0.482339	signed_within_dataset_zscore_mean	ok
GSM2932992	GSE109142	0.209995	0.34698	-0.175503	0.458506	signed_within_dataset_zscore_mean	ok
GSM2932993	GSE109142	-0.671731	-0.704638	-0.334361	-0.976195	signed_within_dataset_zscore_mean	ok
GSM2932994	GSE109142	-0.221987	0.145866	-0.814511	0.00268387	signed_within_dataset_zscore_mean	ok
GSM2932995	GSE109142	0.325191	-0.718095	1.42049	0.273173	signed_within_dataset_zscore_mean	ok
GSM2932996	GSE109142	-0.204857	0.336156	-0.351821	-0.598906	signed_within_dataset_zscore_mean	ok
GSM2932997	GSE109142	0.587383	1.41841	-0.339358	0.683097	signed_within_dataset_zscore_mean	ok
GSM2932998	GSE109142	-0.473245	-0.551675	-0.218605	-0.649454	signed_within_dataset_zscore_mean	ok
GSM2932999	GSE109142	-0.569656	0.0562765	-1.19606	-0.569188	signed_within_dataset_zscore_mean	ok
GSM2933000	GSE109142	0.813503	0.0577407	1.31266	1.07011	signed_within_dataset_zscore_mean	ok
GSM2933001	GSE109142	-0.117397	-0.900845	0.911995	-0.363341	signed_within_dataset_zscore_mean	ok
GSM2933002	GSE109142	-0.314788	-0.440719	-0.128865	-0.374779	signed_within_dataset_zscore_mean	ok
GSM2933003	GSE109142	0.0634687	-0.454789	0.395852	0.249343	signed_within_dataset_zscore_mean	ok
GSM2933004	GSE109142	0.500401	0.0412678	0.827134	0.632801	signed_within_dataset_zscore_mean	ok
GSM2933005	GSE109142	0.27947	0.0704802	0.301563	0.466368	signed_within_dataset_zscore_mean	ok
GSM2933006	GSE109142	0.262358	0.0445276	0.200822	0.541723	signed_within_dataset_zscore_mean	ok
GSM2933007	GSE109142	-0.181736	0.0441655	-0.288447	-0.300927	signed_within_dataset_zscore_mean	ok
GSM2933008	GSE109142	0.4849	0.393864	0.769419	0.291415	signed_within_dataset_zscore_mean	ok
GSM2933009	GSE109142	0.554958	0.255821	0.964279	0.444773	signed_within_dataset_zscore_mean	ok
GSM2933010	GSE109142	0.16395	-0.522583	1.11608	-0.101643	signed_within_dataset_zscore_mean	ok
GSM2933011	GSE109142	0.0431948	-0.196415	0.335976	-0.00997571	signed_within_dataset_zscore_mean	ok
GSM2933012	GSE109142	0.0383032	-0.0381383	0.0319934	0.121055	signed_within_dataset_zscore_mean	ok
GSM2933013	GSE109142	-0.512859	-1.11151	-0.0556746	-0.371396	signed_within_dataset_zscore_mean	ok
GSM2933014	GSE109142	0.494628	0.458955	0.3758	0.649129	signed_within_dataset_zscore_mean	ok
GSM2933015	GSE109142	-0.456256	-0.309098	-0.562473	-0.497197	signed_within_dataset_zscore_mean	ok
GSM2933016	GSE109142	0.429903	0.513636	0.605037	0.171034	signed_within_dataset_zscore_mean	ok
GSM2933017	GSE109142	0.210047	0.425781	-0.245265	0.449623	signed_within_dataset_zscore_mean	ok
GSM2933018	GSE109142	-0.564847	-1.32443	0.255221	-0.625332	signed_within_dataset_zscore_mean	ok
GSM2933019	GSE109142	1.29165	1.14782	0.455121	2.272	signed_within_dataset_zscore_mean	ok
GSM2933020	GSE109142	1.61979	0.929534	2.44007	1.48977	signed_within_dataset_zscore_mean	ok
GSM2933021	GSE109142	0.690641	0.847808	0.327616	0.896498	signed_within_dataset_zscore_mean	ok
GSM2933022	GSE109142	-0.108113	-0.957023	0.481882	0.150803	signed_within_dataset_zscore_mean	ok
GSM2933023	GSE109142	0.215563	-0.314004	0.958911	0.00178112	signed_within_dataset_zscore_mean	ok
GSM2933024	GSE109142	0.405342	-0.0942252	0.524776	0.785475	signed_within_dataset_zscore_mean	ok
GSM2933025	GSE109142	-0.115746	-0.991145	0.360235	0.283671	signed_within_dataset_zscore_mean	ok
GSM2933026	GSE109142	1.05914	2.64368	-0.0209282	0.554657	signed_within_dataset_zscore_mean	ok
GSM2933027	GSE109142	0.798193	-0.104035	2.26266	0.235957	signed_within_dataset_zscore_mean	ok
GSM2933028	GSE109142	-0.11488	-0.5113	0.283566	-0.116905	signed_within_dataset_zscore_mean	ok
GSM2933029	GSE109142	-1.36927	-1.1798	-1.47877	-1.44925	signed_within_dataset_zscore_mean	ok
GSM2933030	GSE109142	-0.197182	-0.805177	0.568563	-0.354931	signed_within_dataset_zscore_mean	ok
GSM2933031	GSE109142	-0.0436184	0.798502	-0.639849	-0.289508	signed_within_dataset_zscore_mean	ok
GSM2933032	GSE109142	-0.242057	-0.213844	-0.0944811	-0.417845	signed_within_dataset_zscore_mean	ok
GSM3316656	GSE117993	0.63685	-0.321897	1.18226	1.05019	signed_within_dataset_zscore_mean	ok
GSM3316657	GSE117993	0.029661	-1.11104	1.05024	0.149778	signed_within_dataset_zscore_mean	ok
GSM3316658	GSE117993	-0.145001	-0.00672427	-0.125457	-0.302822	signed_within_dataset_zscore_mean	ok
GSM3316659	GSE117993	-0.0012004	-0.0825037	0.088595	-0.00969245	signed_within_dataset_zscore_mean	ok
GSM3316660	GSE117993	-0.0272335	0.50394	-0.261987	-0.323653	signed_within_dataset_zscore_mean	ok
GSM3316661	GSE117993	-0.671841	-0.4137	-0.943214	-0.658609	signed_within_dataset_zscore_mean	ok
GSM3316662	GSE117993	0.31681	0.857172	-0.860189	0.953446	signed_within_dataset_zscore_mean	ok
GSM3316663	GSE117993	0.363514	0.431306	0.187442	0.471795	signed_within_dataset_zscore_mean	ok
GSM3316664	GSE117993	0.450109	0.745623	-0.141848	0.746551	signed_within_dataset_zscore_mean	ok
GSM3316665	GSE117993	-0.608269	-1.2696	0.248239	-0.803445	signed_within_dataset_zscore_mean	ok
GSM3316666	GSE117993	0.0351968	-0.243369	-0.37783	0.726789	signed_within_dataset_zscore_mean	ok
GSM3316667	GSE117993	-0.435408	-1.17927	0.484257	-0.611216	signed_within_dataset_zscore_mean	ok
GSM3316668	GSE117993	0.779197	0.595277	0.376466	1.36585	signed_within_dataset_zscore_mean	ok
GSM3316669	GSE117993	1.55112	0.523252	3.37662	0.753486	signed_within_dataset_zscore_mean	ok
GSM3316670	GSE117993	0.666286	-0.0188498	1.03877	0.978933	signed_within_dataset_zscore_mean	ok
GSM3316671	GSE117993	-0.232635	0.370151	-0.798864	-0.269191	signed_within_dataset_zscore_mean	ok
GSM3316672	GSE117993	1.32387	-0.190462	3.19277	0.969316	signed_within_dataset_zscore_mean	ok
GSM3316673	GSE117993	-0.470252	-0.123842	-0.777459	-0.509455	signed_within_dataset_zscore_mean	ok
GSM3316674	GSE117993	-0.537686	-0.779512	-0.00106697	-0.832479	signed_within_dataset_zscore_mean	ok
GSM3316675	GSE117993	0.0450701	-0.517691	-0.127422	0.780323	signed_within_dataset_zscore_mean	ok
GSM3316676	GSE117993	0.252275	0.00209278	0.424949	0.329784	signed_within_dataset_zscore_mean	ok
GSM3316677	GSE117993	0.418863	0.179635	0.55083	0.526125	signed_within_dataset_zscore_mean	ok
GSM3316678	GSE117993	-0.408073	-0.596487	-0.101807	-0.525925	signed_within_dataset_zscore_mean	ok
GSM3316679	GSE117993	1.36453	0.908681	1.6013	1.58363	signed_within_dataset_zscore_mean	ok
GSM3316680	GSE117993	-0.71327	-0.998816	-0.543515	-0.597481	signed_within_dataset_zscore_mean	ok
GSM3316681	GSE117993	0.37774	1.16188	-0.802494	0.773836	signed_within_dataset_zscore_mean	ok
GSM3316682	GSE117993	-0.275242	0.0542916	-0.405562	-0.474456	signed_within_dataset_zscore_mean	ok
GSM3316683	GSE117993	0.864166	-0.271478	1.83405	1.02993	signed_within_dataset_zscore_mean	ok
GSM3316684	GSE117993	0.175387	-0.762214	0.772239	0.516135	signed_within_dataset_zscore_mean	ok
GSM3316685	GSE117993	0.666112	-0.545188	1.62864	0.914886	signed_within_dataset_zscore_mean	ok
GSM3316686	GSE117993	0.464716	0.218052	0.939165	0.236932	signed_within_dataset_zscore_mean	ok
GSM3316687	GSE117993	-0.37953	-0.537342	0.103757	-0.705004	signed_within_dataset_zscore_mean	ok
GSM3316688	GSE117993	-0.221105	0.336069	-0.473198	-0.526187	signed_within_dataset_zscore_mean	ok
GSM3316689	GSE117993	0.409432	-0.115678	0.579094	0.764878	signed_within_dataset_zscore_mean	ok
GSM3316690	GSE117993	-0.49671	-0.447634	-0.637077	-0.40542	signed_within_dataset_zscore_mean	ok
GSM3316691	GSE117993	-0.00774534	-0.523567	0.415245	0.0850863	signed_within_dataset_zscore_mean	ok
GSM3316692	GSE117993	-0.326974	0.138694	-1.08233	-0.0372861	signed_within_dataset_zscore_mean	ok
GSM3316693	GSE117993	-0.41253	-0.1076	-0.463195	-0.666795	signed_within_dataset_zscore_mean	ok
GSM3316694	GSE117993	0.148671	-0.520928	0.599931	0.36701	signed_within_dataset_zscore_mean	ok
GSM3316695	GSE117993	-0.645403	-0.187404	-0.902284	-0.846523	signed_within_dataset_zscore_mean	ok
GSM3316696	GSE117993	-0.61374	-0.0997031	-0.775577	-0.965939	signed_within_dataset_zscore_mean	ok
GSM3316697	GSE117993	0.27308	0.424407	0.21778	0.177052	signed_within_dataset_zscore_mean	ok
GSM3316698	GSE117993	-0.661344	-0.875029	-0.15419	-0.954812	signed_within_dataset_zscore_mean	ok
GSM3316699	GSE117993	-0.19497	0.309191	-1.08795	0.193846	signed_within_dataset_zscore_mean	ok
GSM3316700	GSE117993	0.202855	0.0647338	0.408111	0.135721	signed_within_dataset_zscore_mean	ok
GSM3316701	GSE117993	-0.382669	0.0194087	-0.774482	-0.392933	signed_within_dataset_zscore_mean	ok
GSM3316702	GSE117993	0.444101	1.33492	-0.723469	0.720853	signed_within_dataset_zscore_mean	ok
GSM3316703	GSE117993	1.20661	0.309861	1.61327	1.69669	signed_within_dataset_zscore_mean	ok
GSM3316704	GSE117993	0.192663	-0.761235	1.24678	0.0924386	signed_within_dataset_zscore_mean	ok
GSM3316705	GSE117993	-0.126671	-0.210414	0.0808067	-0.250405	signed_within_dataset_zscore_mean	ok
GSM3316706	GSE117993	-0.407106	0.287371	-0.845513	-0.663175	signed_within_dataset_zscore_mean	ok
GSM3316707	GSE117993	-0.416289	-0.773574	0.541594	-1.01689	signed_within_dataset_zscore_mean	ok
GSM3316708	GSE117993	-0.388262	-0.291164	-0.63215	-0.241471	signed_within_dataset_zscore_mean	ok
GSM3316709	GSE117993	0.125128	-0.247098	0.617818	0.00466257	signed_within_dataset_zscore_mean	ok
GSM3316710	GSE117993	-0.638503	-0.56532	-0.672703	-0.677487	signed_within_dataset_zscore_mean	ok
GSM3316711	GSE117993	-0.3227	0.133464	-0.655872	-0.445693	signed_within_dataset_zscore_mean	ok
GSM3316712	GSE117993	-0.481634	-0.151154	-0.342666	-0.951081	signed_within_dataset_zscore_mean	ok
GSM3316713	GSE117993	0.0399773	-0.550911	0.52379	0.147053	signed_within_dataset_zscore_mean	ok
GSM3316714	GSE117993	-0.103306	-0.113804	0.116747	-0.312861	signed_within_dataset_zscore_mean	ok
GSM3316715	GSE117993	-0.166837	-0.0330057	-0.769405	0.301899	signed_within_dataset_zscore_mean	ok
GSM3316716	GSE117993	-0.327453	0.908866	-1.00824	-0.882986	signed_within_dataset_zscore_mean	ok
GSM3316717	GSE117993	-0.616132	-0.290266	-1.04432	-0.51381	signed_within_dataset_zscore_mean	ok
GSM3316718	GSE117993	1.03673	-0.220327	2.68296	0.647571	signed_within_dataset_zscore_mean	ok
GSM3316719	GSE117993	0.262246	-1.0477	1.3278	0.506636	signed_within_dataset_zscore_mean	ok
GSM3316720	GSE117993	0.141652	-0.720554	1.65709	-0.51158	signed_within_dataset_zscore_mean	ok
GSM3316721	GSE117993	-0.479649	-0.334587	-0.36341	-0.740949	signed_within_dataset_zscore_mean	ok
GSM3316722	GSE117993	-0.133734	0.781508	-0.641318	-0.541393	signed_within_dataset_zscore_mean	ok
GSM3316723	GSE117993	-0.419788	-0.0868246	-0.610803	-0.561737	signed_within_dataset_zscore_mean	ok
GSM3316724	GSE117993	-0.360836	-0.175784	-0.416496	-0.490226	signed_within_dataset_zscore_mean	ok
GSM3316725	GSE117993	-0.684361	-0.962666	-0.174449	-0.915969	signed_within_dataset_zscore_mean	ok
GSM3316726	GSE117993	-0.0601737	0.404117	-0.445541	-0.139097	signed_within_dataset_zscore_mean	ok
GSM3316727	GSE117993	-0.0604114	0.64948	-0.776134	-0.0545807	signed_within_dataset_zscore_mean	ok
GSM3316728	GSE117993	-0.374276	-0.810697	0.189564	-0.501694	signed_within_dataset_zscore_mean	ok
GSM3316729	GSE117993	-0.527918	0.144668	-0.77234	-0.956082	signed_within_dataset_zscore_mean	ok
GSM3316730	GSE117993	0.251913	0.330915	0.549114	-0.124291	signed_within_dataset_zscore_mean	ok
GSM3316731	GSE117993	-0.27942	-0.532994	0.465117	-0.770381	signed_within_dataset_zscore_mean	ok
GSM3316732	GSE117993	-0.481228	-0.409756	-0.589993	-0.443937	signed_within_dataset_zscore_mean	ok
GSM3316733	GSE117993	0.419553	0.59563	-0.0805738	0.743604	signed_within_dataset_zscore_mean	ok
GSM3316734	GSE117993	-0.352656	0.277858	-0.616099	-0.719728	signed_within_dataset_zscore_mean	ok
GSM3316735	GSE117993	0.657575	1.48871	0.02849	0.455526	signed_within_dataset_zscore_mean	ok
GSM3316736	GSE117993	-0.722685	-0.418099	-1.00923	-0.740728	signed_within_dataset_zscore_mean	ok
GSM3316737	GSE117993	0.177823	-0.00936464	0.614827	-0.071992	signed_within_dataset_zscore_mean	ok
GSM3316738	GSE117993	-0.390648	0.208304	-0.518773	-0.861474	signed_within_dataset_zscore_mean	ok
GSM3316739	GSE117993	0.413422	-0.313621	1.21877	0.335113	signed_within_dataset_zscore_mean	ok
GSM3316740	GSE117993	-0.108125	0.714171	-0.704964	-0.333583	signed_within_dataset_zscore_mean	ok
GSM3316741	GSE117993	0.425784	0.399594	0.602838	0.274919	signed_within_dataset_zscore_mean	ok
GSM3316742	GSE117993	-0.209391	-0.732282	0.310596	-0.206485	signed_within_dataset_zscore_mean	ok
GSM3316743	GSE117993	1.16519	1.68805	0.014538	1.79299	signed_within_dataset_zscore_mean	ok
GSM3316744	GSE117993	-0.658437	-0.481291	-0.870732	-0.623287	signed_within_dataset_zscore_mean	ok
GSM3316745	GSE117993	-0.665567	-0.866916	0.029332	-1.15912	signed_within_dataset_zscore_mean	ok
GSM3316746	GSE117993	-0.248259	-0.60315	0.527573	-0.6692	signed_within_dataset_zscore_mean	ok
GSM3316747	GSE117993	-0.0739868	-0.383814	0.067112	0.0947419	signed_within_dataset_zscore_mean	ok
GSM3316748	GSE117993	-0.409184	-0.0468945	-0.773573	-0.407085	signed_within_dataset_zscore_mean	ok
GSM3316749	GSE117993	-0.380172	-1.07077	0.647839	-0.717582	signed_within_dataset_zscore_mean	ok
GSM3316750	GSE117993	-0.26255	0.432127	-0.604439	-0.615336	signed_within_dataset_zscore_mean	ok
GSM3316751	GSE117993	-0.378605	0.366956	-1.2076	-0.295166	signed_within_dataset_zscore_mean	ok
GSM3316752	GSE117993	-0.767042	-1.04385	0.108462	-1.36574	signed_within_dataset_zscore_mean	ok
GSM3316753	GSE117993	-0.318794	0.0839088	-0.705038	-0.335252	signed_within_dataset_zscore_mean	ok
GSM3316754	GSE117993	-0.130067	0.513343	-0.728974	-0.174571	signed_within_dataset_zscore_mean	ok
GSM3316755	GSE117993	-1.26246	-1.44633	-1.02578	-1.31526	signed_within_dataset_zscore_mean	ok
GSM3316756	GSE117993	-0.684486	-0.790185	-0.521438	-0.741835	signed_within_dataset_zscore_mean	ok
GSM3316757	GSE117993	0.930257	2.04846	-0.82229	1.5646	signed_within_dataset_zscore_mean	ok
GSM3316758	GSE117993	-0.0382891	0.614565	-0.908677	0.179244	signed_within_dataset_zscore_mean	ok
GSM3316759	GSE117993	-0.00236447	0.675258	-1.08275	0.4004	signed_within_dataset_zscore_mean	ok
GSM3316760	GSE117993	1.11967	2.12846	-0.622793	1.85333	signed_within_dataset_zscore_mean	ok
GSM3316761	GSE117993	0.354055	1.34921	-0.929587	0.642541	signed_within_dataset_zscore_mean	ok
GSM3316762	GSE117993	-0.410815	0.228157	-0.71279	-0.747811	signed_within_dataset_zscore_mean	ok
GSM3316763	GSE117993	-0.100947	0.636665	-0.945476	0.0059715	signed_within_dataset_zscore_mean	ok
GSM3316764	GSE117993	-0.708955	-0.611846	-0.798974	-0.716045	signed_within_dataset_zscore_mean	ok
GSM3316765	GSE117993	-0.67661	-0.187133	-0.89164	-0.951058	signed_within_dataset_zscore_mean	ok
GSM3316766	GSE117993	-0.802695	-0.721793	-0.639	-1.04729	signed_within_dataset_zscore_mean	ok
GSM3316767	GSE117993	-0.4622	-0.148476	-0.751838	-0.486286	signed_within_dataset_zscore_mean	ok
GSM3316768	GSE117993	-0.439731	0.117203	-0.726234	-0.71016	signed_within_dataset_zscore_mean	ok
GSM3316769	GSE117993	0.56489	1.72348	-1.1614	1.13259	signed_within_dataset_zscore_mean	ok
GSM3316770	GSE117993	-0.610571	-0.233194	-1.03279	-0.565731	signed_within_dataset_zscore_mean	ok
GSM3316771	GSE117993	0.192624	0.557764	-0.87843	0.898538	signed_within_dataset_zscore_mean	ok
GSM3316772	GSE117993	-0.64576	-0.282822	-0.820882	-0.833577	signed_within_dataset_zscore_mean	ok
GSM3316773	GSE117993	-0.709847	-0.49546	-0.820113	-0.813968	signed_within_dataset_zscore_mean	ok
GSM3316774	GSE117993	-0.938264	-0.767367	-1.05555	-0.991878	signed_within_dataset_zscore_mean	ok
GSM3316775	GSE117993	-0.97107	-1.17042	-0.705006	-1.03778	signed_within_dataset_zscore_mean	ok
GSM3316776	GSE117993	-0.488022	-0.358658	-0.453283	-0.652125	signed_within_dataset_zscore_mean	ok
GSM3316777	GSE117993	0.25843	0.845791	-0.990949	0.920448	signed_within_dataset_zscore_mean	ok
GSM3316778	GSE117993	-0.68529	-0.177571	-1.0219	-0.856401	signed_within_dataset_zscore_mean	ok
GSM3316779	GSE117993	-0.599536	-0.248903	-0.580046	-0.969659	signed_within_dataset_zscore_mean	ok
GSM3316780	GSE117993	0.758286	2.02087	-0.640187	0.894175	signed_within_dataset_zscore_mean	ok
GSM3316781	GSE117993	-0.554648	-0.580239	-0.500222	-0.583484	signed_within_dataset_zscore_mean	ok
GSM3316782	GSE117993	0.0538009	-0.0313344	-0.182001	0.374738	signed_within_dataset_zscore_mean	ok
GSM3316783	GSE117993	0.0663566	0.641223	-0.47512	0.032967	signed_within_dataset_zscore_mean	ok
GSM3316784	GSE117993	0.0722184	0.83447	-0.179388	-0.438426	signed_within_dataset_zscore_mean	ok
GSM3316785	GSE117993	-0.149091	0.432547	-0.642019	-0.2378	signed_within_dataset_zscore_mean	ok
GSM3316786	GSE117993	0.493078	1.2793	-1.0456	1.24554	signed_within_dataset_zscore_mean	ok
GSM3316787	GSE117993	-0.663669	-0.535707	-0.701086	-0.754214	signed_within_dataset_zscore_mean	ok
GSM3316788	GSE117993	-0.45029	0.0116626	-0.690782	-0.671751	signed_within_dataset_zscore_mean	ok
GSM3316789	GSE117993	0.0878942	0.431098	-0.499794	0.332379	signed_within_dataset_zscore_mean	ok
GSM3316790	GSE117993	0.0570829	0.474456	-0.0351575	-0.26805	signed_within_dataset_zscore_mean	ok
GSM3316791	GSE117993	-0.526527	-0.495207	-0.763179	-0.321195	signed_within_dataset_zscore_mean	ok
GSM3316792	GSE117993	-0.280021	-0.00945917	-0.742936	-0.0876659	signed_within_dataset_zscore_mean	ok
GSM3316793	GSE117993	-0.0279098	0.431328	-0.623799	0.108742	signed_within_dataset_zscore_mean	ok
GSM3316794	GSE117993	-0.154141	-0.0282087	0.0447296	-0.478943	signed_within_dataset_zscore_mean	ok
GSM3316795	GSE117993	-0.915834	-0.990346	-0.72289	-1.03427	signed_within_dataset_zscore_mean	ok
GSM3316796	GSE117993	-0.362344	-0.384558	-0.374381	-0.328092	signed_within_dataset_zscore_mean	ok
GSM3316797	GSE117993	-0.205179	0.334153	-0.574219	-0.375473	signed_within_dataset_zscore_mean	ok
GSM3316798	GSE117993	-0.792154	-0.746785	-0.644944	-0.984734	signed_within_dataset_zscore_mean	ok
GSM3316799	GSE117993	-0.595067	-0.450896	-0.353107	-0.981196	signed_within_dataset_zscore_mean	ok
GSM3316800	GSE117993	-0.930566	-0.909346	-0.756493	-1.12586	signed_within_dataset_zscore_mean	ok
GSM3316801	GSE117993	-0.594081	-0.548124	-0.0476563	-1.18646	signed_within_dataset_zscore_mean	ok
GSM3316802	GSE117993	-0.0359455	0.422053	-0.364866	-0.165024	signed_within_dataset_zscore_mean	ok
GSM3316803	GSE117993	0.631898	0.108171	1.15902	0.6285	signed_within_dataset_zscore_mean	ok
GSM3316804	GSE117993	1.11838	1.42716	0.343716	1.58427	signed_within_dataset_zscore_mean	ok
GSM3316805	GSE117993	0.414039	0.168769	0.304457	0.768893	signed_within_dataset_zscore_mean	ok
GSM3316806	GSE117993	0.73422	0.738671	1.00784	0.456145	signed_within_dataset_zscore_mean	ok
GSM3316807	GSE117993	0.903814	1.1068	0.0154788	1.58917	signed_within_dataset_zscore_mean	ok
GSM3316808	GSE117993	0.125027	-0.330564	0.403877	0.301767	signed_within_dataset_zscore_mean	ok
GSM3316809	GSE117993	0.644324	0.00903364	1.00904	0.914897	signed_within_dataset_zscore_mean	ok
GSM3316810	GSE117993	0.572329	0.403458	0.605311	0.708219	signed_within_dataset_zscore_mean	ok
GSM3316811	GSE117993	0.664737	-0.08432	1.20107	0.877455	signed_within_dataset_zscore_mean	ok
GSM3316812	GSE117993	1.30778	1.14542	1.03955	1.73837	signed_within_dataset_zscore_mean	ok
GSM3316813	GSE117993	0.219751	0.685244	-0.504429	0.47844	signed_within_dataset_zscore_mean	ok
GSM3316814	GSE117993	-0.410044	-0.562049	-0.366974	-0.301108	signed_within_dataset_zscore_mean	ok
GSM3316815	GSE117993	0.137996	0.237881	0.00341083	0.172697	signed_within_dataset_zscore_mean	ok
GSM3316816	GSE117993	0.579462	0.102911	0.922773	0.712701	signed_within_dataset_zscore_mean	ok
GSM3316817	GSE117993	-0.243895	-0.143219	0.0817507	-0.670215	signed_within_dataset_zscore_mean	ok
GSM3316818	GSE117993	0.215117	-0.20291	0.509348	0.338913	signed_within_dataset_zscore_mean	ok
GSM3316819	GSE117993	0.413588	-0.144391	0.956997	0.42816	signed_within_dataset_zscore_mean	ok
GSM3316820	GSE117993	0.859705	0.0319244	1.6376	0.909586	signed_within_dataset_zscore_mean	ok
GSM3316821	GSE117993	-0.204918	-0.121801	-0.405042	-0.0879122	signed_within_dataset_zscore_mean	ok
GSM3316822	GSE117993	0.577067	0.537954	0.165451	1.0278	signed_within_dataset_zscore_mean	ok
GSM3316823	GSE117993	-0.226088	-0.307741	0.12264	-0.493163	signed_within_dataset_zscore_mean	ok
GSM3316824	GSE117993	-0.153777	-0.679848	0.331812	-0.113296	signed_within_dataset_zscore_mean	ok
GSM3316825	GSE117993	0.951222	1.11276	0.104331	1.63658	signed_within_dataset_zscore_mean	ok
GSM3316826	GSE117993	0.302478	-0.113396	0.694237	0.326594	signed_within_dataset_zscore_mean	ok
GSM3316827	GSE117993	0.104512	-0.375839	-0.0641215	0.753498	signed_within_dataset_zscore_mean	ok
GSM3316828	GSE117993	0.31412	-0.767016	1.38953	0.319849	signed_within_dataset_zscore_mean	ok
GSM3316829	GSE117993	0.769781	-0.237315	1.34431	1.20235	signed_within_dataset_zscore_mean	ok
GSM3316830	GSE117993	0.380184	-0.599331	1.08185	0.658032	signed_within_dataset_zscore_mean	ok
GSM3316831	GSE117993	0.0128622	-0.750219	0.710878	0.0779276	signed_within_dataset_zscore_mean	ok
GSM3316832	GSE117993	0.015101	0.323982	0.115555	-0.394235	signed_within_dataset_zscore_mean	ok
GSM3316833	GSE117993	0.00339063	-0.0191556	-0.125229	0.154556	signed_within_dataset_zscore_mean	ok
GSM3316834	GSE117993	0.752797	-0.154931	1.31953	1.09379	signed_within_dataset_zscore_mean	ok
GSM3316835	GSE117993	0.479885	-0.0072521	1.21558	0.231324	signed_within_dataset_zscore_mean	ok
GSM3316836	GSE117993	0.74879	-0.687542	2.80156	0.132354	signed_within_dataset_zscore_mean	ok
GSM3316837	GSE117993	0.180158	-0.471805	1.33395	-0.321667	signed_within_dataset_zscore_mean	ok
GSM3316838	GSE117993	0.9002	0.328767	1.34884	1.02299	signed_within_dataset_zscore_mean	ok
GSM3316839	GSE117993	-0.625618	-0.269039	-0.844152	-0.763664	signed_within_dataset_zscore_mean	ok
GSM3316840	GSE117993	0.971329	0.773509	1.31624	0.824238	signed_within_dataset_zscore_mean	ok
GSM3316841	GSE117993	0.805963	1.18311	-0.274721	1.5095	signed_within_dataset_zscore_mean	ok
GSM3316842	GSE117993	1.17457	0.315196	1.85568	1.35284	signed_within_dataset_zscore_mean	ok
GSM3316843	GSE117993	0.405878	-0.24959	0.717858	0.749366	signed_within_dataset_zscore_mean	ok
GSM3316844	GSE117993	-0.424311	-0.0482891	-0.470433	-0.75421	signed_within_dataset_zscore_mean	ok
GSM3316845	GSE117993	0.388724	-0.091213	1.13895	0.11843	signed_within_dataset_zscore_mean	ok
GSM2715651	GSE101794	0.178684	1.05074	-0.744595	0.229907	signed_within_dataset_zscore_mean	ok
GSM2715652	GSE101794	-0.174274	0.387589	-0.892815	-0.0175952	signed_within_dataset_zscore_mean	ok
GSM2715653	GSE101794	1.09077	1.05471	1.0458	1.1718	signed_within_dataset_zscore_mean	ok
GSM2715654	GSE101794	0.101321	0.379645	0.0512029	-0.126886	signed_within_dataset_zscore_mean	ok
GSM2715655	GSE101794	-0.363812	-0.0310809	-0.807923	-0.252432	signed_within_dataset_zscore_mean	ok
GSM2715656	GSE101794	0.206987	0.040226	0.377769	0.202965	signed_within_dataset_zscore_mean	ok
GSM2715657	GSE101794	-0.849959	-1.15598	-0.642728	-0.751167	signed_within_dataset_zscore_mean	ok
GSM2715658	GSE101794	0.216121	-0.124965	0.444579	0.328748	signed_within_dataset_zscore_mean	ok
GSM2715659	GSE101794	-0.679947	-1.18899	-0.475431	-0.375416	signed_within_dataset_zscore_mean	ok
GSM2715660	GSE101794	-0.129574	-0.562675	0.174768	-0.000813621	signed_within_dataset_zscore_mean	ok
GSM2715661	GSE101794	0.938625	0.489566	1.21253	1.11377	signed_within_dataset_zscore_mean	ok
GSM2715662	GSE101794	0.0463025	0.29267	-0.0465464	-0.107216	signed_within_dataset_zscore_mean	ok
GSM2715663	GSE101794	-0.667072	-0.237919	-1.05654	-0.70676	signed_within_dataset_zscore_mean	ok
GSM2715664	GSE101794	-0.558987	0.442609	-0.43551	-1.68406	signed_within_dataset_zscore_mean	ok
GSM2715665	GSE101794	0.226935	-0.418579	1.15184	-0.0524539	signed_within_dataset_zscore_mean	ok
GSM2715666	GSE101794	-0.413525	-0.386369	-0.619689	-0.234518	signed_within_dataset_zscore_mean	ok
GSM2715667	GSE101794	-0.365475	-0.190858	-0.455092	-0.450474	signed_within_dataset_zscore_mean	ok
GSM2715668	GSE101794	-0.532177	-0.79383	-0.322576	-0.480126	signed_within_dataset_zscore_mean	ok
GSM2715669	GSE101794	-0.403932	-0.51536	-0.593824	-0.102613	signed_within_dataset_zscore_mean	ok
GSM2715670	GSE101794	-0.380764	-0.41229	-0.911885	0.181881	signed_within_dataset_zscore_mean	ok
GSM2715671	GSE101794	-0.362194	-0.243745	-0.798134	-0.0447045	signed_within_dataset_zscore_mean	ok
GSM2715672	GSE101794	-0.656017	-0.348074	-1.00522	-0.614754	signed_within_dataset_zscore_mean	ok
GSM2715673	GSE101794	-0.15823	-0.577552	-0.10403	0.206892	signed_within_dataset_zscore_mean	ok
GSM2715674	GSE101794	0.0423857	-0.0995889	-0.0333851	0.260131	signed_within_dataset_zscore_mean	ok
GSM2715675	GSE101794	-0.871787	-0.848175	-1.21677	-0.550414	signed_within_dataset_zscore_mean	ok
GSM2715676	GSE101794	0.265475	-0.1761	0.469617	0.502908	signed_within_dataset_zscore_mean	ok
GSM2715677	GSE101794	-0.0698742	-0.233303	0.202118	-0.178438	signed_within_dataset_zscore_mean	ok
GSM2715678	GSE101794	-0.631893	-0.858318	-0.545461	-0.491901	signed_within_dataset_zscore_mean	ok
GSM2715679	GSE101794	-0.80378	-0.687019	-1.08591	-0.638408	signed_within_dataset_zscore_mean	ok
GSM2715680	GSE101794	0.817619	-0.46565	2.77406	0.144449	signed_within_dataset_zscore_mean	ok
GSM2715681	GSE101794	-0.377028	-0.649644	-0.253185	-0.228254	signed_within_dataset_zscore_mean	ok
GSM2715682	GSE101794	-0.211718	-0.127114	-0.376233	-0.131808	signed_within_dataset_zscore_mean	ok
GSM2715683	GSE101794	-0.221374	-0.346177	-0.0266401	-0.291305	signed_within_dataset_zscore_mean	ok
GSM2715684	GSE101794	0.103958	0.0265654	0.281748	0.00355913	signed_within_dataset_zscore_mean	ok
GSM2715685	GSE101794	-0.73525	-0.49127	-0.938781	-0.775699	signed_within_dataset_zscore_mean	ok
GSM2715686	GSE101794	-0.643951	-0.604389	-0.709845	-0.617619	signed_within_dataset_zscore_mean	ok
GSM2715687	GSE101794	-0.480216	-0.215866	-0.908925	-0.315857	signed_within_dataset_zscore_mean	ok
GSM2715688	GSE101794	0.540766	1.37208	-0.567835	0.818056	signed_within_dataset_zscore_mean	ok
GSM2715689	GSE101794	-0.10293	-0.522287	0.653896	-0.440397	signed_within_dataset_zscore_mean	ok
GSM2715690	GSE101794	-0.525467	-0.11273	-0.948935	-0.514737	signed_within_dataset_zscore_mean	ok
GSM2715691	GSE101794	-1.17852	-0.623684	-0.919056	-1.99281	signed_within_dataset_zscore_mean	ok
GSM2715692	GSE101794	-0.383591	-1.09854	0.546906	-0.599134	signed_within_dataset_zscore_mean	ok
GSM2715693	GSE101794	-0.570702	-0.485208	-0.700502	-0.526398	signed_within_dataset_zscore_mean	ok
GSM2715694	GSE101794	-0.730662	-0.472365	-0.829845	-0.889777	signed_within_dataset_zscore_mean	ok
GSM2715695	GSE101794	0.0136329	-0.112746	0.47702	-0.323375	signed_within_dataset_zscore_mean	ok
GSM2715696	GSE101794	0.354241	0.205357	0.498355	0.359009	signed_within_dataset_zscore_mean	ok
GSM2715697	GSE101794	-0.152525	0.268401	-0.878141	0.152166	signed_within_dataset_zscore_mean	ok
GSM2715698	GSE101794	0.163883	0.53978	-0.494466	0.446334	signed_within_dataset_zscore_mean	ok
GSM2715699	GSE101794	-0.796001	-0.606197	-1.07899	-0.702813	signed_within_dataset_zscore_mean	ok
GSM2715700	GSE101794	-0.722404	0.108442	-0.855222	-1.42043	signed_within_dataset_zscore_mean	ok
GSM2715701	GSE101794	0.373802	-0.038656	1.12773	0.0323349	signed_within_dataset_zscore_mean	ok
GSM2715702	GSE101794	-0.665606	-0.676793	-0.721887	-0.598138	signed_within_dataset_zscore_mean	ok
GSM2715703	GSE101794	0.0978043	-0.249807	0.535314	0.00790648	signed_within_dataset_zscore_mean	ok
GSM2715704	GSE101794	-0.247195	-0.194807	-0.411808	-0.13497	signed_within_dataset_zscore_mean	ok
GSM2715705	GSE101794	0.634112	2.34443	-0.518572	0.07648	signed_within_dataset_zscore_mean	ok
GSM2715706	GSE101794	-0.421025	-0.642108	-0.531709	-0.0892571	signed_within_dataset_zscore_mean	ok
GSM2715707	GSE101794	0.243635	0.106071	0.0634367	0.561398	signed_within_dataset_zscore_mean	ok
GSM2715708	GSE101794	0.943957	0.945474	0.947555	0.93884	signed_within_dataset_zscore_mean	ok
GSM2715709	GSE101794	0.0590319	0.933729	-0.834313	0.07768	signed_within_dataset_zscore_mean	ok
GSM2715710	GSE101794	-0.113915	-0.100462	-0.484463	0.243181	signed_within_dataset_zscore_mean	ok
GSM2715711	GSE101794	0.306975	0.210003	0.529401	0.181522	signed_within_dataset_zscore_mean	ok
GSM2715712	GSE101794	-0.0514643	0.174217	-0.23627	-0.09234	signed_within_dataset_zscore_mean	ok
GSM2715713	GSE101794	-0.125793	0.812845	-0.457267	-0.732957	signed_within_dataset_zscore_mean	ok
GSM2715714	GSE101794	0.58467	1.5643	-0.796711	0.986427	signed_within_dataset_zscore_mean	ok
GSM2715715	GSE101794	0.257054	0.638043	-0.366967	0.500086	signed_within_dataset_zscore_mean	ok
GSM2715716	GSE101794	-0.34381	-0.522352	-0.261019	-0.248059	signed_within_dataset_zscore_mean	ok
GSM2715717	GSE101794	-0.586759	-0.911522	-0.459032	-0.389724	signed_within_dataset_zscore_mean	ok
GSM2715718	GSE101794	0.5655	0.10802	0.743309	0.845171	signed_within_dataset_zscore_mean	ok
GSM2715719	GSE101794	-0.705958	-0.402473	-1.08892	-0.626479	signed_within_dataset_zscore_mean	ok
GSM2715720	GSE101794	-0.346092	-0.573077	-0.0762912	-0.388909	signed_within_dataset_zscore_mean	ok
GSM2715721	GSE101794	-0.189209	-0.318238	0.343696	-0.593084	signed_within_dataset_zscore_mean	ok
GSM2715722	GSE101794	0.887082	0.124143	1.82687	0.710234	signed_within_dataset_zscore_mean	ok
GSM2715723	GSE101794	-0.6383	-0.166912	-0.217388	-1.5306	signed_within_dataset_zscore_mean	ok
GSM2715724	GSE101794	0.39727	0.497856	0.000879579	0.693075	signed_within_dataset_zscore_mean	ok
GSM2715725	GSE101794	-0.167633	-0.621791	0.232575	-0.113682	signed_within_dataset_zscore_mean	ok
GSM2715726	GSE101794	0.158398	0.60976	-1.104	0.96943	signed_within_dataset_zscore_mean	ok
GSM2715727	GSE101794	0.273793	-0.0437023	0.726978	0.138103	signed_within_dataset_zscore_mean	ok
GSM2715728	GSE101794	-0.235062	-0.631168	0.00967315	-0.0836911	signed_within_dataset_zscore_mean	ok
GSM2715729	GSE101794	-0.470929	-0.123329	-0.850817	-0.438639	signed_within_dataset_zscore_mean	ok
GSM2715730	GSE101794	-0.666246	-1.00596	-0.550303	-0.44248	signed_within_dataset_zscore_mean	ok
GSM2715731	GSE101794	-0.3505	-0.0723078	-0.622689	-0.356502	signed_within_dataset_zscore_mean	ok
GSM2715732	GSE101794	0.0629848	0.0995459	-0.256313	0.345721	signed_within_dataset_zscore_mean	ok
GSM2715733	GSE101794	0.709674	1.98013	-0.952776	1.10167	signed_within_dataset_zscore_mean	ok
GSM2715734	GSE101794	-0.140284	0.108283	-0.822	0.292865	signed_within_dataset_zscore_mean	ok
GSM2715735	GSE101794	0.299807	0.236802	0.43029	0.232328	signed_within_dataset_zscore_mean	ok
GSM2715736	GSE101794	0.0704099	0.218593	-0.0824158	0.0750522	signed_within_dataset_zscore_mean	ok
GSM2715737	GSE101794	0.299198	0.449833	0.223806	0.223954	signed_within_dataset_zscore_mean	ok
GSM2715738	GSE101794	0.141982	0.0670875	0.0594042	0.299453	signed_within_dataset_zscore_mean	ok
GSM2715739	GSE101794	0.0382746	-0.4345	0.735892	-0.186568	signed_within_dataset_zscore_mean	ok
GSM2715740	GSE101794	-0.0104793	-0.0288325	0.0368183	-0.0394236	signed_within_dataset_zscore_mean	ok
GSM2715741	GSE101794	0.543351	0.21098	0.854832	0.564242	signed_within_dataset_zscore_mean	ok
GSM2715742	GSE101794	0.0785966	-0.205416	0.283113	0.158093	signed_within_dataset_zscore_mean	ok
GSM2715743	GSE101794	-0.679979	-0.282682	-0.896771	-0.860483	signed_within_dataset_zscore_mean	ok
GSM2715744	GSE101794	-0.154868	-0.959465	0.503455	-0.00859491	signed_within_dataset_zscore_mean	ok
GSM2715745	GSE101794	-0.157966	-0.33967	0.269512	-0.40374	signed_within_dataset_zscore_mean	ok
GSM2715746	GSE101794	-0.37034	-0.499509	-0.289648	-0.321862	signed_within_dataset_zscore_mean	ok
GSM2715747	GSE101794	0.574858	0.131116	1.17476	0.418696	signed_within_dataset_zscore_mean	ok
GSM2715748	GSE101794	0.113786	0.0386291	-0.128481	0.431209	signed_within_dataset_zscore_mean	ok
GSM2715749	GSE101794	-0.243294	-1.04424	-0.0947244	0.409083	signed_within_dataset_zscore_mean	ok
GSM2715750	GSE101794	0.307317	0.0911732	0.494179	0.3366	signed_within_dataset_zscore_mean	ok
GSM2715751	GSE101794	0.0423759	0.102662	0.0735451	-0.0490796	signed_within_dataset_zscore_mean	ok
GSM2715752	GSE101794	0.285109	0.0195051	0.401009	0.434811	signed_within_dataset_zscore_mean	ok
GSM2715753	GSE101794	0.215506	-0.543174	0.391481	0.798211	signed_within_dataset_zscore_mean	ok
GSM2715754	GSE101794	0.167972	0.187837	0.333017	-0.0169379	signed_within_dataset_zscore_mean	ok
GSM2715755	GSE101794	0.145569	0.170092	0.42168	-0.155067	signed_within_dataset_zscore_mean	ok
GSM2715756	GSE101794	-0.740505	0.0437399	-0.86163	-1.40363	signed_within_dataset_zscore_mean	ok
GSM2715757	GSE101794	0.84548	0.489412	1.71216	0.334873	signed_within_dataset_zscore_mean	ok
GSM2715758	GSE101794	0.282459	0.00707018	0.512019	0.328287	signed_within_dataset_zscore_mean	ok
GSM2715759	GSE101794	0.438949	-0.254302	1.08223	0.488922	signed_within_dataset_zscore_mean	ok
GSM2715760	GSE101794	0.392236	-0.606638	1.37538	0.407963	signed_within_dataset_zscore_mean	ok
GSM2715761	GSE101794	-0.141649	-0.0398143	0.108624	-0.493756	signed_within_dataset_zscore_mean	ok
GSM2715762	GSE101794	-0.0090956	-0.527703	0.391128	0.109288	signed_within_dataset_zscore_mean	ok
GSM2715763	GSE101794	1.39527	1.89691	1.15115	1.13774	signed_within_dataset_zscore_mean	ok
GSM2715764	GSE101794	0.857236	-0.284744	2.12054	0.735908	signed_within_dataset_zscore_mean	ok
GSM2715765	GSE101794	0.240029	1.35312	-0.834743	0.201705	signed_within_dataset_zscore_mean	ok
GSM2715766	GSE101794	0.539369	0.0437131	2.12813	-0.553741	signed_within_dataset_zscore_mean	ok
GSM2715767	GSE101794	0.15475	-0.138561	0.288465	0.314346	signed_within_dataset_zscore_mean	ok
GSM2715768	GSE101794	0.70694	0.485092	0.50776	1.12797	signed_within_dataset_zscore_mean	ok
GSM2715769	GSE101794	0.882186	-0.172904	2.58512	0.234341	signed_within_dataset_zscore_mean	ok
GSM2715770	GSE101794	0.971472	1.40432	0.1967	1.3134	signed_within_dataset_zscore_mean	ok
GSM2715771	GSE101794	0.049326	-0.282669	0.34328	0.0873664	signed_within_dataset_zscore_mean	ok
GSM2715772	GSE101794	0.646113	1.01651	-0.00462977	0.926457	signed_within_dataset_zscore_mean	ok
GSM2715773	GSE101794	-0.0131555	-0.279097	-0.0188616	0.258493	signed_within_dataset_zscore_mean	ok
GSM2715774	GSE101794	0.725385	0.146206	1.17253	0.857424	signed_within_dataset_zscore_mean	ok
GSM2715775	GSE101794	0.382275	0.238774	0.540354	0.367698	signed_within_dataset_zscore_mean	ok
GSM2715776	GSE101794	0.0795388	0.53369	-0.823316	0.528242	signed_within_dataset_zscore_mean	ok
GSM2715777	GSE101794	-0.68219	-0.806114	-0.509335	-0.73112	signed_within_dataset_zscore_mean	ok
GSM2715778	GSE101794	0.752021	1.36539	-0.197177	1.08785	signed_within_dataset_zscore_mean	ok
GSM2715779	GSE101794	0.779765	0.570263	1.1517	0.617332	signed_within_dataset_zscore_mean	ok
GSM2715780	GSE101794	1.04058	1.65796	0.161623	1.30215	signed_within_dataset_zscore_mean	ok
GSM2715781	GSE101794	-0.323261	-0.318824	-0.425183	-0.225776	signed_within_dataset_zscore_mean	ok
GSM2715782	GSE101794	-0.516467	-0.335511	-0.773818	-0.440073	signed_within_dataset_zscore_mean	ok
GSM2715783	GSE101794	-0.152372	-0.0806905	-0.113614	-0.262812	signed_within_dataset_zscore_mean	ok
GSM2715784	GSE101794	0.281108	0.250618	-0.122236	0.714941	signed_within_dataset_zscore_mean	ok
GSM2715785	GSE101794	0.916117	0.706711	1.26863	0.773014	signed_within_dataset_zscore_mean	ok
GSM2715786	GSE101794	-0.00654469	-0.170404	-0.203307	0.354077	signed_within_dataset_zscore_mean	ok
GSM2715787	GSE101794	0.530996	0.0190381	1.15384	0.420109	signed_within_dataset_zscore_mean	ok
GSM2715788	GSE101794	0.205291	-0.213744	1.07415	-0.244535	signed_within_dataset_zscore_mean	ok
GSM2715789	GSE101794	0.935925	0.430063	1.645	0.732715	signed_within_dataset_zscore_mean	ok
GSM2715790	GSE101794	-0.0532743	-0.772943	0.664971	-0.0518509	signed_within_dataset_zscore_mean	ok
GSM2715791	GSE101794	0.762467	0.994289	0.574704	0.718409	signed_within_dataset_zscore_mean	ok
GSM2715792	GSE101794	1.04967	0.871552	1.12332	1.15413	signed_within_dataset_zscore_mean	ok
GSM2715793	GSE101794	1.26724	1.62017	1.28717	0.894374	signed_within_dataset_zscore_mean	ok
GSM2715794	GSE101794	-0.156012	-0.098679	-0.61354	0.244184	signed_within_dataset_zscore_mean	ok
GSM2715795	GSE101794	0.270127	0.392437	-0.048667	0.466611	signed_within_dataset_zscore_mean	ok
GSM2715796	GSE101794	-0.528955	-0.887025	-0.181982	-0.517858	signed_within_dataset_zscore_mean	ok
GSM2715797	GSE101794	0.692722	0.0922277	1.62403	0.361905	signed_within_dataset_zscore_mean	ok
GSM2715798	GSE101794	0.175123	-0.395514	0.957116	-0.0362338	signed_within_dataset_zscore_mean	ok
GSM2715799	GSE101794	1.04908	0.383262	1.83985	0.924131	signed_within_dataset_zscore_mean	ok
GSM2715800	GSE101794	-0.610511	-0.424956	-0.784277	-0.622301	signed_within_dataset_zscore_mean	ok
GSM2715801	GSE101794	-0.265539	-0.310467	-0.481542	-0.00460949	signed_within_dataset_zscore_mean	ok
GSM2715802	GSE101794	-0.765378	-0.250746	-1.03279	-1.0126	signed_within_dataset_zscore_mean	ok
GSM2715803	GSE101794	0.413643	-0.460777	1.55141	0.150298	signed_within_dataset_zscore_mean	ok
GSM2715804	GSE101794	-0.0747219	-0.569017	0.6785	-0.333649	signed_within_dataset_zscore_mean	ok
GSM2715805	GSE101794	-0.649391	0.144887	-0.72118	-1.37188	signed_within_dataset_zscore_mean	ok
GSM2715806	GSE101794	-0.513441	-0.355439	-0.669129	-0.515756	signed_within_dataset_zscore_mean	ok
GSM2715807	GSE101794	0.101243	0.530819	-0.196301	-0.0307881	signed_within_dataset_zscore_mean	ok
GSM2715808	GSE101794	0.254377	0.0942198	0.0453749	0.623537	signed_within_dataset_zscore_mean	ok
GSM2715809	GSE101794	0.916418	-0.164908	2.52439	0.389777	signed_within_dataset_zscore_mean	ok
GSM2715810	GSE101794	0.254728	-0.331013	0.844352	0.250847	signed_within_dataset_zscore_mean	ok
GSM2715811	GSE101794	0.287523	-0.651599	1.29511	0.219058	signed_within_dataset_zscore_mean	ok
GSM2715812	GSE101794	0.633879	0.52831	0.873162	0.500166	signed_within_dataset_zscore_mean	ok
GSM2715813	GSE101794	0.0632642	-0.551337	0.867442	-0.126313	signed_within_dataset_zscore_mean	ok
GSM2715814	GSE101794	-0.170686	-0.412337	-0.188707	0.0889874	signed_within_dataset_zscore_mean	ok
GSM2715815	GSE101794	-0.0654476	-0.597931	0.268044	0.133545	signed_within_dataset_zscore_mean	ok
GSM2715816	GSE101794	0.0526058	0.0130478	0.0327724	0.111997	signed_within_dataset_zscore_mean	ok
GSM2715817	GSE101794	0.495734	0.138927	1.07477	0.273507	signed_within_dataset_zscore_mean	ok
GSM2715818	GSE101794	0.721147	0.358989	0.926149	0.878305	signed_within_dataset_zscore_mean	ok
GSM2715819	GSE101794	-0.278833	-0.272349	-0.369821	-0.19433	signed_within_dataset_zscore_mean	ok
GSM2715820	GSE101794	0.69729	-0.116956	1.68584	0.522987	signed_within_dataset_zscore_mean	ok
GSM2715821	GSE101794	0.0191004	-0.677319	0.678306	0.056314	signed_within_dataset_zscore_mean	ok
GSM2715822	GSE101794	0.202338	-0.0893531	0.666627	0.029739	signed_within_dataset_zscore_mean	ok
GSM2715823	GSE101794	-0.00248276	0.140579	-0.236491	0.0884637	signed_within_dataset_zscore_mean	ok
GSM2715824	GSE101794	0.283804	0.301011	0.0330247	0.517377	signed_within_dataset_zscore_mean	ok
GSM2715825	GSE101794	-0.0500613	-0.544361	0.358035	0.0361427	signed_within_dataset_zscore_mean	ok
GSM2715826	GSE101794	-0.00753965	0.353491	-0.0950568	-0.281054	signed_within_dataset_zscore_mean	ok
GSM2715827	GSE101794	-0.0816938	0.0302239	-0.458467	0.183161	signed_within_dataset_zscore_mean	ok
GSM2715828	GSE101794	0.503167	-0.156135	1.13729	0.528342	signed_within_dataset_zscore_mean	ok
GSM2715829	GSE101794	0.25941	0.0452335	1.02802	-0.295021	signed_within_dataset_zscore_mean	ok
GSM2715830	GSE101794	-0.918277	-0.747914	-1.11114	-0.895781	signed_within_dataset_zscore_mean	ok
GSM2715831	GSE101794	0.128218	-1.18269	1.29637	0.270982	signed_within_dataset_zscore_mean	ok
GSM2715832	GSE101794	0.267536	-0.484858	1.13634	0.151126	signed_within_dataset_zscore_mean	ok
GSM2715833	GSE101794	-0.343533	0.738057	-0.823919	-0.944736	signed_within_dataset_zscore_mean	ok
GSM2715834	GSE101794	0.399603	1.6386	-1.35668	0.916883	signed_within_dataset_zscore_mean	ok
GSM2715835	GSE101794	-0.0779879	0.191032	-0.605944	0.180949	signed_within_dataset_zscore_mean	ok
GSM2715836	GSE101794	-0.429085	0.375749	-1.02542	-0.637587	signed_within_dataset_zscore_mean	ok
GSM2715837	GSE101794	1.43159	2.40744	0.538864	1.34846	signed_within_dataset_zscore_mean	ok
GSM2715838	GSE101794	-0.466054	-0.351642	-0.809521	-0.237	signed_within_dataset_zscore_mean	ok
GSM2715839	GSE101794	0.774075	-0.305511	2.00245	0.625288	signed_within_dataset_zscore_mean	ok
GSM2715840	GSE101794	0.705179	-0.599011	2.44915	0.265395	signed_within_dataset_zscore_mean	ok
GSM2715841	GSE101794	1.26202	2.74455	-0.160658	1.20217	signed_within_dataset_zscore_mean	ok
GSM2715842	GSE101794	-0.442025	-0.105057	-1.01489	-0.206129	signed_within_dataset_zscore_mean	ok
GSM2715843	GSE101794	-0.170605	0.000364022	-0.392823	-0.119356	signed_within_dataset_zscore_mean	ok
GSM2715844	GSE101794	-0.319171	-0.0297201	-0.69207	-0.235723	signed_within_dataset_zscore_mean	ok
GSM2715845	GSE101794	-0.215848	-0.306125	-0.395017	0.053597	signed_within_dataset_zscore_mean	ok
GSM2715846	GSE101794	0.422054	-0.592852	1.98379	-0.124774	signed_within_dataset_zscore_mean	ok
GSM2715847	GSE101794	0.781063	0.244423	2.48721	-0.388441	signed_within_dataset_zscore_mean	ok
GSM2715848	GSE101794	0.118923	-0.544396	0.536054	0.36511	signed_within_dataset_zscore_mean	ok
GSM2715849	GSE101794	0.507111	-0.253198	1.20547	0.569061	signed_within_dataset_zscore_mean	ok
GSM2715850	GSE101794	1.28611	1.22682	2.34623	0.28529	signed_within_dataset_zscore_mean	ok
GSM2715851	GSE101794	1.00449	1.64134	-0.257169	1.62929	signed_within_dataset_zscore_mean	ok
GSM2715852	GSE101794	-0.599275	0.00858783	-0.478957	-1.32746	signed_within_dataset_zscore_mean	ok
GSM2715853	GSE101794	-0.688498	-0.16805	-0.952107	-0.945337	signed_within_dataset_zscore_mean	ok
GSM2715854	GSE101794	0.295701	0.0657662	0.334089	0.487247	signed_within_dataset_zscore_mean	ok
GSM2715855	GSE101794	0.27247	1.3738	-0.381512	-0.174881	signed_within_dataset_zscore_mean	ok
GSM2715856	GSE101794	0.120327	-0.15487	0.510352	0.00550029	signed_within_dataset_zscore_mean	ok
GSM2715857	GSE101794	1.53701	3.4142	-0.576619	1.77344	signed_within_dataset_zscore_mean	ok
GSM2715858	GSE101794	1.23582	-0.196072	2.52653	1.37701	signed_within_dataset_zscore_mean	ok
GSM2715859	GSE101794	1.49448	2.22331	0.91613	1.34399	signed_within_dataset_zscore_mean	ok
GSM2715860	GSE101794	0.415848	-0.051327	1.04599	0.252881	signed_within_dataset_zscore_mean	ok
GSM2715861	GSE101794	0.546637	0.121206	1.58388	-0.0651783	signed_within_dataset_zscore_mean	ok
GSM2715862	GSE101794	-0.658012	-0.778981	-0.953891	-0.241163	signed_within_dataset_zscore_mean	ok
GSM2715863	GSE101794	-0.137224	0.00560216	-0.674954	0.257679	signed_within_dataset_zscore_mean	ok
GSM2715864	GSE101794	0.997114	0.316096	1.58236	1.09288	signed_within_dataset_zscore_mean	ok
GSM2715865	GSE101794	-0.118333	-0.0977762	-0.273167	0.0159438	signed_within_dataset_zscore_mean	ok
GSM2715866	GSE101794	-0.0529123	0.327837	-0.554715	0.0681409	signed_within_dataset_zscore_mean	ok
GSM2715867	GSE101794	0.737317	0.621059	0.683983	0.90691	signed_within_dataset_zscore_mean	ok
GSM2715868	GSE101794	0.484344	0.381026	0.685041	0.386966	signed_within_dataset_zscore_mean	ok
GSM2715869	GSE101794	-0.37709	1.19129	-1.12739	-1.19517	signed_within_dataset_zscore_mean	ok
GSM2715870	GSE101794	-0.0962554	0.036976	-0.319838	-0.00590453	signed_within_dataset_zscore_mean	ok
GSM2715871	GSE101794	0.41417	0.0512613	0.995891	0.195358	signed_within_dataset_zscore_mean	ok
GSM2715872	GSE101794	0.181533	0.0775158	0.670911	-0.203827	signed_within_dataset_zscore_mean	ok
GSM2715873	GSE101794	0.242612	-0.378388	0.621219	0.485005	signed_within_dataset_zscore_mean	ok
GSM2715874	GSE101794	-0.164119	0.0380422	-0.364864	-0.165537	signed_within_dataset_zscore_mean	ok
GSM2715875	GSE101794	1.51551	2.87866	-0.0971207	1.76498	signed_within_dataset_zscore_mean	ok
GSM2715876	GSE101794	-0.433031	-0.109707	-0.945225	-0.244161	signed_within_dataset_zscore_mean	ok
GSM2715877	GSE101794	0.671915	0.246398	0.852977	0.916371	signed_within_dataset_zscore_mean	ok
GSM2715878	GSE101794	0.0430477	-0.440407	0.360049	0.209501	signed_within_dataset_zscore_mean	ok
GSM2715879	GSE101794	-0.0330429	-0.11196	-0.130198	0.14303	signed_within_dataset_zscore_mean	ok
GSM2715880	GSE101794	-0.0284427	-0.0672821	0.144471	-0.162517	signed_within_dataset_zscore_mean	ok
GSM2715881	GSE101794	0.400867	-0.0881406	0.829979	0.460764	signed_within_dataset_zscore_mean	ok
GSM2715882	GSE101794	0.295112	0.220634	0.379112	0.285589	signed_within_dataset_zscore_mean	ok
GSM2715883	GSE101794	0.239178	0.675089	-0.824511	0.866955	signed_within_dataset_zscore_mean	ok
GSM2715884	GSE101794	0.711261	0.561451	0.992651	0.579682	signed_within_dataset_zscore_mean	ok
GSM2715885	GSE101794	0.259126	-0.10968	0.669033	0.218024	signed_within_dataset_zscore_mean	ok
GSM2715886	GSE101794	-0.462115	-0.287306	-0.46972	-0.62932	signed_within_dataset_zscore_mean	ok
GSM2715887	GSE101794	-0.230301	-0.169582	-0.411886	-0.109434	signed_within_dataset_zscore_mean	ok
GSM2715888	GSE101794	-0.258879	0.305195	-1.0991	0.0172667	signed_within_dataset_zscore_mean	ok
GSM2715889	GSE101794	-0.317978	-0.0436089	-0.860528	-0.0497984	signed_within_dataset_zscore_mean	ok
GSM2715890	GSE101794	-0.124337	-0.666464	1.46109	-1.16763	signed_within_dataset_zscore_mean	ok
GSM2715891	GSE101794	0.350202	-0.297544	1.48745	-0.139299	signed_within_dataset_zscore_mean	ok
GSM2715892	GSE101794	-0.184575	-0.547273	-0.143955	0.137505	signed_within_dataset_zscore_mean	ok
GSM2715893	GSE101794	0.034585	-0.329532	0.400167	0.0331202	signed_within_dataset_zscore_mean	ok
GSM2715894	GSE101794	0.0601299	-0.202552	0.0133551	0.369586	signed_within_dataset_zscore_mean	ok
GSM2715895	GSE101794	-0.82248	-0.899394	-0.847063	-0.720982	signed_within_dataset_zscore_mean	ok
GSM2715896	GSE101794	0.695112	-0.454706	2.00105	0.538997	signed_within_dataset_zscore_mean	ok
GSM2715897	GSE101794	0.0695176	-0.325485	0.562489	-0.0284517	signed_within_dataset_zscore_mean	ok
GSM2715898	GSE101794	0.089819	-0.450241	0.828213	-0.108516	signed_within_dataset_zscore_mean	ok
GSM2715899	GSE101794	0.0151194	0.0434435	-0.0550663	0.0569809	signed_within_dataset_zscore_mean	ok
GSM2715900	GSE101794	-0.128242	0.203161	-0.853324	0.265436	signed_within_dataset_zscore_mean	ok
GSM2715901	GSE101794	-0.237567	-0.301963	-0.283663	-0.127074	signed_within_dataset_zscore_mean	ok
GSM2715902	GSE101794	0.664111	0.112898	1.42794	0.451496	signed_within_dataset_zscore_mean	ok
GSM2715903	GSE101794	-0.191085	-0.449609	-0.133544	0.00989841	signed_within_dataset_zscore_mean	ok
GSM2715904	GSE101794	-0.289345	-0.0399086	-0.241075	-0.587051	signed_within_dataset_zscore_mean	ok
GSM2715905	GSE101794	-0.639296	-0.0568095	-0.961287	-0.899792	signed_within_dataset_zscore_mean	ok
GSM2715906	GSE101794	-0.651583	-0.371292	-0.915968	-0.667488	signed_within_dataset_zscore_mean	ok
GSM2715907	GSE101794	-0.886293	-0.643987	-1.10925	-0.905641	signed_within_dataset_zscore_mean	ok
GSM2715908	GSE101794	-0.609424	-0.333587	-0.840781	-0.653905	signed_within_dataset_zscore_mean	ok
GSM2715909	GSE101794	-0.0882288	0.393274	-1.12602	0.468061	signed_within_dataset_zscore_mean	ok
GSM2715910	GSE101794	-0.452815	-0.174038	-0.845322	-0.339084	signed_within_dataset_zscore_mean	ok
GSM2715911	GSE101794	-0.5934	-0.172639	-1.09173	-0.515831	signed_within_dataset_zscore_mean	ok
GSM2715912	GSE101794	-0.52029	-0.36625	-0.684937	-0.509682	signed_within_dataset_zscore_mean	ok
GSM2715913	GSE101794	-0.700253	-0.86172	-0.814752	-0.424287	signed_within_dataset_zscore_mean	ok
GSM2715914	GSE101794	0.345124	1.65634	-1.03584	0.414863	signed_within_dataset_zscore_mean	ok
GSM2715915	GSE101794	-1.04484	-1.46076	-0.627464	-1.04631	signed_within_dataset_zscore_mean	ok
GSM2715916	GSE101794	-0.593496	-0.294854	-1.31387	-0.17177	signed_within_dataset_zscore_mean	ok
GSM2715917	GSE101794	-0.770121	-0.898078	-0.643647	-0.768637	signed_within_dataset_zscore_mean	ok
GSM2715918	GSE101794	-0.156377	-0.272109	0.0316012	-0.228624	signed_within_dataset_zscore_mean	ok
GSM2715919	GSE101794	-0.735668	-0.507149	-0.614437	-1.08542	signed_within_dataset_zscore_mean	ok
GSM2715920	GSE101794	-0.371634	-0.61853	-0.0542808	-0.44209	signed_within_dataset_zscore_mean	ok
GSM2715921	GSE101794	-0.765216	-0.340947	-1.12549	-0.829208	signed_within_dataset_zscore_mean	ok
GSM2715922	GSE101794	-0.0477959	0.667582	-1.18552	0.374553	signed_within_dataset_zscore_mean	ok
GSM2715923	GSE101794	-0.423955	-0.699485	-0.141988	-0.430394	signed_within_dataset_zscore_mean	ok
GSM2715924	GSE101794	-0.175707	0.209195	-0.698383	-0.037933	signed_within_dataset_zscore_mean	ok
GSM2715925	GSE101794	-0.719438	-0.644869	-0.974665	-0.538779	signed_within_dataset_zscore_mean	ok
GSM2715926	GSE101794	0.201912	0.502201	-0.538051	0.641585	signed_within_dataset_zscore_mean	ok
GSM2715927	GSE101794	0.140732	0.705215	-0.765239	0.482218	signed_within_dataset_zscore_mean	ok
GSM2715928	GSE101794	-0.422328	0.151856	-0.870474	-0.548367	signed_within_dataset_zscore_mean	ok
GSM2715929	GSE101794	-0.884765	-0.951375	-0.732936	-0.969983	signed_within_dataset_zscore_mean	ok
GSM2715930	GSE101794	-0.560022	-0.563858	-0.811553	-0.304655	signed_within_dataset_zscore_mean	ok
GSM2715931	GSE101794	-0.465486	-0.441513	-0.573357	-0.381589	signed_within_dataset_zscore_mean	ok
GSM2715932	GSE101794	-0.568356	-0.633681	-0.387357	-0.684029	signed_within_dataset_zscore_mean	ok
GSM2715933	GSE101794	-0.848114	-0.590168	-1.14021	-0.813962	signed_within_dataset_zscore_mean	ok
GSM2715934	GSE101794	-0.697232	-0.370859	-0.704189	-1.01665	signed_within_dataset_zscore_mean	ok
GSM2715935	GSE101794	-0.605827	-0.512854	-1.0308	-0.273833	signed_within_dataset_zscore_mean	ok
GSM2715936	GSE101794	-0.744599	-0.907807	-0.366493	-0.959497	signed_within_dataset_zscore_mean	ok
GSM2715937	GSE101794	-0.30244	0.583094	-1.09322	-0.397193	signed_within_dataset_zscore_mean	ok
GSM2715938	GSE101794	-0.535955	-0.213212	-0.451602	-0.943051	signed_within_dataset_zscore_mean	ok
GSM2715939	GSE101794	-0.68649	-0.668439	-0.824178	-0.566853	signed_within_dataset_zscore_mean	ok
GSM2715940	GSE101794	0.494024	1.84893	-1.21635	0.849492	signed_within_dataset_zscore_mean	ok
GSM2715941	GSE101794	-0.500674	-0.602648	-0.512327	-0.387047	signed_within_dataset_zscore_mean	ok
GSM2715942	GSE101794	-0.690557	-0.905443	-0.806379	-0.35985	signed_within_dataset_zscore_mean	ok
GSM2715943	GSE101794	-0.516339	-0.184746	-1.03953	-0.32474	signed_within_dataset_zscore_mean	ok
GSM2715944	GSE101794	0.408924	1.63781	-0.93836	0.527327	signed_within_dataset_zscore_mean	ok
GSM2715945	GSE101794	-0.64605	-0.593172	-0.804792	-0.540185	signed_within_dataset_zscore_mean	ok
GSM2715946	GSE101794	-0.590104	-0.902046	-0.523225	-0.34504	signed_within_dataset_zscore_mean	ok
GSM2715947	GSE101794	-0.598138	-0.788072	-0.726851	-0.279489	signed_within_dataset_zscore_mean	ok
GSM2715948	GSE101794	-0.804604	-0.796547	-0.834002	-0.783264	signed_within_dataset_zscore_mean	ok
GSM2715949	GSE101794	-0.863802	-0.347232	-1.08286	-1.16131	signed_within_dataset_zscore_mean	ok
GSM2715950	GSE101794	-0.800691	-0.875483	-0.704679	-0.821911	signed_within_dataset_zscore_mean	ok
GSM2715951	GSE101794	-0.785755	-0.28133	-1.1139	-0.962035	signed_within_dataset_zscore_mean	ok
GSM2715952	GSE101794	-0.68874	0.15485	-1.47462	-0.746453	signed_within_dataset_zscore_mean	ok
GSM2715953	GSE101794	0.299881	1.47916	-1.11479	0.535273	signed_within_dataset_zscore_mean	ok
GSM2715954	GSE101794	-0.0968708	0.598628	-0.97939	0.0901491	signed_within_dataset_zscore_mean	ok
GSM307886	GSE12251	-0.0921903	-0.470662	0.191471	0.00262035	signed_within_dataset_zscore_mean	ok
GSM307887	GSE12251	0.243222	0.543983	0.00250951	0.183174	signed_within_dataset_zscore_mean	ok
GSM307888	GSE12251	-0.311277	-0.248966	-0.365083	-0.319782	signed_within_dataset_zscore_mean	ok
GSM307889	GSE12251	-0.116499	0.0597977	-0.68638	0.277084	signed_within_dataset_zscore_mean	ok
GSM307890	GSE12251	0.0569777	-0.549494	-0.00352632	0.723953	signed_within_dataset_zscore_mean	ok
GSM307891	GSE12251	0.355811	-0.145516	1.13212	0.0808252	signed_within_dataset_zscore_mean	ok
GSM307892	GSE12251	-0.793503	0.226807	-0.530013	-2.0773	signed_within_dataset_zscore_mean	ok
GSM307893	GSE12251	0.252551	0.710909	0.369781	-0.323036	signed_within_dataset_zscore_mean	ok
GSM307894	GSE12251	-0.846249	-0.931807	-0.464317	-1.14262	signed_within_dataset_zscore_mean	ok
GSM307895	GSE12251	0.228487	0.373874	0.25679	0.0547976	signed_within_dataset_zscore_mean	ok
GSM307896	GSE12251	-1.07132	-0.689565	-1.0956	-1.42879	signed_within_dataset_zscore_mean	ok
GSM307897	GSE12251	-0.172055	-0.901136	-0.0193223	0.404294	signed_within_dataset_zscore_mean	ok
GSM307898	GSE12251	0.825137	-0.0755618	1.71124	0.839737	signed_within_dataset_zscore_mean	ok
GSM307899	GSE12251	-0.36943	-0.6093	-0.39107	-0.107919	signed_within_dataset_zscore_mean	ok
GSM307900	GSE12251	-0.0975176	0.176063	-0.422424	-0.0461921	signed_within_dataset_zscore_mean	ok
GSM307901	GSE12251	-0.062132	-0.581184	0.0124621	0.382326	signed_within_dataset_zscore_mean	ok
GSM307902	GSE12251	0.532622	-0.170544	1.17168	0.596732	signed_within_dataset_zscore_mean	ok
GSM307903	GSE12251	0.0289252	0.0709594	-0.514434	0.53025	signed_within_dataset_zscore_mean	ok
GSM307904	GSE12251	0.986529	0.645043	0.986669	1.32787	signed_within_dataset_zscore_mean	ok
GSM307905	GSE12251	0.0784196	0.447109	-0.105186	-0.106664	signed_within_dataset_zscore_mean	ok
GSM307906	GSE12251	0.394238	1.12575	-0.266611	0.323576	signed_within_dataset_zscore_mean	ok
GSM307907	GSE12251	-0.211079	0.640403	-0.826504	-0.447136	signed_within_dataset_zscore_mean	ok
GSM307908	GSE12251	0.16033	0.353038	-0.144251	0.272205	signed_within_dataset_zscore_mean	ok
GSM2429346	GSE92415	0.263717	-0.597101	0.375642	1.01261	signed_within_dataset_zscore_mean	ok
GSM2429347	GSE92415	0.374133	-0.332413	0.405669	1.04914	signed_within_dataset_zscore_mean	ok
GSM2429348	GSE92415	-0.606046	-0.0444664	-1.27213	-0.501539	signed_within_dataset_zscore_mean	ok
GSM2429349	GSE92415	0.0579231	-0.166098	0.133756	0.206112	signed_within_dataset_zscore_mean	ok
GSM2429350	GSE92415	-0.0252822	-0.292351	-0.14704	0.363544	signed_within_dataset_zscore_mean	ok
GSM2429351	GSE92415	0.513609	0.0384008	0.77582	0.726606	signed_within_dataset_zscore_mean	ok
GSM2429352	GSE92415	0.656337	0.0228866	1.08524	0.860886	signed_within_dataset_zscore_mean	ok
GSM2429353	GSE92415	-0.158542	-0.3085	0.392878	-0.560005	signed_within_dataset_zscore_mean	ok
GSM2429354	GSE92415	0.62978	0.371164	0.5721	0.946076	signed_within_dataset_zscore_mean	ok
GSM2429355	GSE92415	-0.0213688	-0.814746	0.777518	-0.0268789	signed_within_dataset_zscore_mean	ok
GSM2429356	GSE92415	0.521832	-0.268464	0.675675	1.15829	signed_within_dataset_zscore_mean	ok
GSM2429357	GSE92415	-0.128432	-0.350579	-0.360363	0.325647	signed_within_dataset_zscore_mean	ok
GSM2429358	GSE92415	0.0416458	-0.322483	0.015515	0.431905	signed_within_dataset_zscore_mean	ok
GSM2429359	GSE92415	0.169408	-0.111938	-0.355306	0.975467	signed_within_dataset_zscore_mean	ok
GSM2429360	GSE92415	0.260124	-0.278477	0.164246	0.894603	signed_within_dataset_zscore_mean	ok
GSM2429361	GSE92415	0.668038	-0.263867	0.938359	1.32962	signed_within_dataset_zscore_mean	ok
GSM2429362	GSE92415	0.590733	-0.00919439	0.537131	1.24426	signed_within_dataset_zscore_mean	ok
GSM2429363	GSE92415	0.584168	0.0585304	1.79172	-0.0977469	signed_within_dataset_zscore_mean	ok
GSM2429364	GSE92415	0.472449	-0.307941	1.25978	0.465507	signed_within_dataset_zscore_mean	ok
GSM2429365	GSE92415	0.617757	0.0156379	1.32391	0.513729	signed_within_dataset_zscore_mean	ok
GSM2429366	GSE92415	0.446146	-0.0816202	0.977383	0.442673	signed_within_dataset_zscore_mean	ok
GSM2429367	GSE92415	0.55145	-0.12738	1.16185	0.619875	signed_within_dataset_zscore_mean	ok
GSM2429368	GSE92415	0.67526	0.49833	0.771014	0.756436	signed_within_dataset_zscore_mean	ok
GSM2429369	GSE92415	0.199088	-0.249469	0.813514	0.0332199	signed_within_dataset_zscore_mean	ok
GSM2429370	GSE92415	-0.117243	-0.283557	0.263764	-0.331935	signed_within_dataset_zscore_mean	ok
GSM2429371	GSE92415	0.126822	-0.119423	0.126966	0.372924	signed_within_dataset_zscore_mean	ok
GSM2429372	GSE92415	0.761714	-0.165382	1.30165	1.14888	signed_within_dataset_zscore_mean	ok
GSM2429373	GSE92415	-0.419913	-0.431304	-0.112847	-0.715587	signed_within_dataset_zscore_mean	ok
GSM2429374	GSE92415	0.0750232	-0.377838	0.517583	0.0853241	signed_within_dataset_zscore_mean	ok
GSM2429375	GSE92415	-0.103954	-0.329861	0.0666692	-0.0486714	signed_within_dataset_zscore_mean	ok
GSM2429376	GSE92415	0.192988	0.0717093	0.554567	-0.0473113	signed_within_dataset_zscore_mean	ok
GSM2429377	GSE92415	0.100107	0.602642	-0.426814	0.124493	signed_within_dataset_zscore_mean	ok
GSM2429378	GSE92415	0.210868	0.897515	0.0789957	-0.343907	signed_within_dataset_zscore_mean	ok
GSM2429379	GSE92415	0.107908	0.3583	0.588584	-0.62316	signed_within_dataset_zscore_mean	ok
GSM2429380	GSE92415	-0.00634265	-0.0454169	0.240784	-0.214395	signed_within_dataset_zscore_mean	ok
GSM2429381	GSE92415	-0.0748845	0.0713018	0.36232	-0.658275	signed_within_dataset_zscore_mean	ok
GSM2429382	GSE92415	-0.0595425	0.658595	-0.127646	-0.709577	signed_within_dataset_zscore_mean	ok
GSM2429383	GSE92415	0.484641	0.339041	0.408333	0.706549	signed_within_dataset_zscore_mean	ok
GSM2429384	GSE92415	0.512139	-0.0525163	0.612166	0.976767	signed_within_dataset_zscore_mean	ok
GSM2429385	GSE92415	0.114081	-0.322024	0.464573	0.199693	signed_within_dataset_zscore_mean	ok
GSM2429386	GSE92415	0.733226	0.00636841	1.6795	0.513812	signed_within_dataset_zscore_mean	ok
GSM2429387	GSE92415	0.340593	0.485855	0.279785	0.25614	signed_within_dataset_zscore_mean	ok
GSM2429388	GSE92415	0.289913	-0.333029	0.185524	1.01724	signed_within_dataset_zscore_mean	ok
GSM2429389	GSE92415	0.389181	0.415419	0.414626	0.337499	signed_within_dataset_zscore_mean	ok
GSM2429390	GSE92415	-0.592925	-0.18069	-0.957853	-0.640231	signed_within_dataset_zscore_mean	ok
GSM2429391	GSE92415	0.10959	0.0286245	-0.109535	0.409682	signed_within_dataset_zscore_mean	ok
GSM2429392	GSE92415	-0.104799	-0.0352382	-0.618161	0.339004	signed_within_dataset_zscore_mean	ok
GSM2429393	GSE92415	0.383293	-0.375232	0.24359	1.28152	signed_within_dataset_zscore_mean	ok
GSM2429394	GSE92415	-0.763767	-0.232527	-1.38756	-0.671214	signed_within_dataset_zscore_mean	ok
GSM2429395	GSE92415	-0.205175	-0.385236	-0.288819	0.0585288	signed_within_dataset_zscore_mean	ok
GSM2429396	GSE92415	0.127106	-0.469963	0.286083	0.565198	signed_within_dataset_zscore_mean	ok
GSM2429397	GSE92415	0.0783146	-0.0648211	-0.357856	0.65762	signed_within_dataset_zscore_mean	ok
GSM2429398	GSE92415	0.357121	0.0653998	0.638844	0.367118	signed_within_dataset_zscore_mean	ok
GSM2429399	GSE92415	-0.040262	-0.360684	0.183587	0.0563116	signed_within_dataset_zscore_mean	ok
GSM2429400	GSE92415	-0.512037	-0.0865307	-0.981372	-0.46821	signed_within_dataset_zscore_mean	ok
GSM2429401	GSE92415	-0.00239535	0.998369	0.23558	-1.24113	signed_within_dataset_zscore_mean	ok
GSM2429402	GSE92415	0.728127	1.01468	0.815351	0.354354	signed_within_dataset_zscore_mean	ok
GSM2429403	GSE92415	0.389896	0.126025	0.443061	0.600601	signed_within_dataset_zscore_mean	ok
GSM2429404	GSE92415	-0.180228	-0.517454	0.0258837	-0.049113	signed_within_dataset_zscore_mean	ok
GSM2429405	GSE92415	-0.509695	-0.338621	-0.521706	-0.668759	signed_within_dataset_zscore_mean	ok
GSM2429406	GSE92415	-0.49563	-0.305036	-1.02276	-0.159096	signed_within_dataset_zscore_mean	ok
GSM2429407	GSE92415	0.505666	-0.192165	1.21258	0.496581	signed_within_dataset_zscore_mean	ok
GSM2429408	GSE92415	0.602584	-0.0723786	0.510851	1.36928	signed_within_dataset_zscore_mean	ok
GSM2429409	GSE92415	-0.373115	0.318658	-1.23591	-0.202095	signed_within_dataset_zscore_mean	ok
GSM2429410	GSE92415	0.424356	0.0734999	0.376193	0.823374	signed_within_dataset_zscore_mean	ok
GSM2429411	GSE92415	1.0907	0.198122	0.43184	2.64215	signed_within_dataset_zscore_mean	ok
GSM2429412	GSE92415	-0.656714	0.458767	-2.03606	-0.392848	signed_within_dataset_zscore_mean	ok
GSM2429413	GSE92415	-0.612532	-0.386761	-1.38276	-0.0680719	signed_within_dataset_zscore_mean	ok
GSM2429414	GSE92415	-0.471233	-0.290082	-0.0420877	-1.08153	signed_within_dataset_zscore_mean	ok
GSM2429415	GSE92415	-0.528968	0.00186865	-0.902421	-0.68635	signed_within_dataset_zscore_mean	ok
GSM2429416	GSE92415	-0.64693	-0.136799	-1.39154	-0.412451	signed_within_dataset_zscore_mean	ok
GSM2429417	GSE92415	0.292544	-0.196192	0.264979	0.808846	signed_within_dataset_zscore_mean	ok
GSM2429418	GSE92415	0.623815	0.0468049	0.841153	0.983488	signed_within_dataset_zscore_mean	ok
GSM2429419	GSE92415	-0.348587	0.541509	-1.37891	-0.208365	signed_within_dataset_zscore_mean	ok
GSM2429420	GSE92415	0.504458	0.298839	0.499974	0.71456	signed_within_dataset_zscore_mean	ok
GSM2429421	GSE92415	0.199768	0.540349	0.0905108	-0.0315547	signed_within_dataset_zscore_mean	ok
GSM2429422	GSE92415	-0.386267	0.00745661	-0.282129	-0.884129	signed_within_dataset_zscore_mean	ok
GSM2429423	GSE92415	0.1358	-0.643631	0.365362	0.685668	signed_within_dataset_zscore_mean	ok
GSM2429424	GSE92415	-0.460145	0.757238	-0.376363	-1.76131	signed_within_dataset_zscore_mean	ok
GSM2429425	GSE92415	0.92754	0.978582	1.56156	0.242475	signed_within_dataset_zscore_mean	ok
GSM2429426	GSE92415	0.715071	1.0316	1.17844	-0.064832	signed_within_dataset_zscore_mean	ok
GSM2429427	GSE92415	0.13769	0.793529	-0.0781893	-0.302269	signed_within_dataset_zscore_mean	ok
GSM2429428	GSE92415	0.183556	0.405243	0.510487	-0.365062	signed_within_dataset_zscore_mean	ok
GSM2429429	GSE92415	0.389159	0.137766	0.964897	0.0648139	signed_within_dataset_zscore_mean	ok
GSM2429430	GSE92415	0.231672	0.359996	0.601404	-0.266383	signed_within_dataset_zscore_mean	ok
GSM2429431	GSE92415	-0.028599	0.756678	-0.286749	-0.555726	signed_within_dataset_zscore_mean	ok
GSM2429432	GSE92415	0.335828	1.0102	0.660181	-0.662896	signed_within_dataset_zscore_mean	ok
GSM2429433	GSE92415	-0.120289	0.256953	-0.268311	-0.349508	signed_within_dataset_zscore_mean	ok
GSM2429434	GSE92415	-0.281179	0.442815	-0.632264	-0.654087	signed_within_dataset_zscore_mean	ok
GSM2429435	GSE92415	0.265037	-0.397645	0.51913	0.673626	signed_within_dataset_zscore_mean	ok
GSM2429436	GSE92415	0.636325	0.137615	1.4156	0.355756	signed_within_dataset_zscore_mean	ok
GSM2429437	GSE92415	0.186077	0.207708	0.523822	-0.173297	signed_within_dataset_zscore_mean	ok
GSM2429438	GSE92415	-0.455791	0.480989	-0.96994	-0.878422	signed_within_dataset_zscore_mean	ok
GSM2429439	GSE92415	0.33804	-0.425979	0.411196	1.0289	signed_within_dataset_zscore_mean	ok
GSM2429440	GSE92415	0.497652	0.122147	1.35236	0.0184458	signed_within_dataset_zscore_mean	ok
GSM2429441	GSE92415	-0.292685	-0.408667	-0.358123	-0.111265	signed_within_dataset_zscore_mean	ok
GSM2429442	GSE92415	0.55059	0.216459	0.94273	0.49258	signed_within_dataset_zscore_mean	ok
GSM2429443	GSE92415	-0.134219	0.132628	-0.248256	-0.287029	signed_within_dataset_zscore_mean	ok
GSM2429444	GSE92415	-0.845317	-0.0145996	-1.12989	-1.39146	signed_within_dataset_zscore_mean	ok
GSM2429445	GSE92415	0.201194	0.00454882	0.414146	0.184887	signed_within_dataset_zscore_mean	ok
GSM2429446	GSE92415	-1.12041	-0.312396	-1.7615	-1.28734	signed_within_dataset_zscore_mean	ok
GSM2429447	GSE92415	-0.439604	0.412816	-1.09238	-0.639242	signed_within_dataset_zscore_mean	ok
GSM2429448	GSE92415	-0.329232	-0.136913	-0.539807	-0.310978	signed_within_dataset_zscore_mean	ok
GSM2429449	GSE92415	-0.681612	-0.29752	-0.721008	-1.02631	signed_within_dataset_zscore_mean	ok
GSM2429450	GSE92415	-0.0896877	0.616162	-0.847144	-0.0380814	signed_within_dataset_zscore_mean	ok
GSM2429451	GSE92415	0.0533858	0.56964	0.27264	-0.682123	signed_within_dataset_zscore_mean	ok
GSM2429452	GSE92415	0.245266	0.120927	0.769746	-0.154875	signed_within_dataset_zscore_mean	ok
GSM2429453	GSE92415	-0.313411	-0.323416	-0.688452	0.0716328	signed_within_dataset_zscore_mean	ok
GSM2429454	GSE92415	-0.203864	-0.0475978	0.132063	-0.696056	signed_within_dataset_zscore_mean	ok
GSM2429455	GSE92415	-1.35933	-0.534229	-1.43321	-2.11054	signed_within_dataset_zscore_mean	ok
GSM2429456	GSE92415	-0.370547	0.304329	-0.922694	-0.493276	signed_within_dataset_zscore_mean	ok
GSM2429457	GSE92415	-0.901669	-0.588632	-1.2669	-0.849471	signed_within_dataset_zscore_mean	ok
GSM2429458	GSE92415	-0.984731	-0.24488	-1.63049	-1.07882	signed_within_dataset_zscore_mean	ok
GSM2429459	GSE92415	-1.07706	-0.255632	-1.43309	-1.54245	signed_within_dataset_zscore_mean	ok
GSM2429460	GSE92415	-0.899677	-0.629681	-1.44346	-0.625887	signed_within_dataset_zscore_mean	ok
GSM2429461	GSE92415	-1.02077	-0.54861	-1.36074	-1.15294	signed_within_dataset_zscore_mean	ok
GSM2429462	GSE92415	-1.12634	-0.416267	-1.73681	-1.22594	signed_within_dataset_zscore_mean	ok
GSM2429463	GSE92415	-0.991939	-0.742428	-1.81477	-0.418621	signed_within_dataset_zscore_mean	ok
GSM2429464	GSE92415	-0.979416	-0.171711	-0.99204	-1.7745	signed_within_dataset_zscore_mean	ok
GSM2429465	GSE92415	0.0139953	0.606477	-0.51347	-0.0510216	signed_within_dataset_zscore_mean	ok
GSM2429466	GSE92415	-0.834979	0.68263	-1.6785	-1.50906	signed_within_dataset_zscore_mean	ok
GSM2429467	GSE92415	-0.41464	0.148969	-1.1116	-0.281286	signed_within_dataset_zscore_mean	ok
GSM2429468	GSE92415	-0.731165	0.801694	-1.54424	-1.45095	signed_within_dataset_zscore_mean	ok
GSM2429469	GSE92415	-0.59105	0.123754	-0.226621	-1.67028	signed_within_dataset_zscore_mean	ok
GSM2429470	GSE92415	-0.670438	0.18214	-1.32772	-0.865736	signed_within_dataset_zscore_mean	ok
GSM2429471	GSE92415	-0.577078	0.133398	-1.28413	-0.580504	signed_within_dataset_zscore_mean	ok
GSM2429472	GSE92415	-1.05601	-0.640476	-1.63583	-0.891716	signed_within_dataset_zscore_mean	ok
GSM2429473	GSE92415	-0.680201	-0.0707974	-0.983979	-0.985826	signed_within_dataset_zscore_mean	ok
GSM2429474	GSE92415	-0.993246	-0.353986	-1.35183	-1.27392	signed_within_dataset_zscore_mean	ok
GSM2429475	GSE92415	-0.786174	-0.0764102	-1.7314	-0.550711	signed_within_dataset_zscore_mean	ok
GSM2429476	GSE92415	0.656003	-0.231173	1.0738	1.12539	signed_within_dataset_zscore_mean	ok
GSM2429477	GSE92415	-0.235296	-0.714111	0.135656	-0.127434	signed_within_dataset_zscore_mean	ok
GSM2429478	GSE92415	0.0419293	-0.149094	0.260499	0.0143829	signed_within_dataset_zscore_mean	ok
GSM2429479	GSE92415	-0.884118	-0.160402	-1.61246	-0.879491	signed_within_dataset_zscore_mean	ok
GSM2429480	GSE92415	0.912533	0.301251	1.49219	0.944157	signed_within_dataset_zscore_mean	ok
GSM2429481	GSE92415	0.383948	-0.0941549	1.56362	-0.317625	signed_within_dataset_zscore_mean	ok
GSM2429482	GSE92415	0.638436	-0.131915	1.10705	0.940172	signed_within_dataset_zscore_mean	ok
GSM2429483	GSE92415	-0.174963	-0.39958	-0.594596	0.469286	signed_within_dataset_zscore_mean	ok
GSM2429484	GSE92415	0.315377	-0.498113	0.584604	0.859641	signed_within_dataset_zscore_mean	ok
GSM2429485	GSE92415	0.33342	-0.387416	0.642852	0.744824	signed_within_dataset_zscore_mean	ok
GSM2429486	GSE92415	0.272968	-0.643189	0.734313	0.727778	signed_within_dataset_zscore_mean	ok
GSM2429487	GSE92415	0.330097	-0.568072	0.90799	0.650374	signed_within_dataset_zscore_mean	ok
GSM2429488	GSE92415	-0.037276	-0.391054	-0.14448	0.423706	signed_within_dataset_zscore_mean	ok
GSM2429489	GSE92415	0.676919	0.360099	0.740547	0.930111	signed_within_dataset_zscore_mean	ok
GSM2429490	GSE92415	0.634994	0.517751	0.939597	0.447633	signed_within_dataset_zscore_mean	ok
GSM2429491	GSE92415	-0.150956	0.438532	0.108411	-0.999812	signed_within_dataset_zscore_mean	ok
GSM2429492	GSE92415	0.553374	0.940989	1.09756	-0.378426	signed_within_dataset_zscore_mean	ok
GSM2429493	GSE92415	0.778134	1.39312	0.866443	0.074841	signed_within_dataset_zscore_mean	ok
GSM2429494	GSE92415	-0.339987	-0.0763444	-0.250903	-0.692714	signed_within_dataset_zscore_mean	ok
GSM2429495	GSE92415	-0.087969	-0.124717	0.158554	-0.297744	signed_within_dataset_zscore_mean	ok
GSM2429496	GSE92415	0.564741	-0.0980912	0.711522	1.08079	signed_within_dataset_zscore_mean	ok
GSM2429497	GSE92415	0.603309	-0.540819	0.371695	1.97905	signed_within_dataset_zscore_mean	ok
GSM2429498	GSE92415	-0.00169458	-0.0280293	-0.250698	0.273643	signed_within_dataset_zscore_mean	ok
GSM2429499	GSE92415	0.67016	0.190658	0.607904	1.21192	signed_within_dataset_zscore_mean	ok
GSM2429500	GSE92415	-0.274715	-0.289564	-0.486361	-0.0482186	signed_within_dataset_zscore_mean	ok
GSM2429501	GSE92415	-0.12815	0.271728	-0.750308	0.0941305	signed_within_dataset_zscore_mean	ok
GSM2429502	GSE92415	0.193111	-0.80959	0.404889	0.984032	signed_within_dataset_zscore_mean	ok
GSM2429503	GSE92415	-0.193899	-0.816388	-0.15973	0.39442	signed_within_dataset_zscore_mean	ok
GSM2429504	GSE92415	-0.660902	-0.175007	-1.41239	-0.395309	signed_within_dataset_zscore_mean	ok
GSM2429505	GSE92415	0.866579	0.151454	1.79954	0.648739	signed_within_dataset_zscore_mean	ok
GSM2429506	GSE92415	0.329418	-0.0133327	0.498904	0.502682	signed_within_dataset_zscore_mean	ok
GSM2429507	GSE92415	-0.589411	-0.351083	-0.835067	-0.582083	signed_within_dataset_zscore_mean	ok
GSM2429508	GSE92415	-0.508298	-0.347027	-0.194406	-0.983462	signed_within_dataset_zscore_mean	ok
GSM2429509	GSE92415	-0.489148	-0.287625	-0.182511	-0.997307	signed_within_dataset_zscore_mean	ok
GSM2429510	GSE92415	0.230879	-0.304197	0.154103	0.842732	signed_within_dataset_zscore_mean	ok
GSM2429511	GSE92415	-0.123122	-0.478794	0.209747	-0.100319	signed_within_dataset_zscore_mean	ok
GSM2429512	GSE92415	0.0948344	0.310005	-0.307726	0.282224	signed_within_dataset_zscore_mean	ok
GSM2429513	GSE92415	0.635299	-0.226574	0.895634	1.23684	signed_within_dataset_zscore_mean	ok
GSM2429514	GSE92415	0.332672	-0.195469	1.79577	-0.602289	signed_within_dataset_zscore_mean	ok
GSM2429515	GSE92415	0.378045	0.162892	0.0443147	0.926928	signed_within_dataset_zscore_mean	ok
GSM2429516	GSE92415	0.279575	0.421322	0.339647	0.0777564	signed_within_dataset_zscore_mean	ok
GSM2429517	GSE92415	-0.0133557	0.484364	0.0514079	-0.575839	signed_within_dataset_zscore_mean	ok
GSM2429518	GSE92415	-0.152335	1.26476	-0.237514	-1.48425	signed_within_dataset_zscore_mean	ok
GSM2429519	GSE92415	0.179389	0.143604	0.549442	-0.154879	signed_within_dataset_zscore_mean	ok
GSM2429520	GSE92415	-0.280363	-0.134539	-0.511092	-0.195457	signed_within_dataset_zscore_mean	ok
GSM2429521	GSE92415	-0.684201	0.100502	-0.538909	-1.61419	signed_within_dataset_zscore_mean	ok
GSM2429522	GSE92415	0.598924	0.0578792	0.825459	0.913434	signed_within_dataset_zscore_mean	ok
GSM2429523	GSE92415	0.395692	-0.223979	0.782443	0.628613	signed_within_dataset_zscore_mean	ok
GSM2429524	GSE92415	0.581379	0.132644	0.232199	1.37929	signed_within_dataset_zscore_mean	ok
GSM2429525	GSE92415	0.754558	0.315126	0.380996	1.56755	signed_within_dataset_zscore_mean	ok
GSM2429526	GSE92415	-0.619209	-0.465412	-0.494188	-0.898026	signed_within_dataset_zscore_mean	ok
GSM2429527	GSE92415	-0.386013	0.075561	-0.98716	-0.246439	signed_within_dataset_zscore_mean	ok
GSM2429528	GSE92415	-0.400038	0.0502793	-0.788246	-0.462148	signed_within_dataset_zscore_mean	ok
GSM6249277	GSE206285	0.101628	0.0385606	-0.373256	0.639578	signed_within_dataset_zscore_mean	ok
GSM6249278	GSE206285	0.275896	0.377878	1.21196	-0.762145	signed_within_dataset_zscore_mean	ok
GSM6249279	GSE206285	0.604453	0.785125	-0.245742	1.27398	signed_within_dataset_zscore_mean	ok
GSM6249280	GSE206285	-0.403957	0.483255	-1.29197	-0.403154	signed_within_dataset_zscore_mean	ok
GSM6249281	GSE206285	-0.0743501	-0.180126	-0.322048	0.279123	signed_within_dataset_zscore_mean	ok
GSM6249282	GSE206285	0.0947604	0.175452	-0.540106	0.648935	signed_within_dataset_zscore_mean	ok
GSM6249283	GSE206285	-0.708174	-0.0820149	-0.727439	-1.31507	signed_within_dataset_zscore_mean	ok
GSM6249284	GSE206285	-0.320757	0.325368	-0.971097	-0.31654	signed_within_dataset_zscore_mean	ok
GSM6249285	GSE206285	0.327793	0.761312	-0.328724	0.55079	signed_within_dataset_zscore_mean	ok
GSM6249286	GSE206285	0.398181	0.599796	-1.00601	1.60076	signed_within_dataset_zscore_mean	ok
GSM6249287	GSE206285	0.881598	0.540072	0.790256	1.31446	signed_within_dataset_zscore_mean	ok
GSM6249288	GSE206285	-0.195389	-0.1689	-0.578863	0.161597	signed_within_dataset_zscore_mean	ok
GSM6249289	GSE206285	-0.224022	0.370345	-0.571872	-0.470541	signed_within_dataset_zscore_mean	ok
GSM6249290	GSE206285	-0.522514	-0.0611071	-0.795833	-0.710603	signed_within_dataset_zscore_mean	ok
GSM6249291	GSE206285	-0.196834	0.165392	-0.478035	-0.277858	signed_within_dataset_zscore_mean	ok
GSM6249292	GSE206285	0.00841721	-0.189263	-0.259956	0.47447	signed_within_dataset_zscore_mean	ok
GSM6249293	GSE206285	0.435567	0.34192	0.91742	0.0473618	signed_within_dataset_zscore_mean	ok
GSM6249294	GSE206285	0.126757	0.0386364	0.239308	0.102326	signed_within_dataset_zscore_mean	ok
GSM6249295	GSE206285	-0.253675	-0.796533	0.504458	-0.468951	signed_within_dataset_zscore_mean	ok
GSM6249296	GSE206285	0.830318	0.336941	0.513616	1.6404	signed_within_dataset_zscore_mean	ok
GSM6249297	GSE206285	-0.069309	-0.075398	0.271957	-0.404486	signed_within_dataset_zscore_mean	ok
GSM6249298	GSE206285	0.480495	1.1454	-0.478504	0.77459	signed_within_dataset_zscore_mean	ok
GSM6249299	GSE206285	0.231215	0.0525434	0.581194	0.0599088	signed_within_dataset_zscore_mean	ok
GSM6249300	GSE206285	0.116215	0.176049	0.268899	-0.096302	signed_within_dataset_zscore_mean	ok
GSM6249301	GSE206285	-0.110522	0.0177482	-0.0376752	-0.31164	signed_within_dataset_zscore_mean	ok
GSM6249302	GSE206285	0.454749	0.57476	0.833539	-0.0440521	signed_within_dataset_zscore_mean	ok
GSM6249303	GSE206285	0.232379	0.547351	0.352103	-0.202316	signed_within_dataset_zscore_mean	ok
GSM6249304	GSE206285	0.426945	-0.401316	1.25162	0.430531	signed_within_dataset_zscore_mean	ok
GSM6249305	GSE206285	0.0616549	-0.419169	0.343653	0.26048	signed_within_dataset_zscore_mean	ok
GSM6249306	GSE206285	0.806905	0.469401	1.22188	0.729434	signed_within_dataset_zscore_mean	ok
GSM6249307	GSE206285	-0.994044	-0.644169	-0.641541	-1.69642	signed_within_dataset_zscore_mean	ok
GSM6249308	GSE206285	0.367323	-0.435329	1.57526	-0.0379585	signed_within_dataset_zscore_mean	ok
GSM6249309	GSE206285	-0.932887	0.0588331	-1.58236	-1.27513	signed_within_dataset_zscore_mean	ok
GSM6249310	GSE206285	0.176798	0.145164	0.151363	0.233869	signed_within_dataset_zscore_mean	ok
GSM6249311	GSE206285	0.537321	0.403146	-0.0375367	1.24635	signed_within_dataset_zscore_mean	ok
GSM6249312	GSE206285	0.660951	0.832362	0.54218	0.60831	signed_within_dataset_zscore_mean	ok
GSM6249313	GSE206285	0.377525	-0.133716	1.03239	0.233899	signed_within_dataset_zscore_mean	ok
GSM6249314	GSE206285	0.232716	-0.102303	0.376711	0.42374	signed_within_dataset_zscore_mean	ok
GSM6249315	GSE206285	0.73257	0.448305	0.868803	0.880603	signed_within_dataset_zscore_mean	ok
GSM6249316	GSE206285	0.676105	0.162907	1.10762	0.757787	signed_within_dataset_zscore_mean	ok
GSM6249317	GSE206285	-0.120686	0.0384682	-0.908559	0.508032	signed_within_dataset_zscore_mean	ok
GSM6249318	GSE206285	0.154643	-0.17748	0.31038	0.33103	signed_within_dataset_zscore_mean	ok
GSM6249319	GSE206285	0.00766199	-0.0709002	0.376077	-0.282191	signed_within_dataset_zscore_mean	ok
GSM6249320	GSE206285	-0.017071	0.0106722	-0.165438	0.103553	signed_within_dataset_zscore_mean	ok
GSM6249321	GSE206285	0.0793163	-0.492155	1.9444	-1.2143	signed_within_dataset_zscore_mean	ok
GSM6249322	GSE206285	-0.0706487	0.0102599	-0.41916	0.196954	signed_within_dataset_zscore_mean	ok
GSM6249323	GSE206285	-0.339049	-0.423489	0.731936	-1.32559	signed_within_dataset_zscore_mean	ok
GSM6249324	GSE206285	-0.543331	-0.258746	-1.36658	-0.00466714	signed_within_dataset_zscore_mean	ok
GSM6249325	GSE206285	0.822509	0.0137929	1.73704	0.716697	signed_within_dataset_zscore_mean	ok
GSM6249326	GSE206285	0.112822	0.682072	-0.607949	0.264343	signed_within_dataset_zscore_mean	ok
GSM6249327	GSE206285	0.184275	-0.0589567	0.385023	0.226759	signed_within_dataset_zscore_mean	ok
GSM6249328	GSE206285	0.268935	-0.0568766	0.219642	0.644039	signed_within_dataset_zscore_mean	ok
GSM6249329	GSE206285	-0.000835338	0.0241322	-0.466145	0.439507	signed_within_dataset_zscore_mean	ok
GSM6249330	GSE206285	0.761899	0.235135	2.45527	-0.404706	signed_within_dataset_zscore_mean	ok
GSM6249331	GSE206285	0.72189	0.52447	1.37056	0.270644	signed_within_dataset_zscore_mean	ok
GSM6249332	GSE206285	-0.226308	-0.226534	-0.318007	-0.134383	signed_within_dataset_zscore_mean	ok
GSM6249333	GSE206285	0.927132	0.351321	1.68847	0.741602	signed_within_dataset_zscore_mean	ok
GSM6249334	GSE206285	0.749995	0.157421	0.32342	1.76914	signed_within_dataset_zscore_mean	ok
GSM6249335	GSE206285	0.458284	0.344889	1.56532	-0.535355	signed_within_dataset_zscore_mean	ok
GSM6249336	GSE206285	0.101855	-0.427671	0.518387	0.214849	signed_within_dataset_zscore_mean	ok
GSM6249337	GSE206285	0.232621	-0.199495	0.623345	0.274013	signed_within_dataset_zscore_mean	ok
GSM6249338	GSE206285	0.385426	-0.0632841	1.09258	0.12698	signed_within_dataset_zscore_mean	ok
GSM6249339	GSE206285	0.520605	0.536236	0.665311	0.360269	signed_within_dataset_zscore_mean	ok
GSM6249340	GSE206285	0.0094408	-0.0317237	0.122508	-0.0624622	signed_within_dataset_zscore_mean	ok
GSM6249341	GSE206285	0.38129	0.986197	-0.561236	0.718909	signed_within_dataset_zscore_mean	ok
GSM6249342	GSE206285	-0.240216	-0.363378	-0.382844	0.0255745	signed_within_dataset_zscore_mean	ok
GSM6249343	GSE206285	0.0747964	-0.306604	0.706125	-0.175132	signed_within_dataset_zscore_mean	ok
GSM6249344	GSE206285	0.648154	1.06916	-0.262646	1.13795	signed_within_dataset_zscore_mean	ok
GSM6249345	GSE206285	0.761073	1.35977	0.753313	0.170134	signed_within_dataset_zscore_mean	ok
GSM6249346	GSE206285	-0.877956	-0.0572462	-1.51608	-1.06054	signed_within_dataset_zscore_mean	ok
GSM6249347	GSE206285	0.35198	-0.0958185	0.431074	0.720683	signed_within_dataset_zscore_mean	ok
GSM6249348	GSE206285	0.295955	-0.0850365	0.514709	0.458194	signed_within_dataset_zscore_mean	ok
GSM6249349	GSE206285	0.102326	-0.487921	0.814013	-0.0191131	signed_within_dataset_zscore_mean	ok
GSM6249350	GSE206285	0.25264	0.269437	-0.669891	1.15838	signed_within_dataset_zscore_mean	ok
GSM6249351	GSE206285	0.590848	1.04764	0.705775	0.0191284	signed_within_dataset_zscore_mean	ok
GSM6249352	GSE206285	0.344747	0.548298	0.480239	0.00570592	signed_within_dataset_zscore_mean	ok
GSM6249353	GSE206285	-0.125554	-0.578966	0.577088	-0.374784	signed_within_dataset_zscore_mean	ok
GSM6249354	GSE206285	-1.0949	-0.707307	-0.817388	-1.76002	signed_within_dataset_zscore_mean	ok
GSM6249355	GSE206285	0.436069	0.194915	1.52953	-0.416237	signed_within_dataset_zscore_mean	ok
GSM6249356	GSE206285	0.277202	-0.29384	0.267749	0.857696	signed_within_dataset_zscore_mean	ok
GSM6249357	GSE206285	-0.0428803	0.0114847	-0.642394	0.502268	signed_within_dataset_zscore_mean	ok
GSM6249358	GSE206285	0.0639024	-0.000614333	-0.332351	0.524672	signed_within_dataset_zscore_mean	ok
GSM6249359	GSE206285	-0.226069	-0.529702	-0.482744	0.33424	signed_within_dataset_zscore_mean	ok
GSM6249360	GSE206285	0.537155	0.612171	0.183193	0.816102	signed_within_dataset_zscore_mean	ok
GSM6249361	GSE206285	-1.20992	-0.249294	-1.63434	-1.74611	signed_within_dataset_zscore_mean	ok
GSM6249362	GSE206285	0.198359	0.072174	0.43068	0.0922233	signed_within_dataset_zscore_mean	ok
GSM6249363	GSE206285	0.102697	0.517141	-0.24185	0.0328008	signed_within_dataset_zscore_mean	ok
GSM6249364	GSE206285	0.395638	-0.0747481	0.152299	1.10936	signed_within_dataset_zscore_mean	ok
GSM6249365	GSE206285	0.216051	-0.379976	0.604579	0.423551	signed_within_dataset_zscore_mean	ok
GSM6249366	GSE206285	0.572934	0.123919	0.114162	1.48072	signed_within_dataset_zscore_mean	ok
GSM6249367	GSE206285	-0.257836	0.366506	-0.538531	-0.601484	signed_within_dataset_zscore_mean	ok
GSM6249368	GSE206285	-0.275251	-0.329734	-0.415401	-0.0806169	signed_within_dataset_zscore_mean	ok
GSM6249369	GSE206285	0.221868	-0.436053	0.815862	0.285794	signed_within_dataset_zscore_mean	ok
GSM6249370	GSE206285	0.183838	0.112539	0.344289	0.0946854	signed_within_dataset_zscore_mean	ok
GSM6249371	GSE206285	0.2302	0.189504	0.000687226	0.50041	signed_within_dataset_zscore_mean	ok
GSM6249372	GSE206285	-0.481805	0.116548	-1.00646	-0.555498	signed_within_dataset_zscore_mean	ok
GSM6249373	GSE206285	0.328563	-0.0443838	0.657173	0.3729	signed_within_dataset_zscore_mean	ok
GSM6249374	GSE206285	-0.289677	-0.0653531	-0.708256	-0.0954227	signed_within_dataset_zscore_mean	ok
GSM6249375	GSE206285	-0.0696415	-0.142716	-0.64007	0.573862	signed_within_dataset_zscore_mean	ok
GSM6249376	GSE206285	-0.0570255	0.0296246	0.340589	-0.54129	signed_within_dataset_zscore_mean	ok
GSM6249377	GSE206285	-0.556004	-1.24759	0.578951	-0.999373	signed_within_dataset_zscore_mean	ok
GSM6249378	GSE206285	-1.28415	-0.433621	-1.60144	-1.81739	signed_within_dataset_zscore_mean	ok
GSM6249379	GSE206285	0.45014	0.220982	0.762045	0.367394	signed_within_dataset_zscore_mean	ok
GSM6249380	GSE206285	0.787023	0.537526	0.00891309	1.81463	signed_within_dataset_zscore_mean	ok
GSM6249381	GSE206285	-0.57099	-0.497411	-0.746114	-0.469444	signed_within_dataset_zscore_mean	ok
GSM6249382	GSE206285	-0.0949734	0.63619	-0.771334	-0.149776	signed_within_dataset_zscore_mean	ok
GSM6249383	GSE206285	0.0885189	0.182163	-0.929301	1.01269	signed_within_dataset_zscore_mean	ok
GSM6249384	GSE206285	0.540554	-0.0342576	0.198678	1.45724	signed_within_dataset_zscore_mean	ok
GSM6249385	GSE206285	0.306049	0.266599	0.117393	0.534155	signed_within_dataset_zscore_mean	ok
GSM6249386	GSE206285	0.451389	-0.07312	1.68677	-0.259477	signed_within_dataset_zscore_mean	ok
GSM6249387	GSE206285	0.0857917	-0.381655	0.465562	0.173468	signed_within_dataset_zscore_mean	ok
GSM6249388	GSE206285	0.0563028	0.238861	0.160723	-0.230676	signed_within_dataset_zscore_mean	ok
GSM6249389	GSE206285	-0.394423	-0.289087	-0.742873	-0.15131	signed_within_dataset_zscore_mean	ok
GSM6249390	GSE206285	0.0923104	0.171866	-0.0733964	0.178461	signed_within_dataset_zscore_mean	ok
GSM6249391	GSE206285	-0.0392896	0.238077	-0.146836	-0.20911	signed_within_dataset_zscore_mean	ok
GSM6249392	GSE206285	0.442103	0.347287	0.290644	0.688378	signed_within_dataset_zscore_mean	ok
GSM6249393	GSE206285	0.0324904	0.228391	-0.0407027	-0.0902171	signed_within_dataset_zscore_mean	ok
GSM6249394	GSE206285	0.25205	0.520399	-0.93289	1.16864	signed_within_dataset_zscore_mean	ok
GSM6249395	GSE206285	0.260379	0.193006	1.65447	-1.06634	signed_within_dataset_zscore_mean	ok
GSM6249396	GSE206285	0.590488	0.282765	0.503245	0.985456	signed_within_dataset_zscore_mean	ok
GSM6249397	GSE206285	-0.0176612	0.0273788	-0.236469	0.156107	signed_within_dataset_zscore_mean	ok
GSM6249398	GSE206285	0.551739	0.667208	0.0480558	0.939953	signed_within_dataset_zscore_mean	ok
GSM6249399	GSE206285	0.0594951	-0.11923	0.397406	-0.099691	signed_within_dataset_zscore_mean	ok
GSM6249400	GSE206285	-0.457654	-0.375895	-1.10358	0.10651	signed_within_dataset_zscore_mean	ok
GSM6249401	GSE206285	0.183749	-0.0217547	1.07105	-0.498054	signed_within_dataset_zscore_mean	ok
GSM6249402	GSE206285	0.0622896	-0.393546	0.96975	-0.389335	signed_within_dataset_zscore_mean	ok
GSM6249403	GSE206285	-0.576226	-1.23485	0.556239	-1.05007	signed_within_dataset_zscore_mean	ok
GSM6249404	GSE206285	0.37323	0.121316	0.413643	0.584733	signed_within_dataset_zscore_mean	ok
GSM6249405	GSE206285	-0.292596	-0.232084	-0.0926308	-0.553073	signed_within_dataset_zscore_mean	ok
GSM6249406	GSE206285	-0.395854	0.452617	-1.14282	-0.497359	signed_within_dataset_zscore_mean	ok
GSM6249407	GSE206285	-0.00458583	0.19666	-0.403292	0.192875	signed_within_dataset_zscore_mean	ok
GSM6249408	GSE206285	-0.517083	0.406041	-1.2605	-0.696792	signed_within_dataset_zscore_mean	ok
GSM6249409	GSE206285	0.145821	0.571229	-1.16065	1.02689	signed_within_dataset_zscore_mean	ok
GSM6249410	GSE206285	-0.245437	-0.0674505	-0.34565	-0.323211	signed_within_dataset_zscore_mean	ok
GSM6249411	GSE206285	0.601558	0.816075	1.06351	-0.0749075	signed_within_dataset_zscore_mean	ok
GSM6249412	GSE206285	-0.19404	-0.0754598	-0.228229	-0.27843	signed_within_dataset_zscore_mean	ok
GSM6249413	GSE206285	-0.0481228	-0.588053	0.451154	-0.00746881	signed_within_dataset_zscore_mean	ok
GSM6249414	GSE206285	-0.310579	0.0193181	-1.51361	0.562557	signed_within_dataset_zscore_mean	ok
GSM6249415	GSE206285	0.797828	0.442797	0.608914	1.34177	signed_within_dataset_zscore_mean	ok
GSM6249416	GSE206285	0.408375	0.634728	-0.262674	0.85307	signed_within_dataset_zscore_mean	ok
GSM6249417	GSE206285	0.233841	-0.0912545	0.157749	0.63503	signed_within_dataset_zscore_mean	ok
GSM6249418	GSE206285	-0.517539	-0.138521	-0.327509	-1.08659	signed_within_dataset_zscore_mean	ok
GSM6249419	GSE206285	0.114691	-0.43427	0.646579	0.131764	signed_within_dataset_zscore_mean	ok
GSM6249420	GSE206285	0.260534	0.207806	0.370035	0.203761	signed_within_dataset_zscore_mean	ok
GSM6249421	GSE206285	-0.149354	-0.213749	-0.603869	0.369558	signed_within_dataset_zscore_mean	ok
GSM6249422	GSE206285	-0.991888	0.0646429	-1.52958	-1.51073	signed_within_dataset_zscore_mean	ok
GSM6249423	GSE206285	0.128287	-0.38494	0.349272	0.420529	signed_within_dataset_zscore_mean	ok
GSM6249424	GSE206285	0.232423	0.136259	-0.0452567	0.606268	signed_within_dataset_zscore_mean	ok
GSM6249425	GSE206285	0.251671	0.638866	-0.546737	0.662885	signed_within_dataset_zscore_mean	ok
GSM6249426	GSE206285	-0.656976	-0.289755	-1.13626	-0.544909	signed_within_dataset_zscore_mean	ok
GSM6249427	GSE206285	-0.465447	-0.248269	-0.54099	-0.607082	signed_within_dataset_zscore_mean	ok
GSM6249428	GSE206285	-0.54943	-0.758835	-0.693923	-0.195533	signed_within_dataset_zscore_mean	ok
GSM6249429	GSE206285	0.633292	0.144162	1.38225	0.373468	signed_within_dataset_zscore_mean	ok
GSM6249430	GSE206285	-0.126527	-0.587022	0.595734	-0.388291	signed_within_dataset_zscore_mean	ok
GSM6249431	GSE206285	-0.953149	-0.680893	-1.21631	-0.962246	signed_within_dataset_zscore_mean	ok
GSM6249432	GSE206285	-0.200702	-0.137625	-0.965023	0.500541	signed_within_dataset_zscore_mean	ok
GSM6249433	GSE206285	0.390996	0.233837	0.619565	0.319588	signed_within_dataset_zscore_mean	ok
GSM6249434	GSE206285	0.0506129	0.279338	-0.672474	0.544976	signed_within_dataset_zscore_mean	ok
GSM6249435	GSE206285	1.15671	1.50855	1.06937	0.892214	signed_within_dataset_zscore_mean	ok
GSM6249436	GSE206285	0.519865	0.159747	0.683325	0.716522	signed_within_dataset_zscore_mean	ok
GSM6249437	GSE206285	0.103569	-0.539945	1.16951	-0.318858	signed_within_dataset_zscore_mean	ok
GSM6249438	GSE206285	-0.0492572	-0.29977	0.192449	-0.040451	signed_within_dataset_zscore_mean	ok
GSM6249439	GSE206285	0.475877	0.398266	0.352667	0.676697	signed_within_dataset_zscore_mean	ok
GSM6249440	GSE206285	0.532497	0.100016	1.62415	-0.126674	signed_within_dataset_zscore_mean	ok
GSM6249441	GSE206285	0.140339	-0.103468	0.0517904	0.472694	signed_within_dataset_zscore_mean	ok
GSM6249442	GSE206285	0.101257	-0.0737923	0.0248965	0.352668	signed_within_dataset_zscore_mean	ok
GSM6249443	GSE206285	0.486388	0.0798513	0.749145	0.630167	signed_within_dataset_zscore_mean	ok
GSM6249444	GSE206285	-0.166173	-0.279526	-0.0583412	-0.160653	signed_within_dataset_zscore_mean	ok
GSM6249445	GSE206285	0.038094	-0.382162	0.474921	0.0215235	signed_within_dataset_zscore_mean	ok
GSM6249446	GSE206285	0.644859	0.171144	0.128699	1.63474	signed_within_dataset_zscore_mean	ok
GSM6249447	GSE206285	-0.678358	-0.514072	-0.38998	-1.13102	signed_within_dataset_zscore_mean	ok
GSM6249448	GSE206285	0.0852977	0.170561	0.0335037	0.0518289	signed_within_dataset_zscore_mean	ok
GSM6249449	GSE206285	-0.59413	-0.201443	-0.869315	-0.711634	signed_within_dataset_zscore_mean	ok
GSM6249450	GSE206285	-0.881906	-1.32098	-0.274865	-1.04988	signed_within_dataset_zscore_mean	ok
GSM6249451	GSE206285	0.0565711	0.105128	0.683118	-0.618532	signed_within_dataset_zscore_mean	ok
GSM6249452	GSE206285	0.0894323	0.122576	-0.331986	0.477707	signed_within_dataset_zscore_mean	ok
GSM6249453	GSE206285	0.336318	-0.11934	0.909459	0.218835	signed_within_dataset_zscore_mean	ok
GSM6249454	GSE206285	0.0401471	0.13357	-0.39615	0.383022	signed_within_dataset_zscore_mean	ok
GSM6249455	GSE206285	-0.190783	-0.502881	0.163151	-0.232619	signed_within_dataset_zscore_mean	ok
GSM6249456	GSE206285	-0.109576	-0.206424	0.459663	-0.581966	signed_within_dataset_zscore_mean	ok
GSM6249457	GSE206285	0.319967	0.0189043	0.536425	0.404571	signed_within_dataset_zscore_mean	ok
GSM6249458	GSE206285	-0.177085	-0.577625	0.583405	-0.537035	signed_within_dataset_zscore_mean	ok
GSM6249459	GSE206285	0.352938	0.9746	0.150891	-0.0666771	signed_within_dataset_zscore_mean	ok
GSM6249460	GSE206285	-0.435648	-0.0901575	-0.463559	-0.753228	signed_within_dataset_zscore_mean	ok
GSM6249461	GSE206285	-1.14742	-0.275586	-1.69446	-1.47221	signed_within_dataset_zscore_mean	ok
GSM6249462	GSE206285	0.1209	-0.150976	-0.142099	0.655776	signed_within_dataset_zscore_mean	ok
GSM6249463	GSE206285	-0.0619994	-0.252248	0.318754	-0.252505	signed_within_dataset_zscore_mean	ok
GSM6249464	GSE206285	-0.965938	-0.130418	-1.19334	-1.57406	signed_within_dataset_zscore_mean	ok
GSM6249465	GSE206285	-0.545892	0.221812	-1.08482	-0.774663	signed_within_dataset_zscore_mean	ok
GSM6249466	GSE206285	-0.334935	-0.093245	-0.44677	-0.464788	signed_within_dataset_zscore_mean	ok
GSM6249467	GSE206285	-0.255373	0.0859496	-1.14076	0.288687	signed_within_dataset_zscore_mean	ok
GSM6249468	GSE206285	0.721861	0.554287	0.923694	0.687602	signed_within_dataset_zscore_mean	ok
GSM6249469	GSE206285	-0.104354	-0.21332	0.229521	-0.329262	signed_within_dataset_zscore_mean	ok
GSM6249470	GSE206285	-0.719711	-0.771328	-0.953456	-0.434349	signed_within_dataset_zscore_mean	ok
GSM6249471	GSE206285	-0.373977	-0.430971	-0.110825	-0.580135	signed_within_dataset_zscore_mean	ok
GSM6249472	GSE206285	-0.119282	-0.607397	0.270396	-0.0208447	signed_within_dataset_zscore_mean	ok
GSM6249473	GSE206285	0.11017	-0.385298	0.543328	0.172481	signed_within_dataset_zscore_mean	ok
GSM6249474	GSE206285	0.24526	0.159287	0.79776	-0.221267	signed_within_dataset_zscore_mean	ok
GSM6249475	GSE206285	-0.640972	-0.202511	-1.2111	-0.509303	signed_within_dataset_zscore_mean	ok
GSM6249476	GSE206285	0.23168	0.184843	0.0993963	0.410799	signed_within_dataset_zscore_mean	ok
GSM6249477	GSE206285	0.0157736	-0.347005	0.633812	-0.239487	signed_within_dataset_zscore_mean	ok
GSM6249478	GSE206285	-0.948983	-0.0583676	-1.439	-1.34959	signed_within_dataset_zscore_mean	ok
GSM6249479	GSE206285	-0.631207	0.353455	-1.44995	-0.797127	signed_within_dataset_zscore_mean	ok
GSM6249480	GSE206285	0.550038	0.387875	0.358134	0.904106	signed_within_dataset_zscore_mean	ok
GSM6249481	GSE206285	-0.38116	0.0376776	-1.07188	-0.10928	signed_within_dataset_zscore_mean	ok
GSM6249482	GSE206285	0.0241285	0.457857	-0.646108	0.260636	signed_within_dataset_zscore_mean	ok
GSM6249483	GSE206285	0.376135	0.354604	-0.273268	1.04707	signed_within_dataset_zscore_mean	ok
GSM6249484	GSE206285	0.178983	-0.350398	0.10563	0.781719	signed_within_dataset_zscore_mean	ok
GSM6249485	GSE206285	0.591276	0.168522	1.22441	0.380891	signed_within_dataset_zscore_mean	ok
GSM6249486	GSE206285	0.318898	0.034896	0.543596	0.378201	signed_within_dataset_zscore_mean	ok
GSM6249487	GSE206285	0.523159	0.146118	1.32187	0.101487	signed_within_dataset_zscore_mean	ok
GSM6249488	GSE206285	0.12987	0.176018	-0.580246	0.793839	signed_within_dataset_zscore_mean	ok
GSM6249489	GSE206285	0.542794	0.515678	0.919701	0.193003	signed_within_dataset_zscore_mean	ok
GSM6249490	GSE206285	-0.821115	-0.0906133	-1.26114	-1.11159	signed_within_dataset_zscore_mean	ok
GSM6249491	GSE206285	0.416514	0.421788	0.577072	0.250684	signed_within_dataset_zscore_mean	ok
GSM6249492	GSE206285	0.29078	0.3623	0.0502629	0.459779	signed_within_dataset_zscore_mean	ok
GSM6249493	GSE206285	0.303828	0.241198	-0.59127	1.26155	signed_within_dataset_zscore_mean	ok
GSM6249494	GSE206285	-0.710154	-0.472129	-0.566021	-1.09231	signed_within_dataset_zscore_mean	ok
GSM6249495	GSE206285	0.968581	0.664796	0.684468	1.55648	signed_within_dataset_zscore_mean	ok
GSM6249496	GSE206285	-0.469613	-0.180094	-0.746478	-0.482266	signed_within_dataset_zscore_mean	ok
GSM6249497	GSE206285	0.541942	0.656274	-0.12375	1.0933	signed_within_dataset_zscore_mean	ok
GSM6249498	GSE206285	0.402515	0.324258	-0.158952	1.04224	signed_within_dataset_zscore_mean	ok
GSM6249499	GSE206285	0.0902664	0.283764	0.842077	-0.855042	signed_within_dataset_zscore_mean	ok
GSM6249500	GSE206285	-0.122814	-0.0447499	-0.563451	0.239758	signed_within_dataset_zscore_mean	ok
GSM6249501	GSE206285	0.452718	0.194776	0.0229556	1.14042	signed_within_dataset_zscore_mean	ok
GSM6249502	GSE206285	0.670026	0.891428	-0.0403458	1.159	signed_within_dataset_zscore_mean	ok
GSM6249503	GSE206285	-0.324695	-0.236753	-0.441535	-0.295797	signed_within_dataset_zscore_mean	ok
GSM6249504	GSE206285	-0.0808254	-0.122832	0.181348	-0.300993	signed_within_dataset_zscore_mean	ok
GSM6249505	GSE206285	-0.980429	0.071561	-1.29494	-1.71791	signed_within_dataset_zscore_mean	ok
GSM6249506	GSE206285	0.265463	0.0648207	0.729486	0.00208317	signed_within_dataset_zscore_mean	ok
GSM6249507	GSE206285	-0.0864243	0.506985	-1.37954	0.613283	signed_within_dataset_zscore_mean	ok
GSM6249508	GSE206285	0.457671	-0.145324	0.336269	1.18207	signed_within_dataset_zscore_mean	ok
GSM6249509	GSE206285	-0.612127	-0.715433	-0.287564	-0.833385	signed_within_dataset_zscore_mean	ok
GSM6249510	GSE206285	0.274756	-0.151919	0.94545	0.0307364	signed_within_dataset_zscore_mean	ok
GSM6249511	GSE206285	-0.62071	-0.198969	-0.519195	-1.14397	signed_within_dataset_zscore_mean	ok
GSM6249512	GSE206285	0.259045	-0.246299	0.470821	0.552614	signed_within_dataset_zscore_mean	ok
GSM6249513	GSE206285	0.653913	0.720526	-0.127224	1.36844	signed_within_dataset_zscore_mean	ok
GSM6249514	GSE206285	-0.268795	-0.366535	-0.0715488	-0.3683	signed_within_dataset_zscore_mean	ok
GSM6249515	GSE206285	0.148211	-0.241612	0.769186	-0.082942	signed_within_dataset_zscore_mean	ok
GSM6249516	GSE206285	0.366883	-0.0517736	0.888591	0.263831	signed_within_dataset_zscore_mean	ok
GSM6249517	GSE206285	0.159088	-0.17913	0.580418	0.0759761	signed_within_dataset_zscore_mean	ok
GSM6249518	GSE206285	0.121516	0.241606	0.452281	-0.329338	signed_within_dataset_zscore_mean	ok
GSM6249519	GSE206285	0.387706	0.212974	0.411906	0.538239	signed_within_dataset_zscore_mean	ok
GSM6249520	GSE206285	0.0694399	-0.149914	0.858385	-0.500151	signed_within_dataset_zscore_mean	ok
GSM6249521	GSE206285	0.0379066	-0.115207	0.52271	-0.293783	signed_within_dataset_zscore_mean	ok
GSM6249522	GSE206285	-0.567523	-0.00930043	-1.21753	-0.475741	signed_within_dataset_zscore_mean	ok
GSM6249523	GSE206285	0.0448897	-0.210787	0.291078	0.0543778	signed_within_dataset_zscore_mean	ok
GSM6249524	GSE206285	0.289251	0.206156	0.0837839	0.577813	signed_within_dataset_zscore_mean	ok
GSM6249525	GSE206285	-0.227663	-0.337581	-0.366564	0.0211563	signed_within_dataset_zscore_mean	ok
GSM6249526	GSE206285	0.286092	0.49282	-0.262891	0.628347	signed_within_dataset_zscore_mean	ok
GSM6249527	GSE206285	0.795146	0.812115	1.41877	0.154557	signed_within_dataset_zscore_mean	ok
GSM6249528	GSE206285	0.0646266	0.41082	-1.05338	0.836442	signed_within_dataset_zscore_mean	ok
GSM6249529	GSE206285	-0.321634	0.0179756	-0.332118	-0.65076	signed_within_dataset_zscore_mean	ok
GSM6249530	GSE206285	0.378818	-0.29219	0.320033	1.10861	signed_within_dataset_zscore_mean	ok
GSM6249531	GSE206285	0.0728413	0.361051	-0.662929	0.520403	signed_within_dataset_zscore_mean	ok
GSM6249532	GSE206285	0.536171	0.584799	1.60368	-0.579962	signed_within_dataset_zscore_mean	ok
GSM6249533	GSE206285	0.0413945	0.275415	-1.04107	0.889843	signed_within_dataset_zscore_mean	ok
GSM6249534	GSE206285	0.0167537	-0.538673	0.43484	0.154094	signed_within_dataset_zscore_mean	ok
GSM6249535	GSE206285	-0.815419	-0.15755	-1.44166	-0.847043	signed_within_dataset_zscore_mean	ok
GSM6249536	GSE206285	-0.864568	-0.755123	-0.680427	-1.15815	signed_within_dataset_zscore_mean	ok
GSM6249537	GSE206285	-0.493942	-0.918089	-0.398751	-0.164987	signed_within_dataset_zscore_mean	ok
GSM6249538	GSE206285	0.550335	0.600818	0.110741	0.939446	signed_within_dataset_zscore_mean	ok
GSM6249539	GSE206285	0.505104	0.523743	0.516878	0.474693	signed_within_dataset_zscore_mean	ok
GSM6249540	GSE206285	0.190888	0.816703	0.518349	-0.762388	signed_within_dataset_zscore_mean	ok
GSM6249541	GSE206285	0.0131581	-0.298544	0.431896	-0.0938774	signed_within_dataset_zscore_mean	ok
GSM6249542	GSE206285	0.426031	0.490061	0.7463	0.0417322	signed_within_dataset_zscore_mean	ok
GSM6249543	GSE206285	0.0634068	-0.479034	0.587725	0.0815292	signed_within_dataset_zscore_mean	ok
GSM6249544	GSE206285	0.164015	-0.035011	0.135537	0.39152	signed_within_dataset_zscore_mean	ok
GSM6249545	GSE206285	-0.159623	-0.057286	0.171178	-0.592761	signed_within_dataset_zscore_mean	ok
GSM6249546	GSE206285	0.47298	0.306952	1.59991	-0.487927	signed_within_dataset_zscore_mean	ok
GSM6249547	GSE206285	0.41658	0.458203	0.0685337	0.723003	signed_within_dataset_zscore_mean	ok
GSM6249548	GSE206285	0.0574617	-0.451661	-0.044317	0.668363	signed_within_dataset_zscore_mean	ok
GSM6249549	GSE206285	-0.0398411	-0.881509	0.44544	0.316546	signed_within_dataset_zscore_mean	ok
GSM6249550	GSE206285	-0.0511173	-0.775634	0.199335	0.422947	signed_within_dataset_zscore_mean	ok
GSM6249551	GSE206285	-0.0731845	-0.963579	0.421873	0.322153	signed_within_dataset_zscore_mean	ok
GSM6249552	GSE206285	-0.67126	-0.277277	-0.507607	-1.2289	signed_within_dataset_zscore_mean	ok
GSM6249553	GSE206285	-0.0797807	0.137887	-0.641148	0.263918	signed_within_dataset_zscore_mean	ok
GSM6249554	GSE206285	0.447411	-0.383567	0.477079	1.24872	signed_within_dataset_zscore_mean	ok
GSM6249555	GSE206285	0.0667479	-0.246454	0.0885222	0.358175	signed_within_dataset_zscore_mean	ok
GSM6249556	GSE206285	-0.264155	0.406176	-0.567223	-0.631419	signed_within_dataset_zscore_mean	ok
GSM6249557	GSE206285	-0.160015	0.366091	-0.430501	-0.415635	signed_within_dataset_zscore_mean	ok
GSM6249558	GSE206285	-0.386428	-0.0972701	0.191765	-1.25378	signed_within_dataset_zscore_mean	ok
GSM6249559	GSE206285	0.344721	0.0821054	0.406043	0.546016	signed_within_dataset_zscore_mean	ok
GSM6249560	GSE206285	0.372853	-0.00337522	0.595697	0.526236	signed_within_dataset_zscore_mean	ok
GSM6249561	GSE206285	-0.137066	-0.589442	-0.284354	0.462599	signed_within_dataset_zscore_mean	ok
GSM6249562	GSE206285	-0.618649	-0.775124	-0.888203	-0.192621	signed_within_dataset_zscore_mean	ok
GSM6249563	GSE206285	-0.49667	-0.105653	-0.809362	-0.574995	signed_within_dataset_zscore_mean	ok
GSM6249564	GSE206285	-0.240596	-0.198244	0.0697251	-0.593267	signed_within_dataset_zscore_mean	ok
GSM6249565	GSE206285	0.394257	-0.209915	0.66128	0.731405	signed_within_dataset_zscore_mean	ok
GSM6249566	GSE206285	-0.235864	0.0734588	-0.413925	-0.367127	signed_within_dataset_zscore_mean	ok
GSM6249567	GSE206285	0.173742	-0.00235491	0.645671	-0.122091	signed_within_dataset_zscore_mean	ok
GSM6249568	GSE206285	-0.0463339	-0.598591	0.626566	-0.166977	signed_within_dataset_zscore_mean	ok
GSM6249569	GSE206285	0.174787	-0.329485	0.560665	0.293181	signed_within_dataset_zscore_mean	ok
GSM6249570	GSE206285	0.126515	0.45772	-0.11317	0.034995	signed_within_dataset_zscore_mean	ok
GSM6249571	GSE206285	-0.29563	-0.269724	-0.321879	-0.295286	signed_within_dataset_zscore_mean	ok
GSM6249572	GSE206285	-0.113802	0.107748	0.629261	-1.07842	signed_within_dataset_zscore_mean	ok
GSM6249573	GSE206285	-0.671587	0.357806	-1.41523	-0.957339	signed_within_dataset_zscore_mean	ok
GSM6249574	GSE206285	0.686036	0.864359	0.25945	0.934299	signed_within_dataset_zscore_mean	ok
GSM6249575	GSE206285	-0.172404	0.307911	-0.770485	-0.0546372	signed_within_dataset_zscore_mean	ok
GSM6249576	GSE206285	0.25161	0.482694	-0.568882	0.841016	signed_within_dataset_zscore_mean	ok
GSM6249577	GSE206285	-0.476858	-0.517396	-1.01739	0.104208	signed_within_dataset_zscore_mean	ok
GSM6249578	GSE206285	0.208603	0.194594	-0.725296	1.15651	signed_within_dataset_zscore_mean	ok
GSM6249579	GSE206285	-0.180561	-0.268991	0.401015	-0.673706	signed_within_dataset_zscore_mean	ok
GSM6249580	GSE206285	0.209782	-0.25631	0.620833	0.264823	signed_within_dataset_zscore_mean	ok
GSM6249581	GSE206285	0.460496	0.518946	-0.255607	1.11815	signed_within_dataset_zscore_mean	ok
GSM6249582	GSE206285	0.583466	0.770353	-0.482116	1.46216	signed_within_dataset_zscore_mean	ok
GSM6249583	GSE206285	0.24139	-0.458916	1.00658	0.17651	signed_within_dataset_zscore_mean	ok
GSM6249584	GSE206285	-0.29701	-0.0754842	-0.520413	-0.295132	signed_within_dataset_zscore_mean	ok
GSM6249585	GSE206285	0.60213	0.287943	0.554216	0.96423	signed_within_dataset_zscore_mean	ok
GSM6249586	GSE206285	0.459371	0.476305	-0.307894	1.2097	signed_within_dataset_zscore_mean	ok
GSM6249587	GSE206285	-0.116035	0.179742	-0.454541	-0.0733062	signed_within_dataset_zscore_mean	ok
GSM6249588	GSE206285	0.0335067	0.135296	-0.342238	0.307462	signed_within_dataset_zscore_mean	ok
GSM6249589	GSE206285	0.0664572	0.106658	-0.574285	0.666999	signed_within_dataset_zscore_mean	ok
GSM6249590	GSE206285	-0.256912	-0.255886	-0.258484	-0.256368	signed_within_dataset_zscore_mean	ok
GSM6249591	GSE206285	-0.0626808	-0.140194	-0.266535	0.218687	signed_within_dataset_zscore_mean	ok
GSM6249592	GSE206285	0.0218053	-0.278653	0.830388	-0.48632	signed_within_dataset_zscore_mean	ok
GSM6249593	GSE206285	0.0816116	0.462981	-0.317765	0.0996196	signed_within_dataset_zscore_mean	ok
GSM6249594	GSE206285	0.841082	0.0694376	2.53804	-0.0842299	signed_within_dataset_zscore_mean	ok
GSM6249595	GSE206285	0.119434	0.0949836	0.249841	0.0134768	signed_within_dataset_zscore_mean	ok
GSM6249596	GSE206285	0.05496	0.391001	-1.0049	0.778782	signed_within_dataset_zscore_mean	ok
GSM6249597	GSE206285	-0.363443	-0.803893	-0.194987	-0.0914485	signed_within_dataset_zscore_mean	ok
GSM6249598	GSE206285	-1.06789	-0.576462	-1.05146	-1.57575	signed_within_dataset_zscore_mean	ok
GSM6249599	GSE206285	-0.788392	-0.640553	-0.941548	-0.783075	signed_within_dataset_zscore_mean	ok
GSM6249600	GSE206285	0.284408	0.00931509	1.78813	-0.944221	signed_within_dataset_zscore_mean	ok
GSM6249601	GSE206285	0.14715	0.315973	-0.176974	0.30245	signed_within_dataset_zscore_mean	ok
GSM6249602	GSE206285	0.302473	0.174485	-0.23494	0.967875	signed_within_dataset_zscore_mean	ok
GSM6249603	GSE206285	0.119186	-0.0173083	0.458942	-0.0840756	signed_within_dataset_zscore_mean	ok
GSM6249604	GSE206285	-0.64387	-0.681008	0.104947	-1.35555	signed_within_dataset_zscore_mean	ok
GSM6249605	GSE206285	0.28393	-0.119768	0.668419	0.303139	signed_within_dataset_zscore_mean	ok
GSM6249606	GSE206285	0.205833	-0.189803	0.6264	0.180904	signed_within_dataset_zscore_mean	ok
GSM6249607	GSE206285	-0.0890295	0.194321	-0.605922	0.144512	signed_within_dataset_zscore_mean	ok
GSM6249608	GSE206285	0.103593	-0.0227828	0.173937	0.159626	signed_within_dataset_zscore_mean	ok
GSM6249609	GSE206285	-0.0581083	-0.502976	0.0952945	0.233356	signed_within_dataset_zscore_mean	ok
GSM6249610	GSE206285	0.720168	0.229958	2.49504	-0.564497	signed_within_dataset_zscore_mean	ok
GSM6249611	GSE206285	-0.937868	0.531849	-1.75133	-1.59412	signed_within_dataset_zscore_mean	ok
GSM6249612	GSE206285	0.636892	0.560602	1.09931	0.250762	signed_within_dataset_zscore_mean	ok
GSM6249613	GSE206285	-0.253298	-0.104118	-0.208959	-0.446818	signed_within_dataset_zscore_mean	ok
GSM6249614	GSE206285	-0.107914	0.140913	-0.877905	0.413251	signed_within_dataset_zscore_mean	ok
GSM6249615	GSE206285	0.466063	0.842012	0.407924	0.148254	signed_within_dataset_zscore_mean	ok
GSM6249616	GSE206285	0.182078	-0.311121	0.298366	0.558988	signed_within_dataset_zscore_mean	ok
GSM6249617	GSE206285	0.445605	0.344146	0.172553	0.820116	signed_within_dataset_zscore_mean	ok
GSM6249618	GSE206285	-0.304358	0.051871	-0.486576	-0.47837	signed_within_dataset_zscore_mean	ok
GSM6249619	GSE206285	-0.00273983	-0.495668	0.454172	0.0332771	signed_within_dataset_zscore_mean	ok
GSM6249620	GSE206285	0.220392	-0.0282692	0.499719	0.189726	signed_within_dataset_zscore_mean	ok
GSM6249621	GSE206285	-0.529551	-0.553339	-0.569975	-0.465339	signed_within_dataset_zscore_mean	ok
GSM6249622	GSE206285	0.580656	0.586787	0.568416	0.586765	signed_within_dataset_zscore_mean	ok
GSM6249623	GSE206285	-0.0763728	0.384493	-0.962825	0.349213	signed_within_dataset_zscore_mean	ok
GSM6249624	GSE206285	0.058178	0.535661	-0.871983	0.510856	signed_within_dataset_zscore_mean	ok
GSM6249625	GSE206285	0.472831	0.261766	0.736241	0.420487	signed_within_dataset_zscore_mean	ok
GSM6249626	GSE206285	0.132475	0.235777	-0.15816	0.319807	signed_within_dataset_zscore_mean	ok
GSM6249627	GSE206285	-0.0493335	-0.403784	0.125264	0.130519	signed_within_dataset_zscore_mean	ok
GSM6249628	GSE206285	0.398959	0.23875	0.272252	0.685874	signed_within_dataset_zscore_mean	ok
GSM6249629	GSE206285	0.595682	0.726172	0.0230408	1.03783	signed_within_dataset_zscore_mean	ok
GSM6249630	GSE206285	0.35642	0.0608246	0.689101	0.319334	signed_within_dataset_zscore_mean	ok
GSM6249631	GSE206285	0.628987	0.55481	0.725302	0.606848	signed_within_dataset_zscore_mean	ok
GSM6249632	GSE206285	0.248295	-0.460024	0.994871	0.21004	signed_within_dataset_zscore_mean	ok
GSM6249633	GSE206285	-0.0592813	0.127618	-0.431247	0.125786	signed_within_dataset_zscore_mean	ok
GSM6249634	GSE206285	-0.0768414	-0.0221033	-0.4424	0.233979	signed_within_dataset_zscore_mean	ok
GSM6249635	GSE206285	0.0519636	-0.253686	0.505775	-0.0961992	signed_within_dataset_zscore_mean	ok
GSM6249636	GSE206285	-0.571442	-0.918073	-0.818526	0.0222732	signed_within_dataset_zscore_mean	ok
GSM6249637	GSE206285	-0.197623	-0.580834	0.143628	-0.155663	signed_within_dataset_zscore_mean	ok
GSM6249638	GSE206285	-0.245827	-0.25507	-0.194086	-0.288326	signed_within_dataset_zscore_mean	ok
GSM6249639	GSE206285	-0.300169	-0.627847	0.197176	-0.469835	signed_within_dataset_zscore_mean	ok
GSM6249640	GSE206285	0.426688	0.665413	-0.199664	0.814315	signed_within_dataset_zscore_mean	ok
GSM6249641	GSE206285	0.508595	0.0566412	1.23239	0.236754	signed_within_dataset_zscore_mean	ok
GSM6249642	GSE206285	0.195007	-0.147675	0.0831246	0.649573	signed_within_dataset_zscore_mean	ok
GSM6249643	GSE206285	0.291728	-0.318682	0.886403	0.307464	signed_within_dataset_zscore_mean	ok
GSM6249644	GSE206285	-0.270115	-0.112566	-0.18586	-0.511919	signed_within_dataset_zscore_mean	ok
GSM6249645	GSE206285	-0.0534953	0.238965	-0.667358	0.267907	signed_within_dataset_zscore_mean	ok
GSM6249646	GSE206285	-0.0727505	-0.434248	0.121278	0.0947182	signed_within_dataset_zscore_mean	ok
GSM6249647	GSE206285	-0.242919	0.0705168	-0.329741	-0.469534	signed_within_dataset_zscore_mean	ok
GSM6249648	GSE206285	0.336382	0.327318	0.500123	0.181704	signed_within_dataset_zscore_mean	ok
GSM6249649	GSE206285	0.267802	0.067835	0.645534	0.0900381	signed_within_dataset_zscore_mean	ok
GSM6249650	GSE206285	-0.154264	-0.086512	-0.0526483	-0.323632	signed_within_dataset_zscore_mean	ok
GSM6249651	GSE206285	-0.410606	0.127917	-1.18116	-0.17858	signed_within_dataset_zscore_mean	ok
GSM6249652	GSE206285	-1.2121	-0.0458842	-2.11683	-1.47358	signed_within_dataset_zscore_mean	ok
GSM6249653	GSE206285	0.308701	-0.212792	0.0268542	1.11204	signed_within_dataset_zscore_mean	ok
GSM6249654	GSE206285	-1.06671	-0.523898	-1.08622	-1.59001	signed_within_dataset_zscore_mean	ok
GSM6249655	GSE206285	0.511969	0.279596	1.72646	-0.470146	signed_within_dataset_zscore_mean	ok
GSM6249656	GSE206285	-0.317176	-0.381985	-0.0328894	-0.536653	signed_within_dataset_zscore_mean	ok
GSM6249657	GSE206285	0.0726877	-0.109761	0.514442	-0.186619	signed_within_dataset_zscore_mean	ok
GSM6249658	GSE206285	-0.040231	0.279351	-1.00532	0.605277	signed_within_dataset_zscore_mean	ok
GSM6249659	GSE206285	-0.829352	0.0310708	-1.48814	-1.03099	signed_within_dataset_zscore_mean	ok
GSM6249660	GSE206285	0.0515155	-0.104895	0.337861	-0.0784191	signed_within_dataset_zscore_mean	ok
GSM6249661	GSE206285	-1.15886	0.119822	-1.87949	-1.7169	signed_within_dataset_zscore_mean	ok
GSM6249662	GSE206285	-0.78248	-1.18849	-0.184497	-0.97445	signed_within_dataset_zscore_mean	ok
GSM6249663	GSE206285	-0.475673	-0.0861529	-0.627386	-0.713479	signed_within_dataset_zscore_mean	ok
GSM6249664	GSE206285	-0.00363929	-0.42089	0.174866	0.235106	signed_within_dataset_zscore_mean	ok
GSM6249665	GSE206285	-0.567824	-0.510982	-0.528834	-0.663655	signed_within_dataset_zscore_mean	ok
GSM6249666	GSE206285	0.355955	-1.10744	2.44231	-0.267	signed_within_dataset_zscore_mean	ok
GSM6249667	GSE206285	0.540039	0.736732	1.00874	-0.125357	signed_within_dataset_zscore_mean	ok
GSM6249668	GSE206285	0.0233125	0.185877	-0.342959	0.227019	signed_within_dataset_zscore_mean	ok
GSM6249669	GSE206285	0.33593	-0.257226	1.11745	0.147563	signed_within_dataset_zscore_mean	ok
GSM6249670	GSE206285	0.567135	0.659844	0.374967	0.666593	signed_within_dataset_zscore_mean	ok
GSM6249671	GSE206285	0.0388711	0.151591	0.157466	-0.192443	signed_within_dataset_zscore_mean	ok
GSM6249672	GSE206285	0.135139	-0.0530875	0.600462	-0.141956	signed_within_dataset_zscore_mean	ok
GSM6249673	GSE206285	0.322102	0.51559	0.074405	0.376312	signed_within_dataset_zscore_mean	ok
GSM6249674	GSE206285	-0.342217	-0.10582	-0.383238	-0.537593	signed_within_dataset_zscore_mean	ok
GSM6249675	GSE206285	-0.318314	-0.0168379	-0.54075	-0.397354	signed_within_dataset_zscore_mean	ok
GSM6249676	GSE206285	-0.222383	-0.324081	0.300872	-0.643939	signed_within_dataset_zscore_mean	ok
GSM6249677	GSE206285	0.275322	0.207307	0.73978	-0.12112	signed_within_dataset_zscore_mean	ok
GSM6249678	GSE206285	0.132588	0.203989	0.441338	-0.247563	signed_within_dataset_zscore_mean	ok
GSM6249679	GSE206285	-0.563458	0.0214686	-0.477134	-1.23471	signed_within_dataset_zscore_mean	ok
GSM6249680	GSE206285	0.329027	-0.486265	1.0209	0.452443	signed_within_dataset_zscore_mean	ok
GSM6249681	GSE206285	-0.0129928	0.118044	-0.0854024	-0.0716196	signed_within_dataset_zscore_mean	ok
GSM6249682	GSE206285	-1.16728	-0.628839	-1.41923	-1.45378	signed_within_dataset_zscore_mean	ok
GSM6249683	GSE206285	0.415415	0.657287	0.515905	0.0730524	signed_within_dataset_zscore_mean	ok
GSM6249684	GSE206285	-0.159828	-0.391118	0.350839	-0.439205	signed_within_dataset_zscore_mean	ok
GSM6249685	GSE206285	0.455631	-0.0624857	0.303805	1.12557	signed_within_dataset_zscore_mean	ok
GSM6249686	GSE206285	0.278272	0.204678	0.444443	0.185696	signed_within_dataset_zscore_mean	ok
GSM6249687	GSE206285	0.167327	-0.433991	1.12164	-0.185672	signed_within_dataset_zscore_mean	ok
GSM6249688	GSE206285	-0.0459136	0.0877394	-0.300265	0.0747844	signed_within_dataset_zscore_mean	ok
GSM6249689	GSE206285	0.280592	0.463385	0.141554	0.236838	signed_within_dataset_zscore_mean	ok
GSM6249690	GSE206285	0.260521	-0.0130961	0.737132	0.057526	signed_within_dataset_zscore_mean	ok
GSM6249691	GSE206285	0.513513	-0.286967	1.44715	0.38035	signed_within_dataset_zscore_mean	ok
GSM6249692	GSE206285	0.195959	0.151817	-0.0396365	0.475698	signed_within_dataset_zscore_mean	ok
GSM6249693	GSE206285	0.181586	0.0212731	0.257046	0.266439	signed_within_dataset_zscore_mean	ok
GSM6249694	GSE206285	0.499458	0.673111	-0.219335	1.0446	signed_within_dataset_zscore_mean	ok
GSM6249695	GSE206285	-0.158749	-0.0867747	0.0655713	-0.455043	signed_within_dataset_zscore_mean	ok
GSM6249696	GSE206285	-0.243704	0.187061	-0.757871	-0.160301	signed_within_dataset_zscore_mean	ok
GSM6249697	GSE206285	0.247608	-0.42616	1.78248	-0.613495	signed_within_dataset_zscore_mean	ok
GSM6249698	GSE206285	0.556638	0.289712	1.91179	-0.531585	signed_within_dataset_zscore_mean	ok
GSM6249699	GSE206285	-0.00112677	0.0117158	-0.443218	0.428122	signed_within_dataset_zscore_mean	ok
GSM6249700	GSE206285	-0.487374	-0.565857	-0.326158	-0.570108	signed_within_dataset_zscore_mean	ok
GSM6249701	GSE206285	-0.00785419	-0.124585	0.158264	-0.0572421	signed_within_dataset_zscore_mean	ok
GSM6249702	GSE206285	0.629185	-0.205455	1.19512	0.897888	signed_within_dataset_zscore_mean	ok
GSM6249703	GSE206285	-0.747109	-1.14629	-0.379965	-0.71507	signed_within_dataset_zscore_mean	ok
GSM6249704	GSE206285	0.164393	-0.198219	0.944863	-0.253464	signed_within_dataset_zscore_mean	ok
GSM6249705	GSE206285	-0.342784	-0.218061	-0.64702	-0.163271	signed_within_dataset_zscore_mean	ok
GSM6249706	GSE206285	0.313617	-0.48163	0.222463	1.20002	signed_within_dataset_zscore_mean	ok
GSM6249707	GSE206285	0.138781	-0.254018	0.492023	0.178339	signed_within_dataset_zscore_mean	ok
GSM6249708	GSE206285	0.223435	-0.0868886	0.366326	0.390869	signed_within_dataset_zscore_mean	ok
GSM6249709	GSE206285	1.09931	0.899245	1.06815	1.33053	signed_within_dataset_zscore_mean	ok
GSM6249710	GSE206285	0.295744	0.549139	0.249842	0.0882514	signed_within_dataset_zscore_mean	ok
GSM6249711	GSE206285	0.241623	-0.248329	0.947277	0.025921	signed_within_dataset_zscore_mean	ok
GSM6249712	GSE206285	-0.233118	0.183307	0.181651	-1.06431	signed_within_dataset_zscore_mean	ok
GSM6249713	GSE206285	-1.09102	0.0318324	-1.78539	-1.51951	signed_within_dataset_zscore_mean	ok
GSM6249714	GSE206285	-0.0249111	-0.497074	0.227354	0.194988	signed_within_dataset_zscore_mean	ok
GSM6249715	GSE206285	-0.37871	-0.129513	-0.442583	-0.564034	signed_within_dataset_zscore_mean	ok
GSM6249716	GSE206285	-0.0291566	0.623696	-0.199998	-0.511168	signed_within_dataset_zscore_mean	ok
GSM6249717	GSE206285	0.588232	-0.272272	2.00483	0.032134	signed_within_dataset_zscore_mean	ok
GSM6249718	GSE206285	0.0775417	-0.223812	0.912835	-0.456399	signed_within_dataset_zscore_mean	ok
GSM6249719	GSE206285	-0.86564	-0.576702	-1.60736	-0.41286	signed_within_dataset_zscore_mean	ok
GSM6249720	GSE206285	-0.175751	-0.49944	-0.0560137	0.0282009	signed_within_dataset_zscore_mean	ok
GSM6249721	GSE206285	-0.536007	0.0764794	-0.87202	-0.812479	signed_within_dataset_zscore_mean	ok
GSM6249722	GSE206285	0.639524	0.55506	0.323348	1.04016	signed_within_dataset_zscore_mean	ok
GSM6249723	GSE206285	0.173163	-0.0074207	0.832292	-0.305382	signed_within_dataset_zscore_mean	ok
GSM6249724	GSE206285	-0.281816	-0.318313	-0.173772	-0.353363	signed_within_dataset_zscore_mean	ok
GSM6249725	GSE206285	0.209373	-0.0588211	0.336519	0.350421	signed_within_dataset_zscore_mean	ok
GSM6249726	GSE206285	-0.822875	-0.74315	-0.989609	-0.735867	signed_within_dataset_zscore_mean	ok
GSM6249727	GSE206285	0.371091	0.414774	-0.337846	1.03634	signed_within_dataset_zscore_mean	ok
GSM6249728	GSE206285	0.0426973	0.294954	-0.382952	0.21609	signed_within_dataset_zscore_mean	ok
GSM6249729	GSE206285	0.596363	-0.0603891	1.98081	-0.131332	signed_within_dataset_zscore_mean	ok
GSM6249730	GSE206285	0.327615	-0.103644	0.295906	0.790583	signed_within_dataset_zscore_mean	ok
GSM6249731	GSE206285	0.494833	0.540847	0.276973	0.666678	signed_within_dataset_zscore_mean	ok
GSM6249732	GSE206285	-0.0299618	-0.53184	0.432201	0.00975319	signed_within_dataset_zscore_mean	ok
GSM6249733	GSE206285	0.133746	-0.664307	0.981195	0.0843515	signed_within_dataset_zscore_mean	ok
GSM6249734	GSE206285	0.0906331	0.662048	-1.23034	0.840189	signed_within_dataset_zscore_mean	ok
GSM6249735	GSE206285	0.156101	-0.00624257	-0.279578	0.754122	signed_within_dataset_zscore_mean	ok
GSM6249736	GSE206285	-0.111435	0.0191579	-0.418156	0.0646923	signed_within_dataset_zscore_mean	ok
GSM6249737	GSE206285	0.0866521	-0.462878	0.875607	-0.152773	signed_within_dataset_zscore_mean	ok
GSM6249738	GSE206285	0.514398	0.218268	0.315219	1.00971	signed_within_dataset_zscore_mean	ok
GSM6249739	GSE206285	0.117745	0.274277	0.121315	-0.042358	signed_within_dataset_zscore_mean	ok
GSM6249740	GSE206285	0.393357	0.681513	-0.0543575	0.552917	signed_within_dataset_zscore_mean	ok
GSM6249741	GSE206285	-0.251854	0.0734229	-0.239129	-0.589855	signed_within_dataset_zscore_mean	ok
GSM6249742	GSE206285	-0.380653	-0.276505	-0.179315	-0.686139	signed_within_dataset_zscore_mean	ok
GSM6249743	GSE206285	0.31332	0.499353	0.441182	-0.000576969	signed_within_dataset_zscore_mean	ok
GSM6249744	GSE206285	0.272403	-0.199518	0.414528	0.602199	signed_within_dataset_zscore_mean	ok
GSM6249745	GSE206285	-0.0457908	-0.214366	0.368088	-0.291095	signed_within_dataset_zscore_mean	ok
GSM6249746	GSE206285	0.87875	0.500779	1.56241	0.573063	signed_within_dataset_zscore_mean	ok
GSM6249747	GSE206285	0.474707	0.104521	1.16176	0.157842	signed_within_dataset_zscore_mean	ok
GSM6249748	GSE206285	0.522756	0.145918	0.830892	0.591457	signed_within_dataset_zscore_mean	ok
GSM6249749	GSE206285	-0.330379	0.0358123	-0.972769	-0.0541807	signed_within_dataset_zscore_mean	ok
GSM6249750	GSE206285	-0.00538512	-0.735299	0.567647	0.151496	signed_within_dataset_zscore_mean	ok
GSM6249751	GSE206285	-0.311861	0.260957	0.123185	-1.31972	signed_within_dataset_zscore_mean	ok
GSM6249752	GSE206285	-0.134952	0.0815043	-0.587371	0.101011	signed_within_dataset_zscore_mean	ok
GSM6249753	GSE206285	-0.701528	0.113308	-1.64034	-0.577554	signed_within_dataset_zscore_mean	ok
GSM6249754	GSE206285	-1.16752	-1.26721	-0.726342	-1.50899	signed_within_dataset_zscore_mean	ok
GSM6249755	GSE206285	0.0736743	0.0954024	0.0360426	0.089578	signed_within_dataset_zscore_mean	ok
GSM6249756	GSE206285	0.0343714	0.243276	-0.186978	0.0468163	signed_within_dataset_zscore_mean	ok
GSM6249757	GSE206285	0.261282	-0.940209	1.44307	0.28099	signed_within_dataset_zscore_mean	ok
GSM6249758	GSE206285	0.338708	-0.750125	1.31977	0.446475	signed_within_dataset_zscore_mean	ok
GSM6249759	GSE206285	-0.171139	-0.161364	0.0314756	-0.38353	signed_within_dataset_zscore_mean	ok
GSM6249760	GSE206285	0.271285	0.295418	-0.372401	0.890838	signed_within_dataset_zscore_mean	ok
GSM6249761	GSE206285	0.457946	0.262308	0.29593	0.815599	signed_within_dataset_zscore_mean	ok
GSM6249762	GSE206285	-0.652016	-0.0198421	-1.44823	-0.48798	signed_within_dataset_zscore_mean	ok
GSM6249763	GSE206285	-0.541321	-0.448628	-0.490296	-0.685038	signed_within_dataset_zscore_mean	ok
GSM6249764	GSE206285	-0.150613	0.276502	-0.740835	0.0124946	signed_within_dataset_zscore_mean	ok
GSM6249765	GSE206285	-0.67319	-0.80684	-0.1633	-1.04943	signed_within_dataset_zscore_mean	ok
GSM6249766	GSE206285	-0.905724	-0.0211738	-1.32559	-1.37041	signed_within_dataset_zscore_mean	ok
GSM6249767	GSE206285	0.663861	0.0795909	1.83521	0.0767853	signed_within_dataset_zscore_mean	ok
GSM6249768	GSE206285	0.173217	-0.315945	0.721672	0.113923	signed_within_dataset_zscore_mean	ok
GSM6249769	GSE206285	0.119578	0.454165	-0.3746	0.279169	signed_within_dataset_zscore_mean	ok
GSM6249770	GSE206285	0.138834	-0.184498	1.27346	-0.672464	signed_within_dataset_zscore_mean	ok
GSM6249771	GSE206285	0.225893	0.411444	-0.476988	0.743222	signed_within_dataset_zscore_mean	ok
GSM6249772	GSE206285	0.33054	0.277099	-0.835545	1.55007	signed_within_dataset_zscore_mean	ok
GSM6249773	GSE206285	0.92336	0.732611	0.722549	1.31492	signed_within_dataset_zscore_mean	ok
GSM6249774	GSE206285	0.277036	-0.318297	0.956915	0.192489	signed_within_dataset_zscore_mean	ok
GSM6249775	GSE206285	-0.082617	-0.13425	-0.980679	0.867078	signed_within_dataset_zscore_mean	ok
GSM6249776	GSE206285	-0.43158	-0.611469	0.00874625	-0.692018	signed_within_dataset_zscore_mean	ok
GSM6249777	GSE206285	0.25022	-0.0128496	0.13377	0.629738	signed_within_dataset_zscore_mean	ok
GSM6249778	GSE206285	0.365083	-0.192523	1.08446	0.203312	signed_within_dataset_zscore_mean	ok
GSM6249779	GSE206285	-0.350499	-0.0408077	-0.580513	-0.430177	signed_within_dataset_zscore_mean	ok
GSM6249780	GSE206285	0.612292	0.60059	1.02575	0.210541	signed_within_dataset_zscore_mean	ok
GSM6249781	GSE206285	-0.0763055	-0.639676	0.318602	0.0921577	signed_within_dataset_zscore_mean	ok
GSM6249782	GSE206285	0.043395	-0.0379825	0.0296595	0.138508	signed_within_dataset_zscore_mean	ok
GSM6249783	GSE206285	-0.565009	-0.0956866	-0.861541	-0.737798	signed_within_dataset_zscore_mean	ok
GSM6249784	GSE206285	-0.470424	0.197993	-1.26018	-0.349087	signed_within_dataset_zscore_mean	ok
GSM6249785	GSE206285	0.0607849	-0.822611	0.85247	0.152496	signed_within_dataset_zscore_mean	ok
GSM6249786	GSE206285	0.521209	0.81264	-0.044334	0.795322	signed_within_dataset_zscore_mean	ok
GSM6249787	GSE206285	0.502519	0.740678	-0.152025	0.918904	signed_within_dataset_zscore_mean	ok
GSM6249788	GSE206285	0.36013	-0.0898935	0.816226	0.354058	signed_within_dataset_zscore_mean	ok
GSM6249789	GSE206285	0.197059	-0.160831	0.397381	0.354627	signed_within_dataset_zscore_mean	ok
GSM6249790	GSE206285	0.0234965	0.678301	-0.271261	-0.33655	signed_within_dataset_zscore_mean	ok
GSM6249791	GSE206285	0.395146	0.202745	0.503976	0.478718	signed_within_dataset_zscore_mean	ok
GSM6249792	GSE206285	0.0800326	0.358499	-0.348145	0.229744	signed_within_dataset_zscore_mean	ok
GSM6249793	GSE206285	-0.0144519	-0.163555	0.655527	-0.535327	signed_within_dataset_zscore_mean	ok
GSM6249794	GSE206285	0.460795	-0.127485	1.71554	-0.205669	signed_within_dataset_zscore_mean	ok
GSM6249795	GSE206285	-1.35943	-0.636198	-1.54984	-1.89225	signed_within_dataset_zscore_mean	ok
GSM6249796	GSE206285	-1.13799	-0.473783	-0.949836	-1.99036	signed_within_dataset_zscore_mean	ok
GSM6249797	GSE206285	0.18124	-0.130517	-0.0810666	0.755304	signed_within_dataset_zscore_mean	ok
GSM6249798	GSE206285	0.535119	0.355044	0.750191	0.500121	signed_within_dataset_zscore_mean	ok
GSM6249799	GSE206285	0.274971	0.601842	0.274912	-0.0518422	signed_within_dataset_zscore_mean	ok
GSM6249800	GSE206285	-0.0332195	0.0394896	-0.241828	0.102679	signed_within_dataset_zscore_mean	ok
GSM6249801	GSE206285	0.549993	-0.26178	0.0422462	1.86951	signed_within_dataset_zscore_mean	ok
GSM6249802	GSE206285	-0.0520593	-0.512501	1.40567	-1.04935	signed_within_dataset_zscore_mean	ok
GSM6249803	GSE206285	0.32602	0.461421	0.261026	0.255613	signed_within_dataset_zscore_mean	ok
GSM6249804	GSE206285	-0.435737	-1.06026	0.257269	-0.504218	signed_within_dataset_zscore_mean	ok
GSM6249805	GSE206285	0.162024	-0.667624	1.03049	0.123211	signed_within_dataset_zscore_mean	ok
GSM6249806	GSE206285	0.606803	0.210244	0.836545	0.773622	signed_within_dataset_zscore_mean	ok
GSM6249807	GSE206285	-0.317451	-0.367118	-0.506027	-0.079209	signed_within_dataset_zscore_mean	ok
GSM6249808	GSE206285	-0.557428	-0.58416	-0.63438	-0.453746	signed_within_dataset_zscore_mean	ok
GSM6249809	GSE206285	-0.20122	-0.0420458	-0.627342	0.0657295	signed_within_dataset_zscore_mean	ok
GSM6249810	GSE206285	0.106876	-0.862418	0.498097	0.684948	signed_within_dataset_zscore_mean	ok
GSM6249811	GSE206285	0.573012	0.32877	0.761206	0.629058	signed_within_dataset_zscore_mean	ok
GSM6249812	GSE206285	-0.533148	-0.0142374	-0.918757	-0.66645	signed_within_dataset_zscore_mean	ok
GSM6249813	GSE206285	-0.296368	-0.112	-1.13563	0.358524	signed_within_dataset_zscore_mean	ok
GSM6249814	GSE206285	0.384151	0.379827	0.287968	0.484657	signed_within_dataset_zscore_mean	ok
GSM6249815	GSE206285	0.0401698	-0.165358	0.408669	-0.122801	signed_within_dataset_zscore_mean	ok
GSM6249816	GSE206285	-0.583785	-0.213559	-0.702906	-0.834889	signed_within_dataset_zscore_mean	ok
GSM6249817	GSE206285	0.765913	-0.0117297	1.09541	1.21406	signed_within_dataset_zscore_mean	ok
GSM6249818	GSE206285	-0.454447	0.578393	-1.7923	-0.149432	signed_within_dataset_zscore_mean	ok
GSM6249819	GSE206285	-0.0298349	-0.00334593	-0.203536	0.117377	signed_within_dataset_zscore_mean	ok
GSM6249820	GSE206285	-0.260996	-0.363978	-1.31178	0.892766	signed_within_dataset_zscore_mean	ok
GSM6249821	GSE206285	-0.627137	-0.28064	-0.726584	-0.874187	signed_within_dataset_zscore_mean	ok
GSM6249822	GSE206285	-0.309172	0.125408	-0.98763	-0.0652959	signed_within_dataset_zscore_mean	ok
GSM6249823	GSE206285	-0.497976	-0.305616	-0.655014	-0.533298	signed_within_dataset_zscore_mean	ok
GSM6249824	GSE206285	-0.139791	0.443035	-1.00934	0.146935	signed_within_dataset_zscore_mean	ok
GSM6249825	GSE206285	0.481257	-0.42683	1.04166	0.828937	signed_within_dataset_zscore_mean	ok
GSM6249826	GSE206285	-0.430219	-0.439689	-0.0857491	-0.765217	signed_within_dataset_zscore_mean	ok
GSM6249827	GSE206285	-1.03065	0.232986	-1.60265	-1.72229	signed_within_dataset_zscore_mean	ok
GSM6249828	GSE206285	-0.938341	0.109377	-1.63481	-1.28959	signed_within_dataset_zscore_mean	ok
GSM6249829	GSE206285	-1.22105	-0.502748	-1.64329	-1.51712	signed_within_dataset_zscore_mean	ok
GSM6249830	GSE206285	-0.0448605	0.256408	-0.973592	0.582603	signed_within_dataset_zscore_mean	ok
GSM6249831	GSE206285	-1.00273	0.355407	-1.68105	-1.68256	signed_within_dataset_zscore_mean	ok
GSM6249832	GSE206285	-0.758184	0.309999	-0.997619	-1.58693	signed_within_dataset_zscore_mean	ok
GSM6249833	GSE206285	-0.203277	0.443443	-1.41694	0.363664	signed_within_dataset_zscore_mean	ok
GSM6249834	GSE206285	-1.22931	-0.0411038	-1.9642	-1.68264	signed_within_dataset_zscore_mean	ok
GSM6249835	GSE206285	-0.958581	0.31528	-1.53684	-1.65418	signed_within_dataset_zscore_mean	ok
GSM6249836	GSE206285	-1.19754	-0.210411	-1.677	-1.70521	signed_within_dataset_zscore_mean	ok
GSM6249837	GSE206285	-1.03275	0.18746	-1.62445	-1.66126	signed_within_dataset_zscore_mean	ok
GSM6249838	GSE206285	-1.38857	0.0448154	-2.16108	-2.04943	signed_within_dataset_zscore_mean	ok
GSM6249839	GSE206285	-1.56577	-0.592914	-2.1396	-1.96479	signed_within_dataset_zscore_mean	ok
GSM6249840	GSE206285	-1.20837	-0.229257	-1.53354	-1.86232	signed_within_dataset_zscore_mean	ok
GSM6249841	GSE206285	-0.722826	0.67954	-1.6961	-1.15192	signed_within_dataset_zscore_mean	ok
GSM6249842	GSE206285	-1.51346	-0.372326	-1.95009	-2.21798	signed_within_dataset_zscore_mean	ok
GSM6249843	GSE206285	-0.947858	0.287888	-1.72506	-1.4064	signed_within_dataset_zscore_mean	ok
GSM6249844	GSE206285	-1.19122	-0.19308	-1.46701	-1.91355	signed_within_dataset_zscore_mean	ok
GSM578713	GSE23597	0.473968	0.736179	0.0524447	0.633281	signed_within_dataset_zscore_mean	ok
GSM578714	GSE23597	0.357792	0.601857	-0.127051	0.598571	signed_within_dataset_zscore_mean	ok
GSM578715	GSE23597	0.0468695	-0.723793	0.532347	0.332055	signed_within_dataset_zscore_mean	ok
GSM578716	GSE23597	0.323841	0.552315	-0.175112	0.594321	signed_within_dataset_zscore_mean	ok
GSM578717	GSE23597	-0.111807	0.0213467	-0.661422	0.304655	signed_within_dataset_zscore_mean	ok
GSM578718	GSE23597	0.420679	0.538409	0.405153	0.318475	signed_within_dataset_zscore_mean	ok
GSM578719	GSE23597	-0.138547	0.130715	-0.586309	0.0399531	signed_within_dataset_zscore_mean	ok
GSM578720	GSE23597	0.231925	-0.153109	-0.122905	0.971789	signed_within_dataset_zscore_mean	ok
GSM578721	GSE23597	-0.381777	-0.494248	-0.607975	-0.0431077	signed_within_dataset_zscore_mean	ok
GSM578722	GSE23597	-0.0878846	-0.393318	-0.0116279	0.141292	signed_within_dataset_zscore_mean	ok
GSM578723	GSE23597	-0.798754	-0.00426497	-0.739834	-1.65216	signed_within_dataset_zscore_mean	ok
GSM578724	GSE23597	0.306511	-0.238189	0.73525	0.422472	signed_within_dataset_zscore_mean	ok
GSM578725	GSE23597	-0.202566	0.0175934	-0.500088	-0.125205	signed_within_dataset_zscore_mean	ok
GSM578726	GSE23597	-0.419771	-0.127717	-0.651828	-0.479767	signed_within_dataset_zscore_mean	ok
GSM578727	GSE23597	-0.155243	0.0403266	-0.507131	0.00107688	signed_within_dataset_zscore_mean	ok
GSM578728	GSE23597	-0.290221	-0.167167	-0.431933	-0.271564	signed_within_dataset_zscore_mean	ok
GSM578729	GSE23597	-0.150434	0.830622	-0.720468	-0.561456	signed_within_dataset_zscore_mean	ok
GSM578730	GSE23597	0.158569	-0.193646	1.03235	-0.363	signed_within_dataset_zscore_mean	ok
GSM578731	GSE23597	0.0737315	-0.0194668	-0.292121	0.532782	signed_within_dataset_zscore_mean	ok
GSM578732	GSE23597	-0.454087	0.772461	-0.769746	-1.36498	signed_within_dataset_zscore_mean	ok
GSM578733	GSE23597	-0.537915	0.359309	-0.787858	-1.1852	signed_within_dataset_zscore_mean	ok
GSM578734	GSE23597	0.144497	-0.835846	0.318188	0.95115	signed_within_dataset_zscore_mean	ok
GSM578735	GSE23597	-0.320905	0.174559	-0.648527	-0.488747	signed_within_dataset_zscore_mean	ok
GSM578736	GSE23597	-0.0887638	-0.256827	0.000323401	-0.0097876	signed_within_dataset_zscore_mean	ok
GSM578737	GSE23597	0.24064	0.351051	0.275108	0.0957627	signed_within_dataset_zscore_mean	ok
GSM578738	GSE23597	-0.317362	0.120156	-0.331171	-0.741071	signed_within_dataset_zscore_mean	ok
GSM578739	GSE23597	0.567621	-0.294829	1.59127	0.406418	signed_within_dataset_zscore_mean	ok
GSM578740	GSE23597	-0.66309	0.118504	-0.118146	-1.98963	signed_within_dataset_zscore_mean	ok
GSM578741	GSE23597	0.467457	0.658428	0.828701	-0.0847574	signed_within_dataset_zscore_mean	ok
GSM578742	GSE23597	0.153891	0.102761	-0.166518	0.52543	signed_within_dataset_zscore_mean	ok
GSM578743	GSE23597	-0.683063	-1.06046	-0.164495	-0.824234	signed_within_dataset_zscore_mean	ok
GSM578744	GSE23597	-0.384843	-0.0728307	-0.460826	-0.620873	signed_within_dataset_zscore_mean	ok
GSM578745	GSE23597	0.428714	0.334044	0.558359	0.39374	signed_within_dataset_zscore_mean	ok
GSM578746	GSE23597	-0.344032	0.427598	-0.667219	-0.792474	signed_within_dataset_zscore_mean	ok
GSM578747	GSE23597	-0.433006	0.318468	-0.683306	-0.934179	signed_within_dataset_zscore_mean	ok
GSM578748	GSE23597	-0.957074	-0.936287	-0.639463	-1.29547	signed_within_dataset_zscore_mean	ok
GSM578749	GSE23597	-1.06485	-0.735581	-0.652368	-1.8066	signed_within_dataset_zscore_mean	ok
GSM578750	GSE23597	-0.578829	-0.467919	-0.584593	-0.683975	signed_within_dataset_zscore_mean	ok
GSM578751	GSE23597	-0.1653	-1.20582	0.277017	0.432903	signed_within_dataset_zscore_mean	ok
GSM578752	GSE23597	-0.281168	-0.372106	-0.395713	-0.0756844	signed_within_dataset_zscore_mean	ok
GSM578753	GSE23597	-0.571438	-0.733544	-0.536336	-0.444433	signed_within_dataset_zscore_mean	ok
GSM578754	GSE23597	-0.448296	-0.277888	-0.621755	-0.445244	signed_within_dataset_zscore_mean	ok
GSM578755	GSE23597	-0.459186	-0.438844	-0.505785	-0.432928	signed_within_dataset_zscore_mean	ok
GSM578756	GSE23597	-0.905536	-0.542379	-0.779534	-1.39469	signed_within_dataset_zscore_mean	ok
GSM578757	GSE23597	1.0513	-0.208646	2.16754	1.195	signed_within_dataset_zscore_mean	ok
GSM578758	GSE23597	0.464766	-0.139442	0.768817	0.764925	signed_within_dataset_zscore_mean	ok
GSM578759	GSE23597	-0.597177	-0.663989	-0.743949	-0.383592	signed_within_dataset_zscore_mean	ok
GSM578760	GSE23597	0.388956	0.23134	-0.129447	1.06497	signed_within_dataset_zscore_mean	ok
GSM578761	GSE23597	-0.328862	0.177772	-0.601973	-0.562384	signed_within_dataset_zscore_mean	ok
GSM578762	GSE23597	0.254529	-0.778721	1.04921	0.493103	signed_within_dataset_zscore_mean	ok
GSM578763	GSE23597	-0.671226	-0.55237	-0.604109	-0.857199	signed_within_dataset_zscore_mean	ok
GSM578764	GSE23597	0.294179	0.27876	-0.0448772	0.648655	signed_within_dataset_zscore_mean	ok
GSM578765	GSE23597	-0.645459	-0.48284	-0.241467	-1.21207	signed_within_dataset_zscore_mean	ok
GSM578766	GSE23597	-0.245873	0.28289	-0.694746	-0.325762	signed_within_dataset_zscore_mean	ok
GSM578767	GSE23597	-0.157122	-0.179171	-0.437596	0.1454	signed_within_dataset_zscore_mean	ok
GSM578768	GSE23597	-0.187247	-0.76632	-0.0325276	0.237106	signed_within_dataset_zscore_mean	ok
GSM578769	GSE23597	-0.0945839	0.725814	-0.760026	-0.249539	signed_within_dataset_zscore_mean	ok
GSM578770	GSE23597	-0.791179	-0.450709	-0.79567	-1.12716	signed_within_dataset_zscore_mean	ok
GSM578771	GSE23597	1.08266	0.805981	1.67724	0.764748	signed_within_dataset_zscore_mean	ok
GSM578772	GSE23597	1.14739	0.386484	1.79608	1.25959	signed_within_dataset_zscore_mean	ok
GSM578773	GSE23597	-0.558656	-0.172137	-0.416233	-1.0876	signed_within_dataset_zscore_mean	ok
GSM578774	GSE23597	0.906987	0.755126	1.62739	0.338447	signed_within_dataset_zscore_mean	ok
GSM578775	GSE23597	0.667477	0.131015	0.995123	0.876294	signed_within_dataset_zscore_mean	ok
GSM578776	GSE23597	0.10528	0.123625	-0.0859347	0.27815	signed_within_dataset_zscore_mean	ok
GSM578777	GSE23597	-0.187598	0.545181	-0.762419	-0.345557	signed_within_dataset_zscore_mean	ok
GSM578778	GSE23597	-0.174415	0.613582	-0.784142	-0.352685	signed_within_dataset_zscore_mean	ok
GSM578779	GSE23597	0.18219	-0.775183	0.536719	0.785034	signed_within_dataset_zscore_mean	ok
GSM578780	GSE23597	0.32014	-0.198895	0.269509	0.889807	signed_within_dataset_zscore_mean	ok
GSM578781	GSE23597	0.190194	0.292984	-0.266538	0.544136	signed_within_dataset_zscore_mean	ok
GSM578782	GSE23597	0.741637	-0.303402	1.62669	0.90162	signed_within_dataset_zscore_mean	ok
GSM578783	GSE23597	0.565939	0.348274	0.652238	0.697304	signed_within_dataset_zscore_mean	ok
GSM578784	GSE23597	0.154854	-0.110179	0.339478	0.235262	signed_within_dataset_zscore_mean	ok
GSM578785	GSE23597	-0.218754	-1.18982	0.200638	0.332917	signed_within_dataset_zscore_mean	ok
GSM578786	GSE23597	-0.307228	0.434255	-0.746081	-0.609859	signed_within_dataset_zscore_mean	ok
GSM578787	GSE23597	-0.473813	-0.335928	-0.670878	-0.414633	signed_within_dataset_zscore_mean	ok
GSM578788	GSE23597	0.196274	-0.0817718	-0.219596	0.890189	signed_within_dataset_zscore_mean	ok
GSM578789	GSE23597	0.193899	0.512347	-0.400293	0.469642	signed_within_dataset_zscore_mean	ok
GSM578790	GSE23597	1.45251	0.652175	2.27099	1.43438	signed_within_dataset_zscore_mean	ok
GSM578791	GSE23597	0.401944	0.329462	-0.430451	1.30682	signed_within_dataset_zscore_mean	ok
GSM578792	GSE23597	0.225849	0.505285	0.196115	-0.0238519	signed_within_dataset_zscore_mean	ok
GSM578793	GSE23597	0.703209	0.282065	1.00305	0.82451	signed_within_dataset_zscore_mean	ok
GSM578794	GSE23597	1.4361	0.689499	1.54425	2.07454	signed_within_dataset_zscore_mean	ok
GSM578795	GSE23597	0.0766577	-0.780833	1.16166	-0.15085	signed_within_dataset_zscore_mean	ok
GSM578796	GSE23597	0.744865	0.486387	1.08487	0.663337	signed_within_dataset_zscore_mean	ok
GSM578797	GSE23597	0.58608	1.18107	0.088471	0.4887	signed_within_dataset_zscore_mean	ok
GSM578798	GSE23597	-0.534603	0.120265	-0.714934	-1.00914	signed_within_dataset_zscore_mean	ok
GSM578799	GSE23597	-0.617393	-0.0534226	-0.796844	-1.00191	signed_within_dataset_zscore_mean	ok
GSM578800	GSE23597	-0.326948	-0.218723	-0.591609	-0.170513	signed_within_dataset_zscore_mean	ok
GSM578801	GSE23597	-0.368833	-0.026569	-0.715126	-0.364803	signed_within_dataset_zscore_mean	ok
GSM578802	GSE23597	-0.405636	0.06557	-0.75351	-0.528967	signed_within_dataset_zscore_mean	ok
GSM578803	GSE23597	0.354361	0.299472	0.583306	0.180306	signed_within_dataset_zscore_mean	ok
GSM578804	GSE23597	0.338652	-0.328748	1.48555	-0.140847	signed_within_dataset_zscore_mean	ok
GSM578805	GSE23597	-0.402264	0.181137	-0.579809	-0.808122	signed_within_dataset_zscore_mean	ok
GSM578806	GSE23597	-0.82215	-0.742254	-0.785534	-0.938662	signed_within_dataset_zscore_mean	ok
GSM578807	GSE23597	0.910563	0.156418	1.43685	1.13842	signed_within_dataset_zscore_mean	ok
GSM578808	GSE23597	0.671321	0.0390151	0.936339	1.03861	signed_within_dataset_zscore_mean	ok
GSM578809	GSE23597	-0.479417	0.487176	-0.64864	-1.27679	signed_within_dataset_zscore_mean	ok
GSM578810	GSE23597	-0.499005	0.521923	-0.734213	-1.28472	signed_within_dataset_zscore_mean	ok
GSM578811	GSE23597	-0.0668576	0.0110837	-0.362011	0.150355	signed_within_dataset_zscore_mean	ok
GSM578812	GSE23597	0.609091	-0.488176	1.88305	0.432401	signed_within_dataset_zscore_mean	ok
GSM578813	GSE23597	0.400201	-0.302931	0.55455	0.948983	signed_within_dataset_zscore_mean	ok
GSM578814	GSE23597	-0.456619	-1.01596	-0.652065	0.298166	signed_within_dataset_zscore_mean	ok
GSM578815	GSE23597	0.049207	0.574954	-0.40455	-0.0227827	signed_within_dataset_zscore_mean	ok
GSM578816	GSE23597	0.698615	0.342001	1.04425	0.709591	signed_within_dataset_zscore_mean	ok
GSM578817	GSE23597	0.187576	0.190044	0.0245962	0.348086	signed_within_dataset_zscore_mean	ok
GSM578818	GSE23597	0.00905919	-0.535256	0.213835	0.348599	signed_within_dataset_zscore_mean	ok
GSM578819	GSE23597	0.497851	0.331704	-0.171973	1.33382	signed_within_dataset_zscore_mean	ok
GSM578820	GSE23597	0.0267654	0.0651125	-0.468552	0.483736	signed_within_dataset_zscore_mean	ok
GSM578821	GSE23597	0.36387	0.371156	0.273841	0.446614	signed_within_dataset_zscore_mean	ok
GSM578822	GSE23597	-0.526904	-0.0139922	-0.617612	-0.949109	signed_within_dataset_zscore_mean	ok
GSM578823	GSE23597	-0.527715	-0.0283712	-0.794057	-0.760715	signed_within_dataset_zscore_mean	ok
GSM578824	GSE23597	0.213947	0.481804	-0.145094	0.30513	signed_within_dataset_zscore_mean	ok
GSM578825	GSE23597	-0.194357	0.453924	-0.644506	-0.392489	signed_within_dataset_zscore_mean	ok
GSM364627	GSE16879	-0.721135	-0.395062	-0.673727	-1.09462	signed_within_dataset_zscore_mean	ok
GSM364628	GSE16879	-0.685791	-0.0646757	-0.679162	-1.31354	signed_within_dataset_zscore_mean	ok
GSM364629	GSE16879	-0.6404	0.378853	-0.541359	-1.75869	signed_within_dataset_zscore_mean	ok
GSM364630	GSE16879	-0.808994	-0.219745	-0.684983	-1.52226	signed_within_dataset_zscore_mean	ok
GSM364631	GSE16879	-0.87879	-0.336727	-0.684742	-1.6149	signed_within_dataset_zscore_mean	ok
GSM364632	GSE16879	-0.582082	0.274312	-0.677343	-1.34322	signed_within_dataset_zscore_mean	ok
GSM364633	GSE16879	-0.35812	-0.248589	-0.333627	-0.492145	signed_within_dataset_zscore_mean	ok
GSM364634	GSE16879	0.189122	-0.394451	0.493468	0.468348	signed_within_dataset_zscore_mean	ok
GSM364635	GSE16879	-0.386636	0.11042	-0.332705	-0.937623	signed_within_dataset_zscore_mean	ok
GSM364636	GSE16879	-0.540738	-0.868744	-0.520707	-0.232763	signed_within_dataset_zscore_mean	ok
GSM364637	GSE16879	-0.376525	-0.497002	-0.183046	-0.449526	signed_within_dataset_zscore_mean	ok
GSM364638	GSE16879	-0.0246012	-0.149097	-0.133791	0.209085	signed_within_dataset_zscore_mean	ok
GSM364639	GSE16879	-0.224954	-0.617987	-0.221549	0.164675	signed_within_dataset_zscore_mean	ok
GSM364640	GSE16879	-0.0991562	-0.378362	-0.36767	0.448564	signed_within_dataset_zscore_mean	ok
GSM364641	GSE16879	0.437109	0.0835941	0.998563	0.22917	signed_within_dataset_zscore_mean	ok
GSM364642	GSE16879	-0.0989712	-0.418024	-0.0354435	0.156554	signed_within_dataset_zscore_mean	ok
GSM364643	GSE16879	0.718498	0.274713	1.43094	0.449839	signed_within_dataset_zscore_mean	ok
GSM364644	GSE16879	0.392311	0.350412	1.03647	-0.209946	signed_within_dataset_zscore_mean	ok
GSM364645	GSE16879	0.0832588	0.293533	0.217156	-0.260913	signed_within_dataset_zscore_mean	ok
GSM364646	GSE16879	0.882244	0.314421	1.56111	0.771205	signed_within_dataset_zscore_mean	ok
GSM364647	GSE16879	-0.0178595	0.367879	0.157589	-0.579047	signed_within_dataset_zscore_mean	ok
GSM364648	GSE16879	-0.134114	-0.0863615	-0.459969	0.143989	signed_within_dataset_zscore_mean	ok
GSM364649	GSE16879	0.671916	0.278753	0.940678	0.796319	signed_within_dataset_zscore_mean	ok
GSM364650	GSE16879	0.642239	0.333177	0.857112	0.736429	signed_within_dataset_zscore_mean	ok
GSM364651	GSE16879	0.843067	0.0719545	1.77561	0.68164	signed_within_dataset_zscore_mean	ok
GSM364652	GSE16879	0.14298	-0.341183	0.959714	-0.189592	signed_within_dataset_zscore_mean	ok
GSM364653	GSE16879	0.786714	0.41984	1.79475	0.145546	signed_within_dataset_zscore_mean	ok
GSM364654	GSE16879	0.106878	0.2605	-0.0270411	0.0871747	signed_within_dataset_zscore_mean	ok
GSM364655	GSE16879	-0.22822	-0.0777296	-0.183592	-0.423337	signed_within_dataset_zscore_mean	ok
GSM364656	GSE16879	0.457944	0.164044	1.18247	0.0273193	signed_within_dataset_zscore_mean	ok
GSM422963	GSE16879	-0.369541	0.250134	-0.638719	-0.720039	signed_within_dataset_zscore_mean	ok
GSM422965	GSE16879	-0.178517	0.249661	-0.59455	-0.190661	signed_within_dataset_zscore_mean	ok
GSM422967	GSE16879	-0.160885	0.0676408	-0.589749	0.0394525	signed_within_dataset_zscore_mean	ok
GSM422969	GSE16879	-0.60643	-0.0240084	-0.675979	-1.1193	signed_within_dataset_zscore_mean	ok
GSM422971	GSE16879	-0.558557	0.0354012	-0.622127	-1.08895	signed_within_dataset_zscore_mean	ok
GSM422973	GSE16879	-0.398723	-0.429786	-0.675083	-0.0913009	signed_within_dataset_zscore_mean	ok
GSM422975	GSE16879	-0.237715	-0.0114485	-0.638553	-0.0631431	signed_within_dataset_zscore_mean	ok
GSM422977	GSE16879	-0.17741	-0.0611866	-0.653383	0.18234	signed_within_dataset_zscore_mean	ok
GSM422979	GSE16879	-0.325862	-0.186085	-0.607662	-0.183839	signed_within_dataset_zscore_mean	ok
GSM422981	GSE16879	0.14524	-0.295384	0.327444	0.403659	signed_within_dataset_zscore_mean	ok
GSM422983	GSE16879	0.181164	0.400709	-0.156954	0.299738	signed_within_dataset_zscore_mean	ok
GSM422985	GSE16879	0.369841	0.224982	0.709912	0.174629	signed_within_dataset_zscore_mean	ok
GSM422987	GSE16879	-0.380115	-0.633725	-0.485562	-0.0210582	signed_within_dataset_zscore_mean	ok
GSM422989	GSE16879	0.0131076	0.206129	-0.211836	0.0450293	signed_within_dataset_zscore_mean	ok
GSM422991	GSE16879	-0.264247	0.427064	0.0776865	-1.29749	signed_within_dataset_zscore_mean	ok
GSM422993	GSE16879	0.985638	0.845274	1.34166	0.769981	signed_within_dataset_zscore_mean	ok
GSM422995	GSE16879	0.534439	0.423148	0.790039	0.390131	signed_within_dataset_zscore_mean	ok
GSM422997	GSE16879	0.105678	-0.842252	0.968146	0.191138	signed_within_dataset_zscore_mean	ok
GSM422999	GSE16879	-0.463149	-0.247187	-0.649098	-0.493162	signed_within_dataset_zscore_mean	ok
GSM423001	GSE16879	-0.555168	-0.211355	-0.629618	-0.824531	signed_within_dataset_zscore_mean	ok
GSM423003	GSE16879	-0.551749	-0.027521	-0.670676	-0.95705	signed_within_dataset_zscore_mean	ok
GSM423005	GSE16879	0.548915	0.0015318	1.07859	0.56662	signed_within_dataset_zscore_mean	ok
GSM423007	GSE16879	-0.475799	-0.283831	-0.47526	-0.668307	signed_within_dataset_zscore_mean	ok
GSM423009	GSE16879	-0.0495209	-0.0580797	0.111467	-0.20195	signed_within_dataset_zscore_mean	ok
GSM423010	GSE16879	0.011065	-0.12637	-0.410715	0.57028	signed_within_dataset_zscore_mean	ok
GSM423011	GSE16879	-0.613189	-0.779609	-0.679807	-0.380151	signed_within_dataset_zscore_mean	ok
GSM423012	GSE16879	-0.0084843	-0.4581	-0.211739	0.644387	signed_within_dataset_zscore_mean	ok
GSM423013	GSE16879	-0.00904005	-0.0737721	0.144919	-0.0982667	signed_within_dataset_zscore_mean	ok
GSM423014	GSE16879	0.173898	1.13572	-0.642037	0.0280084	signed_within_dataset_zscore_mean	ok
GSM423015	GSE16879	-0.513136	0.00977453	-0.367526	-1.18165	signed_within_dataset_zscore_mean	ok
GSM423016	GSE16879	-0.389258	-0.246418	-0.614607	-0.306749	signed_within_dataset_zscore_mean	ok
GSM423017	GSE16879	0.103715	-0.275647	-0.117737	0.704528	signed_within_dataset_zscore_mean	ok
GSM423018	GSE16879	-0.332407	-0.23887	-0.662121	-0.0962286	signed_within_dataset_zscore_mean	ok
GSM423019	GSE16879	-0.404074	-0.0685415	-0.296647	-0.847033	signed_within_dataset_zscore_mean	ok
GSM423020	GSE16879	-0.947019	-0.585633	-0.681115	-1.57431	signed_within_dataset_zscore_mean	ok
GSM423021	GSE16879	-0.288778	-0.0872797	0.065006	-0.844059	signed_within_dataset_zscore_mean	ok
GSM423022	GSE16879	-0.183153	0.567212	-0.673303	-0.44337	signed_within_dataset_zscore_mean	ok
GSM423023	GSE16879	-0.79667	-1.07247	-0.354406	-0.963131	signed_within_dataset_zscore_mean	ok
GSM423024	GSE16879	-0.229457	0.38346	-0.64031	-0.431521	signed_within_dataset_zscore_mean	ok
GSM423025	GSE16879	-0.346211	0.120823	-0.419597	-0.739857	signed_within_dataset_zscore_mean	ok
GSM423026	GSE16879	-0.384976	-0.0313752	-0.670426	-0.453127	signed_within_dataset_zscore_mean	ok
GSM423027	GSE16879	-0.081964	0.119659	-0.141942	-0.223609	signed_within_dataset_zscore_mean	ok
GSM423028	GSE16879	-0.810148	-0.687033	-0.635215	-1.10819	signed_within_dataset_zscore_mean	ok
GSM423029	GSE16879	-0.151875	-0.295011	-0.370727	0.210114	signed_within_dataset_zscore_mean	ok
GSM423030	GSE16879	-0.418583	-0.183807	-0.201718	-0.870224	signed_within_dataset_zscore_mean	ok
GSM423031	GSE16879	0.124846	0.361846	0.534171	-0.52148	signed_within_dataset_zscore_mean	ok
GSM423032	GSE16879	-0.30571	0.672204	-0.646241	-0.943092	signed_within_dataset_zscore_mean	ok
GSM423033	GSE16879	0.604764	0.815827	0.885066	0.113398	signed_within_dataset_zscore_mean	ok
GSM423034	GSE16879	0.159368	0.378105	0.0856471	0.0143527	signed_within_dataset_zscore_mean	ok
GSM423035	GSE16879	0.492316	0.641008	0.723872	0.112067	signed_within_dataset_zscore_mean	ok
GSM423036	GSE16879	0.771727	1.14422	1.11429	0.0566744	signed_within_dataset_zscore_mean	ok
GSM423037	GSE16879	0.578634	0.824546	1.14471	-0.233351	signed_within_dataset_zscore_mean	ok
GSM423038	GSE16879	0.164331	0.576758	0.0525015	-0.136267	signed_within_dataset_zscore_mean	ok
GSM423039	GSE16879	-0.00513268	0.0677845	0.385505	-0.468687	signed_within_dataset_zscore_mean	ok
GSM423040	GSE16879	0.032311	-0.232418	0.227265	0.102085	signed_within_dataset_zscore_mean	ok
GSM423041	GSE16879	0.284404	-0.263492	1.26006	-0.143355	signed_within_dataset_zscore_mean	ok
GSM423042	GSE16879	1.98986	-0.320276	5.42282	0.867046	signed_within_dataset_zscore_mean	ok
GSM423043	GSE16879	0.7296	0.471328	1.42094	0.296529	signed_within_dataset_zscore_mean	ok
GSM423044	GSE16879	0.313501	-0.00041735	-0.00927254	0.950192	signed_within_dataset_zscore_mean	ok
GSM423045	GSE16879	0.701236	0.0923118	2.15947	-0.148072	signed_within_dataset_zscore_mean	ok
GSM423046	GSE16879	0.00391265	-0.300534	0.159366	0.152906	signed_within_dataset_zscore_mean	ok
GSM423047	GSE16879	-0.381578	-0.138092	-0.611977	-0.394666	signed_within_dataset_zscore_mean	ok
GSM423048	GSE16879	-0.0954755	0.981437	-0.662426	-0.605438	signed_within_dataset_zscore_mean	ok
GSM423049	GSE16879	-0.499754	0.361409	-0.661118	-1.19955	signed_within_dataset_zscore_mean	ok
GSM423050	GSE16879	-0.245211	-0.193885	-0.661195	0.119448	signed_within_dataset_zscore_mean	ok
GSM423051	GSE16879	-0.0216139	0.413276	-0.656406	0.178288	signed_within_dataset_zscore_mean	ok
GSM423052	GSE16879	0.0208337	0.122138	-0.620764	0.561128	signed_within_dataset_zscore_mean	ok
GSM423053	GSE16879	-0.680345	-0.993736	-0.536193	-0.511105	signed_within_dataset_zscore_mean	ok
GSM423054	GSE16879	-0.454788	-0.333697	-0.654569	-0.376099	signed_within_dataset_zscore_mean	ok
GSM423055	GSE16879	0.239471	0.678848	-0.292122	0.331686	signed_within_dataset_zscore_mean	ok
GSM423056	GSE16879	0.0793483	0.0774214	-0.206105	0.366729	signed_within_dataset_zscore_mean	ok
GSM423057	GSE16879	0.799503	0.249293	0.384616	1.7646	signed_within_dataset_zscore_mean	ok
GSM423058	GSE16879	-0.0766576	-0.226814	-0.657436	0.654277	signed_within_dataset_zscore_mean	ok
GSM423059	GSE16879	0.11116	-0.0138084	-0.36274	0.710028	signed_within_dataset_zscore_mean	ok
GSM423060	GSE16879	-0.215197	-0.271139	-0.575302	0.200851	signed_within_dataset_zscore_mean	ok
GSM423061	GSE16879	-0.417044	-0.424774	-0.641394	-0.184964	signed_within_dataset_zscore_mean	ok
GSM423062	GSE16879	-0.173739	0.0377881	-0.641365	0.082361	signed_within_dataset_zscore_mean	ok
GSM423063	GSE16879	-0.194023	-0.0963219	-0.632936	0.147188	signed_within_dataset_zscore_mean	ok
GSM423064	GSE16879	0.370882	0.216637	-0.157104	1.05311	signed_within_dataset_zscore_mean	ok
GSM423065	GSE16879	0.369292	0.424854	-0.322519	1.00554	signed_within_dataset_zscore_mean	ok
GSM423066	GSE16879	-0.21243	-0.272147	-0.650226	0.285084	signed_within_dataset_zscore_mean	ok
GSM423067	GSE16879	0.348909	0.293846	-0.00460337	0.757484	signed_within_dataset_zscore_mean	ok
GSM423068	GSE16879	-0.120367	-0.88022	-0.576198	1.09532	signed_within_dataset_zscore_mean	ok
GSM423069	GSE16879	-0.0379457	-0.419449	-0.435064	0.740676	signed_within_dataset_zscore_mean	ok
GSM423070	GSE16879	0.124291	0.120694	-0.549129	0.801308	signed_within_dataset_zscore_mean	ok
GSM423071	GSE16879	0.410192	0.178608	0.0172521	1.03471	signed_within_dataset_zscore_mean	ok
GSM423072	GSE16879	-0.144354	-0.0630424	-0.455713	0.0856938	signed_within_dataset_zscore_mean	ok
GSM423073	GSE16879	0.0360233	0.0633504	-0.218877	0.263596	signed_within_dataset_zscore_mean	ok
GSM423074	GSE16879	-0.361565	-0.183029	-0.541755	-0.35991	signed_within_dataset_zscore_mean	ok
GSM423075	GSE16879	-0.140751	-0.59166	-0.316798	0.486204	signed_within_dataset_zscore_mean	ok
GSM423076	GSE16879	0.0446077	0.19773	-0.565409	0.501503	signed_within_dataset_zscore_mean	ok
GSM423077	GSE16879	0.0778486	0.0301832	-0.405805	0.609168	signed_within_dataset_zscore_mean	ok
GSM423078	GSE16879	-0.232872	-1.46467	-0.556224	1.32227	signed_within_dataset_zscore_mean	ok
GSM423079	GSE16879	0.6896	-0.0873683	0.222528	1.93364	signed_within_dataset_zscore_mean	ok
GSM423080	GSE16879	0.648995	-0.235471	-0.33738	2.51983	signed_within_dataset_zscore_mean	ok
GSM423081	GSE16879	-0.126193	0.271066	-0.296394	-0.353251	signed_within_dataset_zscore_mean	ok
GSM423082	GSE16879	0.229964	0.229214	-0.20312	0.663799	signed_within_dataset_zscore_mean	ok
GSM423083	GSE16879	0.862036	-0.0324303	1.4689	1.14964	signed_within_dataset_zscore_mean	ok
GSM423084	GSE16879	0.517127	0.408085	0.256603	0.886692	signed_within_dataset_zscore_mean	ok
GSM423085	GSE16879	0.735547	0.350504	1.18282	0.673319	signed_within_dataset_zscore_mean	ok
GSM423086	GSE16879	0.655158	0.623482	0.63428	0.707712	signed_within_dataset_zscore_mean	ok
GSM423087	GSE16879	0.589018	0.0963789	1.53782	0.132856	signed_within_dataset_zscore_mean	ok
GSM423088	GSE16879	0.174046	-0.262492	0.527858	0.256772	signed_within_dataset_zscore_mean	ok
MSCCR_reGRID_1000_Biopsy_1732	GSE193677	0.9462988606133896	0.4424823114530577	1.4769993885382113	0.9194148818488997	signed_within_dataset_zscore_mean	ok
MSCCR_reGRID_1000_Biopsy_1733	GSE193677	0.5527441733500148	-0.1437407405951624	1.2655619571875598	0.5364113034576469	signed_within_dataset_zscore_mean	ok
MSCCR_reGRID_1001_Biopsy_1734	GSE193677	-0.3018299886549544	-0.49816764034724786	-0.44351613263225725	0.03619380701464192	signed_within_dataset_zscore_mean	ok
MSCCR_reGRID_1001_Biopsy_1735	GSE193677	-0.21475711185801968	0.5095186885623224	-0.3594415909296852	-0.7943484332066962	signed_within_dataset_zscore_mean	ok
MSCCR_reGRID_1002_Biopsy_1736	GSE193677	0.5281122455251547	-0.009474247885134918	0.8822860417564355	0.7115249427041634	signed_within_dataset_zscore_mean	ok
MSCCR_reGRID_1002_Biopsy_1737	GSE193677	-0.6517063464428469	-0.4718398913446943	-0.2305480219661186	-1.2527311260177278	signed_within_dataset_zscore_mean	ok
MSCCR_reGRID_1004_Biopsy_1738	GSE193677	-0.17967814620465059	0.9883762481160439	-0.6475478525221039	-0.8798628342078917	signed_within_dataset_zscore_mean	ok
MSCCR_reGRID_1004_Biopsy_1739	GSE193677	-0.06794418087128495	-0.09003572587846054	-0.4466723474402192	0.3328755307048249	signed_within_dataset_zscore_mean	ok
MSCCR_reGRID_1008_Biopsy_1740	GSE193677	0.18461985617424662	0.03469601811190178	-0.3595224077245347	0.8786859581353729	signed_within_dataset_zscore_mean	ok
MSCCR_reGRID_1008_Biopsy_1741	GSE193677	-0.2784320461278233	0.15234631620346023	-0.7419345942255846	-0.24570786036134554	signed_within_dataset_zscore_mean	ok
MSCCR_reGRID_100_Biopsy_201	GSE193677	0.06470771874461335	-0.16740093151990634	0.5536334892538488	-0.19210940150010244	signed_within_dataset_zscore_mean	ok
MSCCR_reGRID_100_Biopsy_202	GSE193677	0.38777905477602476	-0.14277823742407011	1.3996987801701244	-0.09358337841798008	signed_within_dataset_zscore_mean	ok
MSCCR_reGRID_1010_Biopsy_1742	GSE193677	-0.7831172900762985	-0.7411572398556533	-0.895349840101507	-0.7128447902717353	signed_within_dataset_zscore_mean	ok
MSCCR_reGRID_1012_Biopsy_1743	GSE193677	0.5576199135804245	1.4036592860020263	0.7908973160573043	-0.5216968613180573	signed_within_dataset_zscore_mean	ok
MSCCR_reGRID_1012_Biopsy_1744	GSE193677	-0.2828695726553511	-0.8278508178240574	0.24387944417470306	-0.2646373443166989	signed_within_dataset_zscore_mean	ok
MSCCR_reGRID_1013_Biopsy_1745	GSE193677	-0.2648530467067131	-1.0612281348512147	0.19912954275908956	0.0675394519719857	signed_within_dataset_zscore_mean	ok
MSCCR_reGRID_1013_Biopsy_1746	GSE193677	0.2957618374345025	0.23478924125693773	0.04311519666029182	0.6093810743862779	signed_within_dataset_zscore_mean	ok
MSCCR_reGRID_1015_Biopsy_1747	GSE193677	-0.22435330462623895	-0.3470936370399996	-0.39521022467123695	0.0692439478325196	signed_within_dataset_zscore_mean	ok
MSCCR_reGRID_1015_Biopsy_1748	GSE193677	0.07221800384544776	0.5832975459053931	-0.3514067301908256	-0.015236804178224206	signed_within_dataset_zscore_mean	ok
MSCCR_reGRID_1016_Biopsy_1749	GSE193677	0.35036675284471586	0.44827246003716736	0.41312226576418104	0.18970553273279925	signed_within_dataset_zscore_mean	ok
MSCCR_reGRID_1017_Biopsy_1750	GSE193677	0.8841170603510445	1.403369724660989	-0.37976204294577803	1.6287434993379224	signed_within_dataset_zscore_mean	ok
MSCCR_reGRID_1017_Biopsy_1751	GSE193677	-0.06836430812494888	0.10420534286382507	-0.49506389593635414	0.1857656286976824	signed_within_dataset_zscore_mean	ok
MSCCR_reGRID_1018_Biopsy_1752	GSE193677	0.345822426377232	0.5910587481568401	0.8254871830850595	-0.3790786521102038	signed_within_dataset_zscore_mean	ok
MSCCR_reGRID_1018_Biopsy_1753	GSE193677	-0.39798262204569496	0.09803650828017976	-0.7768068209987959	-0.5151775534184685	signed_within_dataset_zscore_mean	ok
MSCCR_reGRID_1018_Biopsy_1754	GSE193677	0.004027781155953314	0.16817775815725203	0.18255222924660613	-0.33864664393599825	signed_within_dataset_zscore_mean	ok
MSCCR_reGRID_1019_Biopsy_1755	GSE193677	-0.5677859775665772	-0.19889224681324574	-0.6476772256798204	-0.8567884602066654	signed_within_dataset_zscore_mean	ok
MSCCR_reGRID_1019_Biopsy_1756	GSE193677	-0.04917331056863545	-0.3716659415920217	0.0495838741957104	0.17456213569040493	signed_within_dataset_zscore_mean	ok
MSCCR_reGRID_101_Biopsy_203	GSE193677	0.5485392922486837	-0.0030234532231480536	0.3495068176382592	1.29913451233094	signed_within_dataset_zscore_mean	ok
MSCCR_reGRID_101_Biopsy_204	GSE193677	-0.46807015332248386	-0.5158881937232455	-0.3738989887626059	-0.5144232774816003	signed_within_dataset_zscore_mean	ok
MSCCR_reGRID_1020_Biopsy_1757	GSE193677	-1.004365217720616	-1.0007163572701196	-0.998592237645896	-1.0137870582458326	signed_within_dataset_zscore_mean	ok
MSCCR_reGRID_1020_Biopsy_1758	GSE193677	-1.2994669366292444	-1.7393738263785132	-0.894637819313315	-1.264389164195905	signed_within_dataset_zscore_mean	ok
MSCCR_reGRID_1020_Biopsy_1759	GSE193677	0.8674525674761334	1.0327088801243065	-0.12234739550590863	1.6919962178100023	signed_within_dataset_zscore_mean	ok
MSCCR_reGRID_1021_Biopsy_1760	GSE193677	1.0407138266002967	0.850810935294987	0.5514707859001821	1.719859758605721	signed_within_dataset_zscore_mean	ok
MSCCR_reGRID_1022_Biopsy_1761	GSE193677	-0.14273550160206885	0.2750807121190363	-0.06949510141369568	-0.6337921155115471	signed_within_dataset_zscore_mean	ok
MSCCR_reGRID_1022_Biopsy_1762	GSE193677	0.5400375737113888	0.7027444303633728	1.0966647817011284	-0.1792964909303348	signed_within_dataset_zscore_mean	ok
MSCCR_reGRID_1024_Biopsy_1763	GSE193677	-0.26677218147189086	0.051372264407909374	-0.47699129649350114	-0.37469751233008086	signed_within_dataset_zscore_mean	ok
MSCCR_reGRID_1026_Biopsy_1764	GSE193677	-0.18170780467566439	-0.7414953492199259	0.04756858940492581	0.1488033457880069	signed_within_dataset_zscore_mean	ok
MSCCR_reGRID_1026_Biopsy_1765	GSE193677	-0.5266315180214248	-0.5002842565439188	-0.2860363057924943	-0.7935739917278615	signed_within_dataset_zscore_mean	ok
MSCCR_reGRID_1028_Biopsy_1766	GSE193677	-0.45284314418706545	0.18426320857022113	-0.9154566533606493	-0.6273359877707682	signed_within_dataset_zscore_mean	ok
MSCCR_reGRID_1028_Biopsy_1767	GSE193677	-1.2513090614396274	-0.88931379101532	-2.1046308570796	-0.759982536223962	signed_within_dataset_zscore_mean	ok
MSCCR_reGRID_1029_Biopsy_1768	GSE193677	-1.3137256977429852	-1.8122771943965081	-0.7800629588239594	-1.3488369400084885	signed_within_dataset_zscore_mean	ok
MSCCR_reGRID_102_Biopsy_205	GSE193677	0.1537093897976939	0.00117074910512176	-0.19650987053248148	0.6564672908204414	signed_within_dataset_zscore_mean	ok
MSCCR_reGRID_102_Biopsy_206	GSE193677	-0.4780040531525862	-0.8473505605562514	-0.37715145133843697	-0.20951014756307032	signed_within_dataset_zscore_mean	ok
MSCCR_reGRID_102_Biopsy_207	GSE193677	0.11147966227130135	0.3846181780809386	0.0950880678293186	-0.1452672590963532	signed_within_dataset_zscore_mean	ok
MSCCR_reGRID_1030_Biopsy_1769	GSE193677	0.20378309067390707	0.5422479525210755	0.08730484718902917	-0.018203527688383552	signed_within_dataset_zscore_mean	ok
MSCCR_reGRID_1031_Biopsy_1770	GSE193677	0.41937152179083786	0.36776474366177386	0.400490357751316	0.4898594639594238	signed_within_dataset_zscore_mean	ok
MSCCR_reGRID_1031_Biopsy_1771	GSE193677	0.37873271999472596	0.7753365064653214	0.15824466935830256	0.202616984160554	signed_within_dataset_zscore_mean	ok
MSCCR_reGRID_1032_Biopsy_1772	GSE193677	-1.4934271477255059	-1.3501994197336749	-1.515750585040144	-1.614331438402698	signed_within_dataset_zscore_mean	ok
MSCCR_reGRID_1032_Biopsy_1773	GSE193677	-0.2559217412078441	0.25474485046296025	-0.8246479415223472	-0.1978621325641454	signed_within_dataset_zscore_mean	ok
MSCCR_reGRID_1033_Biopsy_1774	GSE193677	-0.8501215212002965	-0.36800159755314843	-0.5007239962317901	-1.6816389698159508	signed_within_dataset_zscore_mean	ok
MSCCR_reGRID_1033_Biopsy_1775	GSE193677	-0.09304765686991723	0.032193861543599156	-0.7791923222982094	0.4678554901448586	signed_within_dataset_zscore_mean	ok
MSCCR_reGRID_1034_Biopsy_1776	GSE193677	-0.0831691787680709	0.16646730106071353	-0.08401800723472261	-0.3319568301302036	signed_within_dataset_zscore_mean	ok
MSCCR_reGRID_1034_Biopsy_1777	GSE193677	0.8339692273804121	0.4885351792238737	1.0806719797729716	0.9327005231443913	signed_within_dataset_zscore_mean	ok
MSCCR_reGRID_1034_Biopsy_1778	GSE193677	0.3855821154932563	1.0587010468697091	-0.20073871912907562	0.2987840187391355	signed_within_dataset_zscore_mean	ok
MSCCR_reGRID_1036_Biopsy_1779	GSE193677	0.602812573744335	0.3131442757050485	-0.17455585892327094	1.6698493044512273	signed_within_dataset_zscore_mean	ok
MSCCR_reGRID_1036_Biopsy_1780	GSE193677	-0.5698122005502113	-0.4398247933807669	-0.3793273708003446	-0.8902844374695226	signed_within_dataset_zscore_mean	ok
MSCCR_reGRID_1037_Biopsy_1781	GSE193677	-1.1078372173323956	-0.9601989680322737	-1.1364788176699416	-1.2268338662949716	signed_within_dataset_zscore_mean	ok
MSCCR_reGRID_103_Biopsy_208	GSE193677	0.559655580189875	0.05702280896586478	1.1061021102758009	0.5158418213279594	signed_within_dataset_zscore_mean	ok
MSCCR_reGRID_103_Biopsy_209	GSE193677	0.15097854029830718	0.17936778913784054	0.26206677452258653	0.01150105723449448	signed_within_dataset_zscore_mean	ok
MSCCR_reGRID_103_Biopsy_210	GSE193677	0.19684696048746173	0.6302998320666747	0.298141560462074	-0.3379005110663635	signed_within_dataset_zscore_mean	ok
MSCCR_reGRID_1040_Biopsy_1782	GSE193677	0.09088389950876967	0.3224811561622408	-0.7963563872987677	0.7465269296628358	signed_within_dataset_zscore_mean	ok
MSCCR_reGRID_1040_Biopsy_1783	GSE193677	0.9555227657954853	0.39157800204651616	1.814062533187937	0.6609277621520028	signed_within_dataset_zscore_mean	ok
MSCCR_reGRID_1040_Biopsy_1784	GSE193677	0.02726670826394778	0.02500485600339728	0.5444898438827913	-0.4876945750943453	signed_within_dataset_zscore_mean	ok
MSCCR_reGRID_1042_Biopsy_1785	GSE193677	-0.005110006437712237	0.6020139875690443	-0.9306560629220796	0.31331205603989853	signed_within_dataset_zscore_mean	ok
MSCCR_reGRID_1042_Biopsy_1786	GSE193677	-1.6872227143917031	-1.7994101706341783	-1.837573307413003	-1.4246846651279277	signed_within_dataset_zscore_mean	ok
MSCCR_reGRID_1044_Biopsy_1787	GSE193677	-0.22972102833968452	-0.46983628448052617	0.24152545404485232	-0.46085225458337975	signed_within_dataset_zscore_mean	ok
MSCCR_reGRID_1046_Biopsy_1788	GSE193677	0.10526009483952899	0.3083082046039961	0.16323321316448178	-0.15576113324989097	signed_within_dataset_zscore_mean	ok
MSCCR_reGRID_1046_Biopsy_1789	GSE193677	-0.037130519708513575	0.48333264066131276	-0.34289624440166744	-0.25182795538518604	signed_within_dataset_zscore_mean	ok
MSCCR_reGRID_1047_Biopsy_1790	GSE193677	0.5593671627076988	0.252382650407749	0.8603009242841448	0.5654179134312028	signed_within_dataset_zscore_mean	ok
MSCCR_reGRID_1047_Biopsy_1791	GSE193677	-0.13605937794168857	-0.16075284161128794	0.03716647542689082	-0.28459176764066857	signed_within_dataset_zscore_mean	ok
MSCCR_reGRID_1047_Biopsy_1792	GSE193677	0.3289272527099967	0.9804699134240883	-0.46471872859716407	0.47103057330306575	signed_within_dataset_zscore_mean	ok
MSCCR_reGRID_1048_Biopsy_1793	GSE193677	-0.09728137718743972	-0.39872083035582956	0.03798727879416974	0.06888941999934069	signed_within_dataset_zscore_mean	ok
MSCCR_reGRID_1048_Biopsy_1794	GSE193677	0.806265317387727	0.7389429792209443	1.475171984273129	0.20468098866910775	signed_within_dataset_zscore_mean	ok
MSCCR_reGRID_1049_Biopsy_1795	GSE193677	0.12700131308002105	0.20250225820610704	-0.06815410521626127	0.24665578625021736	signed_within_dataset_zscore_mean	ok
MSCCR_reGRID_1051_Biopsy_1796	GSE193677	-0.21549429339311751	-0.19837932751275056	0.1921255155735742	-0.6402290682401762	signed_within_dataset_zscore_mean	ok
MSCCR_reGRID_1053_Biopsy_1797	GSE193677	0.2623944349571245	0.49092218502566826	0.06236699818510161	0.23389412166060372	signed_within_dataset_zscore_mean	ok
MSCCR_reGRID_1053_Biopsy_1798	GSE193677	0.037816527158679315	-0.15128511107353365	-0.007643582883006106	0.2723782754325777	signed_within_dataset_zscore_mean	ok
MSCCR_reGRID_1053_Biopsy_1799	GSE193677	-0.09392634444368132	-0.6206921848995158	0.3161769212942089	0.022736230274262952	signed_within_dataset_zscore_mean	ok
MSCCR_reGRID_105_Biopsy_211	GSE193677	-0.35454116549171816	-0.19761945885994087	-0.8554216558471589	-0.010582381768054927	signed_within_dataset_zscore_mean	ok
MSCCR_reGRID_1061_Biopsy_1800	GSE193677	-0.15935394891520216	0.010820052856408168	0.5655435197099653	-1.05442541931198	signed_within_dataset_zscore_mean	ok
MSCCR_reGRID_1062_Biopsy_1801	GSE193677	-0.3288943681292482	0.043193192740789546	-0.43906577902169097	-0.5908105181068432	signed_within_dataset_zscore_mean	ok
MSCCR_reGRID_1063_Biopsy_1802	GSE193677	-1.0616793041578696	-1.0204747424142817	-1.1642814811492754	-1.000281688910052	signed_within_dataset_zscore_mean	ok
MSCCR_reGRID_1063_Biopsy_1803	GSE193677	-0.9332811322102746	-0.5139457815661974	-1.3000823291323418	-0.9858152859322846	signed_within_dataset_zscore_mean	ok
MSCCR_reGRID_1064_Biopsy_1804	GSE193677	0.04840837184763308	-0.043968630865429834	0.19251983434728315	-0.0033260879389540587	signed_within_dataset_zscore_mean	ok
MSCCR_reGRID_1065_Biopsy_1805	GSE193677	0.20478687950156602	0.45545893759368206	0.24889666967683385	-0.08999496876581793	signed_within_dataset_zscore_mean	ok
MSCCR_reGRID_1066_Biopsy_1806	GSE193677	0.25706484773094357	0.09591186199894293	0.029165045000404354	0.6461176361934834	signed_within_dataset_zscore_mean	ok
MSCCR_reGRID_1066_Biopsy_1807	GSE193677	0.42896013603416394	0.21023623756764792	0.39231383901940864	0.6843303315154351	signed_within_dataset_zscore_mean	ok
MSCCR_reGRID_1067_Biopsy_1808	GSE193677	0.048022133681498325	0.37997939361317606	0.39024096656817725	-0.6261539591368583	signed_within_dataset_zscore_mean	ok
MSCCR_reGRID_1067_Biopsy_1809	GSE193677	-0.9756190654388458	-0.6937337702778628	-0.9697495656181448	-1.2633738604205293	signed_within_dataset_zscore_mean	ok
MSCCR_reGRID_1068_Biopsy_1810	GSE193677	0.23159856335822057	0.15820470612459775	-0.0561019008703378	0.5926928848204017	signed_within_dataset_zscore_mean	ok
MSCCR_reGRID_1069_Biopsy_1811	GSE193677	0.18355144949931043	0.23312465563465237	-0.20005486032908942	0.5175845531923683	signed_within_dataset_zscore_mean	ok
MSCCR_reGRID_1069_Biopsy_1812	GSE193677	-0.8673577846244064	-0.4188275064586568	-0.9253019100710723	-1.25794393734349	signed_within_dataset_zscore_mean	ok
MSCCR_reGRID_106_Biopsy_212	GSE193677	0.6348276866011114	0.7354785016646426	0.6106487604952907	0.5583557976434009	signed_within_dataset_zscore_mean	ok
MSCCR_reGRID_106_Biopsy_213	GSE193677	-0.08245736555108503	-0.3365472272885905	0.16497402433336084	-0.07579889369802546	signed_within_dataset_zscore_mean	ok
MSCCR_reGRID_1070_Biopsy_1813	GSE193677	-0.3516984215902548	-0.09255036408720092	-0.7838837049616454	-0.17866119572191805	signed_within_dataset_zscore_mean	ok
MSCCR_reGRID_1072_Biopsy_1814	GSE193677	-0.49873532967111295	-0.5959758320516944	-0.5102716288963829	-0.3899585280652615	signed_within_dataset_zscore_mean	ok
MSCCR_reGRID_1072_Biopsy_1815	GSE193677	-0.12108979714315482	0.35900930065073516	-0.7620545400284162	0.03977584794821657	signed_within_dataset_zscore_mean	ok
MSCCR_reGRID_1073_Biopsy_1816	GSE193677	0.595512616386624	0.42425892641153184	0.18540351141180228	1.1768754113365378	signed_within_dataset_zscore_mean	ok
MSCCR_reGRID_1073_Biopsy_1817	GSE193677	1.3790655023691534	1.2869454793929183	2.398634533658466	0.45161649405607673	signed_within_dataset_zscore_mean	ok
MSCCR_reGRID_1074_Biopsy_1818	GSE193677	0.06253276122335416	-0.04221205544357036	1.230946629952644	-1.0011362908390111	signed_within_dataset_zscore_mean	ok
MSCCR_reGRID_1074_Biopsy_1819	GSE193677	-0.18518804646896067	0.527396317808859	-0.47111911094239095	-0.61184134627335	signed_within_dataset_zscore_mean	ok
MSCCR_reGRID_1075_Biopsy_1820	GSE193677	0.350812103876891	0.8589124764397724	0.3584943127997936	-0.16497047760889327	signed_within_dataset_zscore_mean	ok
MSCCR_reGRID_1075_Biopsy_1821	GSE193677	0.8061236300981357	1.3386683867940807	0.08457867693800689	0.9951238265623195	signed_within_dataset_zscore_mean	ok
MSCCR_reGRID_1076_Biopsy_1822	GSE193677	0.6983035770654641	0.8116292213405292	-0.04491609418850699	1.3281976040443702	signed_within_dataset_zscore_mean	ok
MSCCR_reGRID_1076_Biopsy_1823	GSE193677	-0.21599400118802756	-0.1459100211655047	0.09835792514930848	-0.6004299075478864	signed_within_dataset_zscore_mean	ok
MSCCR_reGRID_1077_Biopsy_1824	GSE193677	0.4919634185317423	0.20159924477604402	-0.04760135889487667	1.3218923697140597	signed_within_dataset_zscore_mean	ok
MSCCR_reGRID_1077_Biopsy_1825	GSE193677	0.4045737760139045	0.14255110205507043	0.31048241122710385	0.7606878147595392	signed_within_dataset_zscore_mean	ok
MSCCR_reGRID_1077_Biopsy_1826	GSE193677	-0.02549195016543439	0.021671435440390387	0.22879156619138566	-0.3269388521280792	signed_within_dataset_zscore_mean	ok
MSCCR_reGRID_1078_Biopsy_1827	GSE193677	0.1779466278060807	0.013801614649338202	0.02212327343908278	0.49791499532982114	signed_within_dataset_zscore_mean	ok
MSCCR_reGRID_1078_Biopsy_1828	GSE193677	-0.6165963834899922	-0.3200059150439563	-0.9339783470796673	-0.5958048883463531	signed_within_dataset_zscore_mean	ok
MSCCR_reGRID_1079_Biopsy_1829	GSE193677	1.2925085408875692	2.257849560270315	1.5791485137055283	0.04052754868686418	signed_within_dataset_zscore_mean	ok
MSCCR_reGRID_1079_Biopsy_1830	GSE193677	3.2992715562900234	3.207898443722913	3.66129914126076	3.0286170838863975	signed_within_dataset_zscore_mean	ok
MSCCR_reGRID_107_Biopsy_214	GSE193677	0.9803802916068868	0.5214526773639389	2.0693206975011513	0.3503674999555703	signed_within_dataset_zscore_mean	ok
MSCCR_reGRID_107_Biopsy_215	GSE193677	0.34333034670698076	0.25410193373834145	-0.05872860126027122	0.834617707642872	signed_within_dataset_zscore_mean	ok
MSCCR_reGRID_107_Biopsy_216	GSE193677	-0.23989988933815512	0.1684622265137678	-0.5438044065824601	-0.34435748794577314	signed_within_dataset_zscore_mean	ok
MSCCR_reGRID_1080_Biopsy_1831	GSE193677	-0.36702722603591104	-0.5703268826447914	-0.10543811408812329	-0.4253166813748184	signed_within_dataset_zscore_mean	ok
MSCCR_reGRID_1080_Biopsy_1832	GSE193677	-0.5721725649596883	0.004504976994956067	-0.4863654040921396	-1.2346572677818812	signed_within_dataset_zscore_mean	ok
MSCCR_reGRID_1081_Biopsy_1833	GSE193677	0.2329001064910163	0.8858957337501725	-0.3694356373372997	0.18224022306017615	signed_within_dataset_zscore_mean	ok
MSCCR_reGRID_1081_Biopsy_1834	GSE193677	1.146764931111001	1.2549281029342607	0.013667205634891533	2.171699484763851	signed_within_dataset_zscore_mean	ok
MSCCR_reGRID_1082_Biopsy_1835	GSE193677	0.45845282259506986	1.4916990606459364	-0.20181283018677795	0.08547223732605107	signed_within_dataset_zscore_mean	ok
MSCCR_reGRID_1082_Biopsy_1836	GSE193677	-0.04938191022346882	-0.01968659382607778	-0.16354875584597112	0.03508961900164245	signed_within_dataset_zscore_mean	ok
MSCCR_reGRID_1082_Biopsy_1837	GSE193677	-1.1597716248337038	-0.9303814389980255	-1.1684325656870997	-1.3805008698159857	signed_within_dataset_zscore_mean	ok
MSCCR_reGRID_1083_Biopsy_1838	GSE193677	-0.06178210051998446	-0.13132707952014686	0.2278059374685571	-0.2818251595083636	signed_within_dataset_zscore_mean	ok
MSCCR_reGRID_1083_Biopsy_1839	GSE193677	-0.2885959309369704	0.1537694550453083	-0.37981764878794017	-0.6397395990682794	signed_within_dataset_zscore_mean	ok
MSCCR_reGRID_1084_Biopsy_1840	GSE193677	1.8380896186659441	0.943812862991766	2.3374748435183363	2.23298114948773	signed_within_dataset_zscore_mean	ok
MSCCR_reGRID_1084_Biopsy_1841	GSE193677	-0.4424423196990099	0.09890815702097391	-0.7289476555205795	-0.6972874605974239	signed_within_dataset_zscore_mean	ok
MSCCR_reGRID_1085_Biopsy_1842	GSE193677	0.9002594523762285	1.0623737982725412	0.44393216314848677	1.1944723957076577	signed_within_dataset_zscore_mean	ok
MSCCR_reGRID_1085_Biopsy_1843	GSE193677	0.2547370757917574	0.8725454158365867	-0.1970775837717164	0.08874339531040187	signed_within_dataset_zscore_mean	ok
MSCCR_reGRID_1086_Biopsy_1844	GSE193677	-0.4421106988939414	0.051669193683479	-0.867374472336663	-0.5106268180286403	signed_within_dataset_zscore_mean	ok
MSCCR_reGRID_1086_Biopsy_1845	GSE193677	-0.5149517942688031	-0.32200989964315496	-0.6963277686524816	-0.526517714510773	signed_within_dataset_zscore_mean	ok
MSCCR_reGRID_1087_Biopsy_1846	GSE193677	-0.1643713609078021	-0.11422266358504878	-0.2680220682402606	-0.11086935089809698	signed_within_dataset_zscore_mean	ok
MSCCR_reGRID_1087_Biopsy_1847	GSE193677	-0.11538986209904194	-0.3365751594838177	-0.5205935106342506	0.5109990838209425	signed_within_dataset_zscore_mean	ok
MSCCR_reGRID_1088_Biopsy_1848	GSE193677	-0.08580583486881217	0.13694490470910609	-0.43294653719950704	0.038584127883964446	signed_within_dataset_zscore_mean	ok
MSCCR_reGRID_1088_Biopsy_1849	GSE193677	1.516281741656899	1.2427446630771055	2.0108666996547133	1.2952338622388784	signed_within_dataset_zscore_mean	ok
MSCCR_reGRID_1089_Biopsy_1850	GSE193677	0.061875710307692317	0.08462683933588099	-0.10984319421323267	0.21084348580042864	signed_within_dataset_zscore_mean	ok
MSCCR_reGRID_1089_Biopsy_1851	GSE193677	-0.35062411973157587	-0.3131384751645022	-0.870333897744976	0.13160001371475052	signed_within_dataset_zscore_mean	ok
MSCCR_reGRID_1090_Biopsy_1852	GSE193677	-0.26169005696526965	-0.0672952032144084	-0.19316170550219616	-0.5246132621792045	signed_within_dataset_zscore_mean	ok
MSCCR_reGRID_1090_Biopsy_1853	GSE193677	-0.0984826502971808	0.07196973094622804	-0.06602460377411123	-0.3013930780636592	signed_within_dataset_zscore_mean	ok
MSCCR_reGRID_1091_Biopsy_1854	GSE193677	0.06289148982407733	0.14497774494280477	-0.4894134236290033	0.5331101481584305	signed_within_dataset_zscore_mean	ok
MSCCR_reGRID_1091_Biopsy_1855	GSE193677	-0.10211083495380797	-0.2716182781484983	0.20225849871669274	-0.23697272542961834	signed_within_dataset_zscore_mean	ok
MSCCR_reGRID_1091_Biopsy_1856	GSE193677	0.2659015221146596	0.8611123850301234	0.21332395280036698	-0.2767317714865116	signed_within_dataset_zscore_mean	ok
MSCCR_reGRID_1092_Biopsy_1857	GSE193677	-0.5808566231691928	-0.39636619302952714	-0.8039789634080003	-0.5422247130700512	signed_within_dataset_zscore_mean	ok
MSCCR_reGRID_1092_Biopsy_1858	GSE193677	0.35696869141507975	0.32008975185275135	0.5873138331423442	0.16350248925014355	signed_within_dataset_zscore_mean	ok
MSCCR_reGRID_1093_Biopsy_1859	GSE193677	-0.5138091581214209	-0.25203803584849105	-0.5677186694114894	-0.7216707691042821	signed_within_dataset_zscore_mean	ok
MSCCR_reGRID_1094_Biopsy_1860	GSE193677	-0.34180899904475304	-0.12313439405203803	-0.33881521062241166	-0.5634773924598094	signed_within_dataset_zscore_mean	ok
MSCCR_reGRID_1094_Biopsy_1861	GSE193677	-0.08365764725842895	0.83237087909544	-0.758905089132051	-0.3244387317386759	signed_within_dataset_zscore_mean	ok
MSCCR_reGRID_1096_Biopsy_1862	GSE193677	0.446770301399724	0.6841269317775766	-0.040383661935638096	0.6965676343572338	signed_within_dataset_zscore_mean	ok
MSCCR_reGRID_1096_Biopsy_1863	GSE193677	0.05467913961973755	-0.018303243303441363	-0.2576081054704411	0.4399487676330951	signed_within_dataset_zscore_mean	ok
MSCCR_reGRID_1098_Biopsy_1864	GSE193677	0.596194959062554	0.775975868971227	0.4432330976773273	0.5693759105391082	signed_within_dataset_zscore_mean	ok
MSCCR_reGRID_1098_Biopsy_1865	GSE193677	0.34191407026544424	0.6417245122703268	-0.10681372097034894	0.49083141949635495	signed_within_dataset_zscore_mean	ok
MSCCR_reGRID_1099_Biopsy_1866	GSE193677	0.7008095381173057	0.7898225745853222	0.5358391935899801	0.776766846176615	signed_within_dataset_zscore_mean	ok
MSCCR_reGRID_1099_Biopsy_1867	GSE193677	0.675871359063359	-0.195802211808159	1.4841107716772408	0.7393055173209953	signed_within_dataset_zscore_mean	ok
MSCCR_reGRID_109_Biopsy_217	GSE193677	0.4363698932312839	0.15094133398501022	0.506642606526254	0.6515257391825874	signed_within_dataset_zscore_mean	ok
MSCCR_reGRID_109_Biopsy_218	GSE193677	-0.2740930496899462	-0.21812994753977027	-0.5939722130363781	-0.010176988493690123	signed_within_dataset_zscore_mean	ok
MSCCR_reGRID_109_Biopsy_219	GSE193677	0.48645987076873504	0.2190893156490837	0.5754349126847892	0.664855383972332	signed_within_dataset_zscore_mean	ok
MSCCR_reGRID_10_Biopsy_18	GSE193677	-0.11016017116275333	-0.23106858695168198	-0.38677530324993753	0.2873633767133595	signed_within_dataset_zscore_mean	ok
MSCCR_reGRID_10_Biopsy_19	GSE193677	-0.46286573377449436	-0.3575023039970368	-0.44611476937153294	-0.5849801279549133	signed_within_dataset_zscore_mean	ok
MSCCR_reGRID_10_Biopsy_20	GSE193677	-0.3026693904845533	-0.07988530639126537	-0.2690120478428252	-0.5591108172195695	signed_within_dataset_zscore_mean	ok
MSCCR_reGRID_1100_Biopsy_1868	GSE193677	0.9945673136866385	1.2624614714381575	0.6800709588759088	1.0411695107458494	signed_within_dataset_zscore_mean	ok
MSCCR_reGRID_1100_Biopsy_1869	GSE193677	0.5342878949997742	1.4763341844092694	0.1245139487547167	0.0020155518353366744	signed_within_dataset_zscore_mean	ok
MSCCR_reGRID_1100_Biopsy_1870	GSE193677	0.9708091532351567	0.8015680772108811	0.6022634045813337	1.5085959779132552	signed_within_dataset_zscore_mean	ok
MSCCR_reGRID_1102_Biopsy_1871	GSE193677	0.08343711637183802	-0.4139596108528574	0.4741608107088033	0.19011014925956815	signed_within_dataset_zscore_mean	ok
MSCCR_reGRID_1102_Biopsy_1872	GSE193677	-0.18881727357880554	-0.4528874735331403	0.3186532056067989	-0.4322175528100753	signed_within_dataset_zscore_mean	ok
MSCCR_reGRID_1102_Biopsy_1873	GSE193677	0.697090445083209	0.016869339946704764	1.2852145643351203	0.789187430967802	signed_within_dataset_zscore_mean	ok
MSCCR_reGRID_1103_Biopsy_1874	GSE193677	0.09327718068510295	0.44650402455909266	-0.597132821193606	0.4304603386898222	signed_within_dataset_zscore_mean	ok
MSCCR_reGRID_1104_Biopsy_1875	GSE193677	0.33390445233827587	0.833979339230696	0.5755941065382917	-0.4078600887541602	signed_within_dataset_zscore_mean	ok
MSCCR_reGRID_1104_Biopsy_1876	GSE193677	0.8430169846977771	0.945009813236469	-0.10872351769733542	1.6927646585541976	signed_within_dataset_zscore_mean	ok
MSCCR_reGRID_1105_Biopsy_1877	GSE193677	0.5869968584760984	0.4483894278041608	1.1181224674806107	0.19447868014352357	signed_within_dataset_zscore_mean	ok
MSCCR_reGRID_1105_Biopsy_1878	GSE193677	0.21638594614639795	0.5687425480647249	0.6523087232150455	-0.5718934328405765	signed_within_dataset_zscore_mean	ok
MSCCR_reGRID_1108_Biopsy_1879	GSE193677	-0.10405707002933841	-0.20607551738877206	-0.4876836820306881	0.38158798933144494	signed_within_dataset_zscore_mean	ok
MSCCR_reGRID_1108_Biopsy_1880	GSE193677	-0.1991043918497354	-0.12350653578239665	-0.2047556851269039	-0.26905095463990564	signed_within_dataset_zscore_mean	ok
MSCCR_reGRID_1109_Biopsy_1881	GSE193677	-0.749446058362973	-0.8714054167638924	-0.04305712350117259	-1.3338756348238539	signed_within_dataset_zscore_mean	ok
MSCCR_reGRID_1109_Biopsy_1882	GSE193677	0.8959063410923885	0.8682416530503637	0.23642249053041783	1.5830548796963837	signed_within_dataset_zscore_mean	ok
MSCCR_reGRID_110_Biopsy_220	GSE193677	-0.596380736871879	0.15100428759097512	-0.4288484600054203	-1.5112980382011918	signed_within_dataset_zscore_mean	ok
MSCCR_reGRID_110_Biopsy_221	GSE193677	-0.050344760484616224	-0.07583620765524138	-0.2536540306885679	0.17845595688996063	signed_within_dataset_zscore_mean	ok
MSCCR_reGRID_110_Biopsy_222	GSE193677	-0.49483667023479283	-0.1277923502533302	-0.3115208495281746	-1.0451968109228738	signed_within_dataset_zscore_mean	ok
MSCCR_reGRID_1110_Biopsy_1883	GSE193677	0.05541495023500297	-0.5091490435526358	0.5025214754375894	0.1728724188200553	signed_within_dataset_zscore_mean	ok
MSCCR_reGRID_1111_Biopsy_1884	GSE193677	-0.644198648974648	-0.7831102723041093	-0.6894935965504017	-0.45999207806943315	signed_within_dataset_zscore_mean	ok
MSCCR_reGRID_1111_Biopsy_1885	GSE193677	-0.5302418386811152	-0.010675948384252499	-0.901023812433482	-0.6790257552256111	signed_within_dataset_zscore_mean	ok
MSCCR_reGRID_1112_Biopsy_1886	GSE193677	0.10361945845492689	-0.2354309670316968	0.22550481692460353	0.3207845254718739	signed_within_dataset_zscore_mean	ok
MSCCR_reGRID_1112_Biopsy_1887	GSE193677	0.32315885414614276	0.5840850501504204	0.0024271987405585227	0.38296431354744936	signed_within_dataset_zscore_mean	ok
MSCCR_reGRID_1113_Biopsy_1888	GSE193677	0.04785395746946767	0.09289604542757732	-0.46969955484797465	0.5203653818288003	signed_within_dataset_zscore_mean	ok
MSCCR_reGRID_1113_Biopsy_1889	GSE193677	-0.3355845213384039	-0.8550986644021549	-0.07406984842008948	-0.07758505119296742	signed_within_dataset_zscore_mean	ok
MSCCR_reGRID_1114_Biopsy_1890	GSE193677	-0.1947042955573407	-1.0209271378407538	0.25987438813665614	0.17693986303207568	signed_within_dataset_zscore_mean	ok
MSCCR_reGRID_1114_Biopsy_1891	GSE193677	0.41682719508417265	1.3373101256974629	-0.1283140364416937	0.041485495996748854	signed_within_dataset_zscore_mean	ok
MSCCR_reGRID_1114_Biopsy_1892	GSE193677	0.4704426850306091	0.3804546917539885	-0.9291392893192976	1.9600126526571364	signed_within_dataset_zscore_mean	ok
MSCCR_reGRID_1115_Biopsy_1893	GSE193677	0.06104158202767307	0.2710877788900877	-0.8115862562052373	0.7236232233981688	signed_within_dataset_zscore_mean	ok
MSCCR_reGRID_1115_Biopsy_1894	GSE193677	0.41033295049856466	0.21626329553600804	0.43622200040375325	0.5785135555559325	signed_within_dataset_zscore_mean	ok
MSCCR_reGRID_1117_Biopsy_1895	GSE193677	-0.398123808663774	-0.35777717886118865	-0.40212431121128667	-0.4344699359188467	signed_within_dataset_zscore_mean	ok
MSCCR_reGRID_1117_Biopsy_1896	GSE193677	0.8022095473592659	0.5239416618266597	1.19832306122347	0.6843639190276677	signed_within_dataset_zscore_mean	ok
MSCCR_reGRID_1119_Biopsy_1897	GSE193677	-0.006251239946617415	0.025777715017265446	0.2492210279497836	-0.2937524628069013	signed_within_dataset_zscore_mean	ok
MSCCR_reGRID_1119_Biopsy_1898	GSE193677	-0.8062875164753711	-0.7396025199503856	-0.8213983780924086	-0.8578616513833189	signed_within_dataset_zscore_mean	ok
MSCCR_reGRID_111_Biopsy_223	GSE193677	0.34779633429359436	0.16326271389256997	0.752297627480895	0.12782866150731817	signed_within_dataset_zscore_mean	ok
MSCCR_reGRID_111_Biopsy_224	GSE193677	-0.25997840622881613	-0.18472870569021244	-0.7883634687765954	0.19315695578035932	signed_within_dataset_zscore_mean	ok
MSCCR_reGRID_111_Biopsy_225	GSE193677	-0.26364565997775075	-0.45347660603480816	-0.2679436654173496	-0.06951670848109448	signed_within_dataset_zscore_mean	ok
MSCCR_reGRID_1120_Biopsy_1899	GSE193677	-0.5826310104397785	-0.7326804499943884	-1.0160210196120834	0.0008084382871362076	signed_within_dataset_zscore_mean	ok
MSCCR_reGRID_1120_Biopsy_1900	GSE193677	-0.9955681375130556	-0.612849390629492	-1.3498489334755643	-1.024006088434111	signed_within_dataset_zscore_mean	ok
MSCCR_reGRID_1122_Biopsy_1901	GSE193677	-0.5678853170569206	-0.1777988558744752	-0.34892952002210914	-1.1769275752741775	signed_within_dataset_zscore_mean	ok
MSCCR_reGRID_1122_Biopsy_1902	GSE193677	0.4119651362482286	0.5523620168977234	0.5385820386551471	0.14495135319181532	signed_within_dataset_zscore_mean	ok
MSCCR_reGRID_1123_Biopsy_1903	GSE193677	0.02856050267768706	-0.3555239047437553	-0.06416553993509509	0.5053709527119116	signed_within_dataset_zscore_mean	ok
MSCCR_reGRID_1123_Biopsy_1904	GSE193677	-0.5214577817469893	-0.5007725120152886	-0.5423729650411954	-0.5212278681844841	signed_within_dataset_zscore_mean	ok
MSCCR_reGRID_1124_Biopsy_1905	GSE193677	0.18031461986919464	-0.4969112769239997	0.20508874273234529	0.8327663937992383	signed_within_dataset_zscore_mean	ok
MSCCR_reGRID_1124_Biopsy_1906	GSE193677	-0.37337724636971986	-0.694044417931552	-0.14659973430292217	-0.2794875868746854	signed_within_dataset_zscore_mean	ok
MSCCR_reGRID_1125_Biopsy_1907	GSE193677	-0.0743753850992927	0.27564854543748424	-0.9256928136129672	0.4269181128776049	signed_within_dataset_zscore_mean	ok
MSCCR_reGRID_1125_Biopsy_1908	GSE193677	-0.6263540872997321	-0.08971731505907984	-0.9644665991024022	-0.8248783477377142	signed_within_dataset_zscore_mean	ok
MSCCR_reGRID_1126_Biopsy_1909	GSE193677	-0.3016308437407044	-0.11728649631133117	0.520309747989488	-1.30791578290027	signed_within_dataset_zscore_mean	ok
MSCCR_reGRID_1126_Biopsy_1910	GSE193677	0.3034866415161656	0.13473271810438459	1.131425405157738	-0.35569819871362585	signed_within_dataset_zscore_mean	ok
MSCCR_reGRID_1127_Biopsy_1911	GSE193677	-0.6395548601864279	-0.7152007355544685	-0.7473556557769783	-0.4561081892278371	signed_within_dataset_zscore_mean	ok
MSCCR_reGRID_1127_Biopsy_1912	GSE193677	-0.6115611711549275	-0.3476921689508422	-0.5895316614950058	-0.8974596830189344	signed_within_dataset_zscore_mean	ok
MSCCR_reGRID_1128_Biopsy_1913	GSE193677	0.24691779417191193	0.2728161651155593	0.011519223511166122	0.45641799388901033	signed_within_dataset_zscore_mean	ok
MSCCR_reGRID_1129_Biopsy_1914	GSE193677	0.37184176317506834	0.4725936471770237	-0.27809025217542327	0.9210218945236045	signed_within_dataset_zscore_mean	ok
MSCCR_reGRID_1129_Biopsy_1915	GSE193677	0.2559948461732306	0.7308757403375477	-0.20099255004413305	0.23810134822627718	signed_within_dataset_zscore_mean	ok
MSCCR_reGRID_112_Biopsy_226	GSE193677	0.3656291295249449	0.07793122307262026	0.7521888001773951	0.26676736532481926	signed_within_dataset_zscore_mean	ok
MSCCR_reGRID_112_Biopsy_227	GSE193677	0.1510187912388697	-0.03749261549251331	0.7631216875999052	-0.27257269839078285	signed_within_dataset_zscore_mean	ok
MSCCR_reGRID_112_Biopsy_228	GSE193677	-0.10658263900407722	0.014034422939105673	-0.4474359103999799	0.11365357044864255	signed_within_dataset_zscore_mean	ok
MSCCR_reGRID_1134_Biopsy_1916	GSE193677	-0.42019670660003156	-0.0715407202428472	-1.1978203321867944	0.008770932629547165	signed_within_dataset_zscore_mean	ok
MSCCR_reGRID_1134_Biopsy_1917	GSE193677	-0.25500975090931893	-0.5750761917526381	0.23050998038345477	-0.4204630413587734	signed_within_dataset_zscore_mean	ok
MSCCR_reGRID_1135_Biopsy_1918	GSE193677	0.857314815569555	1.5289567004472864	0.4947008534904227	0.5482868927709558	signed_within_dataset_zscore_mean	ok
MSCCR_reGRID_1136_Biopsy_1919	GSE193677	-0.33794013978432247	-0.3023501748168028	-0.6224309153840953	-0.08903932915206929	signed_within_dataset_zscore_mean	ok
MSCCR_reGRID_1136_Biopsy_1920	GSE193677	-0.0691078813091686	-0.262525760093812	0.4613822749576898	-0.4061801587913836	signed_within_dataset_zscore_mean	ok
MSCCR_reGRID_1137_Biopsy_1921	GSE193677	-0.6838750959005425	-0.9687613130524888	-0.7089563601654418	-0.3739076144836966	signed_within_dataset_zscore_mean	ok
MSCCR_reGRID_1138_Biopsy_1922	GSE193677	-0.19187755975016604	0.15908750327066407	-0.7760396327119277	0.041319450190765585	signed_within_dataset_zscore_mean	ok
MSCCR_reGRID_1138_Biopsy_1923	GSE193677	-0.5767676091646086	0.034040533160451955	-1.2719288055036877	-0.4924145551505899	signed_within_dataset_zscore_mean	ok
MSCCR_reGRID_1139_Biopsy_1924	GSE193677	0.2968798525706169	-0.3912980947964017	1.041850392847775	0.24008725966047748	signed_within_dataset_zscore_mean	ok
MSCCR_reGRID_113_Biopsy_229	GSE193677	-0.1298971384496899	-0.14431606228106864	-0.3286848933895827	0.08330954032158162	signed_within_dataset_zscore_mean	ok
MSCCR_reGRID_113_Biopsy_230	GSE193677	-0.09553291253939244	0.2047280579439322	-0.18383272495057457	-0.307494070611535	signed_within_dataset_zscore_mean	ok
MSCCR_reGRID_113_Biopsy_231	GSE193677	0.42918087468426985	-0.02563765272462336	0.5009782614306091	0.8122020153468238	signed_within_dataset_zscore_mean	ok
MSCCR_reGRID_1142_Biopsy_1925	GSE193677	-0.2919127062246172	-0.5777381860421382	0.33662374694067543	-0.6346236795723887	signed_within_dataset_zscore_mean	ok
MSCCR_reGRID_1142_Biopsy_1926	GSE193677	-0.9534972358225587	0.05236763412085761	-1.2845052961305137	-1.62835404545802	signed_within_dataset_zscore_mean	ok
MSCCR_reGRID_1145_Biopsy_1927	GSE193677	-0.07639057251692861	-1.1006629747723697	0.47436902745826365	0.3971222297633202	signed_within_dataset_zscore_mean	ok
MSCCR_reGRID_1145_Biopsy_1928	GSE193677	-0.134058103363602	-0.9999047411341564	0.6075649622017232	-0.009834531158372788	signed_within_dataset_zscore_mean	ok
MSCCR_reGRID_1148_Biopsy_1929	GSE193677	0.4843621065464765	0.09293457609376368	0.3371793101589836	1.0229724333866823	signed_within_dataset_zscore_mean	ok
MSCCR_reGRID_1148_Biopsy_1930	GSE193677	0.2197576160480221	0.15520582439154687	0.04928122760135317	0.45478579615116627	signed_within_dataset_zscore_mean	ok
MSCCR_reGRID_1148_Biopsy_1931	GSE193677	-0.3334932412786571	0.0683751868901586	-0.19813210694302458	-0.8707228037831053	signed_within_dataset_zscore_mean	ok
MSCCR_reGRID_1148_Biopsy_1932	GSE193677	-0.35467714585660554	0.23943541730524473	-0.4572736634176337	-0.8461931914574276	signed_within_dataset_zscore_mean	ok
MSCCR_reGRID_1149_Biopsy_1933	GSE193677	-0.2230781538409343	-0.24269025876017233	-0.25224358829048155	-0.17430061447214892	signed_within_dataset_zscore_mean	ok
MSCCR_reGRID_1149_Biopsy_1934	GSE193677	-0.14520079080409512	-0.518529505192113	-0.13811223086990906	0.22103936364973673	signed_within_dataset_zscore_mean	ok
MSCCR_reGRID_1149_Biopsy_1935	GSE193677	0.018080727975451516	-0.9845424067789283	0.5570985974743837	0.48168599323089917	signed_within_dataset_zscore_mean	ok
MSCCR_reGRID_1150_Biopsy_1936	GSE193677	-0.46560093612728143	-0.33848430032942034	-1.074264750900368	0.01594624284794388	signed_within_dataset_zscore_mean	ok
MSCCR_reGRID_1150_Biopsy_1937	GSE193677	1.0823592400807307	0.5887192177595252	2.2745283748018075	0.38383012768085933	signed_within_dataset_zscore_mean	ok
MSCCR_reGRID_1151_Biopsy_1938	GSE193677	0.11319477073947519	1.0381093213514476	-0.7265016059766081	0.027976596843586	signed_within_dataset_zscore_mean	ok
MSCCR_reGRID_1151_Biopsy_1939	GSE193677	-0.22695145421947527	0.18776587782984908	-0.587513021326958	-0.28110721916131687	signed_within_dataset_zscore_mean	ok
MSCCR_reGRID_1152_Biopsy_1940	GSE193677	0.0736805462125022	0.7717702141807725	0.18146649035157242	-0.7321950658948383	signed_within_dataset_zscore_mean	ok
MSCCR_reGRID_1152_Biopsy_1941	GSE193677	-0.13655088747306607	0.26519411708577295	-0.7640266653551712	0.08917988585019998	signed_within_dataset_zscore_mean	ok
MSCCR_reGRID_1154_Biopsy_1942	GSE193677	-0.35090479591570106	-0.10763357094660497	-0.30070665209651704	-0.6443741647039812	signed_within_dataset_zscore_mean	ok
MSCCR_reGRID_1154_Biopsy_1943	GSE193677	-0.4219333393909155	0.1254999662208159	-0.8539220371540587	-0.5373779472395036	signed_within_dataset_zscore_mean	ok
MSCCR_reGRID_1156_Biopsy_1944	GSE193677	-0.2802083884358024	-0.3318970240071978	-0.4115119396250173	-0.09721620167519218	signed_within_dataset_zscore_mean	ok
MSCCR_reGRID_1156_Biopsy_1945	GSE193677	0.5276271420069841	0.1725135733314021	0.6067653958239784	0.8036024568655717	signed_within_dataset_zscore_mean	ok
MSCCR_reGRID_1156_Biopsy_1946	GSE193677	0.04575695396298124	0.21276914899590743	-0.6440646914152213	0.5685664043082576	signed_within_dataset_zscore_mean	ok
MSCCR_reGRID_1157_Biopsy_1947	GSE193677	-0.41683462808660626	-0.03592411638072847	-0.683651007700951	-0.5309287601781395	signed_within_dataset_zscore_mean	ok
MSCCR_reGRID_1157_Biopsy_1948	GSE193677	-0.31456607686842347	-0.10096752865263858	-0.7080670400932892	-0.13466366185934261	signed_within_dataset_zscore_mean	ok
MSCCR_reGRID_1159_Biopsy_1949	GSE193677	-0.11873931567942554	-0.2668485247191601	-0.1886594989229633	0.09929007660384677	signed_within_dataset_zscore_mean	ok
MSCCR_reGRID_115_Biopsy_232	GSE193677	0.5192173582994916	0.09558551989114247	0.5805283121734564	0.8815382428338756	signed_within_dataset_zscore_mean	ok
MSCCR_reGRID_115_Biopsy_233	GSE193677	-0.1498803671044238	-0.7559157005687975	0.060952505045578365	0.24532209420994774	signed_within_dataset_zscore_mean	ok
MSCCR_reGRID_115_Biopsy_234	GSE193677	0.25553673066926824	0.3488968516419865	-0.7029735938077095	1.1206869341735277	signed_within_dataset_zscore_mean	ok
MSCCR_reGRID_1161_Biopsy_1950	GSE193677	0.023395225375900608	-0.11740187159512021	0.04609987574983786	0.14148767197298417	signed_within_dataset_zscore_mean	ok
MSCCR_reGRID_1164_Biopsy_1951	GSE193677	-0.7212854045304312	-0.28493266651811083	-0.4735672872035215	-1.4053562598696612	signed_within_dataset_zscore_mean	ok
MSCCR_reGRID_1164_Biopsy_1952	GSE193677	-0.19533909567628394	0.2613739036047268	-0.16767542442224834	-0.6797157662113302	signed_within_dataset_zscore_mean	ok
MSCCR_reGRID_1165_Biopsy_1953	GSE193677	0.886617258464292	0.8000786559500476	0.5360620211231689	1.3237110983196596	signed_within_dataset_zscore_mean	ok
MSCCR_reGRID_1165_Biopsy_1954	GSE193677	-0.46660765723715	-0.6994841828341885	0.4566846962737049	-1.1570234851509662	signed_within_dataset_zscore_mean	ok
MSCCR_reGRID_1166_Biopsy_1955	GSE193677	-0.18226977931256172	-0.23834577690442962	-0.46508241738340494	0.15661885635014935	signed_within_dataset_zscore_mean	ok
MSCCR_reGRID_1166_Biopsy_1956	GSE193677	-0.13373211699943657	0.1364948405152679	-0.18310452141587677	-0.3545866700977009	signed_within_dataset_zscore_mean	ok
MSCCR_reGRID_1167_Biopsy_1957	GSE193677	0.06466210772022131	-0.22387331136834074	0.3055178407204614	0.1123417938085433	signed_within_dataset_zscore_mean	ok
MSCCR_reGRID_1167_Biopsy_1958	GSE193677	1.3283594181916827	0.9057102098620133	1.317607525163409	1.761760519549625	signed_within_dataset_zscore_mean	ok
MSCCR_reGRID_1168_Biopsy_1959	GSE193677	-0.014880917392848242	0.2309004131580902	-0.3000449524667309	0.02450178713009597	signed_within_dataset_zscore_mean	ok
MSCCR_reGRID_1168_Biopsy_1960	GSE193677	-0.22647293880950214	-0.33409153983570256	0.025636567426376277	-0.3709638440191802	signed_within_dataset_zscore_mean	ok
MSCCR_reGRID_1169_Biopsy_1961	GSE193677	-0.44593405646840384	-0.13694940245446005	-0.7424445342849936	-0.45840823266575786	signed_within_dataset_zscore_mean	ok
MSCCR_reGRID_1169_Biopsy_1962	GSE193677	0.8576712884456392	0.8794799038886909	0.9477303812118443	0.7458035802363826	signed_within_dataset_zscore_mean	ok
MSCCR_reGRID_1169_Biopsy_1963	GSE193677	0.6130904529780749	0.6698301580686545	0.884808410156858	0.284632790708712	signed_within_dataset_zscore_mean	ok
MSCCR_reGRID_116_Biopsy_235	GSE193677	0.8842722805498054	0.35646026880898674	0.8277337869498018	1.4686227858906282	signed_within_dataset_zscore_mean	ok
MSCCR_reGRID_116_Biopsy_236	GSE193677	-0.35454185657137005	-0.3041687785632451	-0.045062454819149944	-0.7143943363317152	signed_within_dataset_zscore_mean	ok
MSCCR_reGRID_116_Biopsy_237	GSE193677	0.5589960303503755	0.5645591058801646	1.1325979178451377	-0.02016893267417578	signed_within_dataset_zscore_mean	ok
MSCCR_reGRID_1171_Biopsy_1964	GSE193677	-0.7402975149420102	-0.2514886598733687	-0.9110885975325388	-1.0583152874201234	signed_within_dataset_zscore_mean	ok
MSCCR_reGRID_1174_Biopsy_1965	GSE193677	0.44023259099739726	-0.35869105905995424	1.5481204104696344	0.1312684215825118	signed_within_dataset_zscore_mean	ok
MSCCR_reGRID_1174_Biopsy_1966	GSE193677	0.8181883877955566	0.6999170454983655	1.0955567432297837	0.6590913746585204	signed_within_dataset_zscore_mean	ok
MSCCR_reGRID_1174_Biopsy_1967	GSE193677	0.029656888786049124	0.13359718564887518	0.2864987221400061	-0.3311252414307339	signed_within_dataset_zscore_mean	ok
MSCCR_reGRID_1175_Biopsy_1968	GSE193677	-0.286706389254524	-0.05800792306159193	0.09118957137410678	-0.8933008160760868	signed_within_dataset_zscore_mean	ok
MSCCR_reGRID_1176_Biopsy_1969	GSE193677	0.18330471996014583	0.16228558355010164	-0.09240044497984223	0.48002902131017805	signed_within_dataset_zscore_mean	ok
MSCCR_reGRID_1177_Biopsy_1970	GSE193677	0.09559684735855452	-1.0185940415833676	1.1965237586729092	0.10886082498612204	signed_within_dataset_zscore_mean	ok
MSCCR_reGRID_1177_Biopsy_1971	GSE193677	1.4781488843454678	0.8979436771672278	1.5109697981841577	2.025533177685017	signed_within_dataset_zscore_mean	ok
MSCCR_reGRID_1177_Biopsy_1972	GSE193677	-0.4121113435984221	0.16756074462697987	-0.8782590221936735	-0.5256357532285728	signed_within_dataset_zscore_mean	ok
MSCCR_reGRID_117_Biopsy_238	GSE193677	0.5368365144945265	0.5337439077659323	0.6440558646864273	0.43270977103122	signed_within_dataset_zscore_mean	ok
MSCCR_reGRID_117_Biopsy_239	GSE193677	-0.45731818735085655	-0.2581347954873368	-0.0047870863731029	-1.10903268019213	signed_within_dataset_zscore_mean	ok
MSCCR_reGRID_117_Biopsy_240	GSE193677	-0.24683442987123586	0.0005573748519492091	-0.052549799219880546	-0.6885108652457762	signed_within_dataset_zscore_mean	ok
MSCCR_reGRID_1180_Biopsy_1973	GSE193677	-0.13490411801634286	-0.7044201518653294	0.1727763731039668	0.12693142471233396	signed_within_dataset_zscore_mean	ok
MSCCR_reGRID_1180_Biopsy_1974	GSE193677	-1.5528219997242507	-2.663538730062561	-0.18377555257563633	-1.8111517165345552	signed_within_dataset_zscore_mean	ok
MSCCR_reGRID_1183_Biopsy_1975	GSE193677	-0.19440437408818823	-0.058770318027528426	-0.9043662364878596	0.3799234322508234	signed_within_dataset_zscore_mean	ok
MSCCR_reGRID_1184_Biopsy_1976	GSE193677	-0.5213487799799252	-0.3382362264871111	-0.8397465881899743	-0.3860635252626903	signed_within_dataset_zscore_mean	ok
MSCCR_reGRID_1184_Biopsy_1977	GSE193677	-0.5943593747981614	-0.21684427515253218	-0.4263107869807441	-1.139923062261208	signed_within_dataset_zscore_mean	ok
MSCCR_reGRID_1185_Biopsy_1978	GSE193677	-0.6768664745994837	-0.9411467103121435	0.9930384960127412	-2.082491209499049	signed_within_dataset_zscore_mean	ok
MSCCR_reGRID_1185_Biopsy_1979	GSE193677	0.368017149122323	0.7047064820960554	0.4624707441033274	-0.06312577883241366	signed_within_dataset_zscore_mean	ok
MSCCR_reGRID_1186_Biopsy_1980	GSE193677	0.005607141081618301	0.00401062864610936	-0.017056186304150164	0.029866980902895707	signed_within_dataset_zscore_mean	ok
MSCCR_reGRID_1186_Biopsy_1981	GSE193677	0.42559237787136284	0.8781258189155287	0.049099664327070136	0.3495516503714898	signed_within_dataset_zscore_mean	ok
MSCCR_reGRID_1187_Biopsy_1982	GSE193677	0.338791525754987	0.23691855674998513	0.5433700324489524	0.23608598806602354	signed_within_dataset_zscore_mean	ok
MSCCR_reGRID_1187_Biopsy_1983	GSE193677	-0.047680850182831906	0.45145148048331574	-0.40322759390167795	-0.1912664371301335	signed_within_dataset_zscore_mean	ok
MSCCR_reGRID_1187_Biopsy_1984	GSE193677	0.6923794283984916	0.32851840964130286	0.6820659883731517	1.0665538871810207	signed_within_dataset_zscore_mean	ok
MSCCR_reGRID_118_Biopsy_241	GSE193677	0.4609524610939948	0.05657810904187699	0.40362248896581204	0.9226567852742953	signed_within_dataset_zscore_mean	ok
MSCCR_reGRID_118_Biopsy_242	GSE193677	-0.019254825585308222	0.2613868436660925	-0.5781480579538016	0.2589967375317845	signed_within_dataset_zscore_mean	ok
MSCCR_reGRID_118_Biopsy_243	GSE193677	-0.5069351829627776	-0.043154631257664146	-0.8519183912964141	-0.6257325263342545	signed_within_dataset_zscore_mean	ok
MSCCR_reGRID_1192_Biopsy_1985	GSE193677	-0.20347280736469145	-0.13969844012935034	-0.4773836688875616	0.006663686922837623	signed_within_dataset_zscore_mean	ok
MSCCR_reGRID_1192_Biopsy_1986	GSE193677	-0.6358697313283702	0.003246503241089704	-1.2571336567258053	-0.6537220405003952	signed_within_dataset_zscore_mean	ok
MSCCR_reGRID_1192_Biopsy_1987	GSE193677	0.22019752129317718	0.019829501127012605	-0.2027600868790386	0.8435231496315576	signed_within_dataset_zscore_mean	ok
MSCCR_reGRID_1193_Biopsy_1988	GSE193677	0.455920739168773	0.16054374010535527	0.5472506165391353	0.6599678608618283	signed_within_dataset_zscore_mean	ok
MSCCR_reGRID_1193_Biopsy_1989	GSE193677	0.6843516811084899	0.6235885623617442	1.1477272523101605	0.28173922865356493	signed_within_dataset_zscore_mean	ok
MSCCR_reGRID_1195_Biopsy_1990	GSE193677	-0.5989783422496305	-0.22403911011399175	-1.2364077501960193	-0.33648816643888035	signed_within_dataset_zscore_mean	ok
MSCCR_reGRID_1195_Biopsy_1991	GSE193677	0.04808528321967002	-0.4193217213297884	0.08665341950471768	0.4769241514840808	signed_within_dataset_zscore_mean	ok
MSCCR_reGRID_1197_Biopsy_1992	GSE193677	-0.10161929501105627	0.07111431327875267	-0.5944121352645145	0.21843993695259298	signed_within_dataset_zscore_mean	ok
MSCCR_reGRID_119_Biopsy_244	GSE193677	0.0028626863502026153	-0.6638985110147976	0.5769273432478588	0.09555922681754665	signed_within_dataset_zscore_mean	ok
MSCCR_reGRID_11_Biopsy_21	GSE193677	0.09347666590655072	0.4877708072748983	0.5175410681875829	-0.7248818777428291	signed_within_dataset_zscore_mean	ok
MSCCR_reGRID_1201_Biopsy_1993	GSE193677	0.1359657649981555	-0.12369311446226841	-0.039406915156457646	0.5709973246131925	signed_within_dataset_zscore_mean	ok
MSCCR_reGRID_1201_Biopsy_1994	GSE193677	-1.409279854510725	-1.162385022585996	-1.5565609017929094	-1.5088936391532697	signed_within_dataset_zscore_mean	ok
MSCCR_reGRID_1202_Biopsy_1995	GSE193677	0.5123200257625286	0.2521879433833985	0.6459978874271656	0.6387742464770216	signed_within_dataset_zscore_mean	ok
MSCCR_reGRID_1203_Biopsy_1996	GSE193677	0.5179339091870488	0.06218642670080456	0.8417666149191521	0.64984868594119	signed_within_dataset_zscore_mean	ok
MSCCR_reGRID_1203_Biopsy_1997	GSE193677	2.0046554796112317	1.1064844907426974	2.0653411099294967	2.842140838161501	signed_within_dataset_zscore_mean	ok
MSCCR_reGRID_1204_Biopsy_1998	GSE193677	0.42950940095962303	0.05836411667395673	-0.007260123179492062	1.2374242093844046	signed_within_dataset_zscore_mean	ok
MSCCR_reGRID_1205_Biopsy_1999	GSE193677	0.42298317635057336	0.4192006593555453	-0.4703715796291819	1.3201204493253567	signed_within_dataset_zscore_mean	ok
MSCCR_reGRID_1205_Biopsy_2000	GSE193677	-0.13375963677954852	0.13512734143027588	-0.3685330745892705	-0.16787317717965097	signed_within_dataset_zscore_mean	ok
MSCCR_reGRID_1205_Biopsy_2001	GSE193677	1.0717668093465855	0.25785354256054294	1.9054527643404628	1.051994121138751	signed_within_dataset_zscore_mean	ok
MSCCR_reGRID_1206_Biopsy_2002	GSE193677	-0.07419176337776082	-0.21863077036103035	-0.14645967819483244	0.14251515842258036	signed_within_dataset_zscore_mean	ok
MSCCR_reGRID_1207_Biopsy_2003	GSE193677	-0.18325171862549525	-0.1421768751257035	-0.3416823968469273	-0.06589588390385487	signed_within_dataset_zscore_mean	ok
MSCCR_reGRID_1207_Biopsy_2004	GSE193677	0.24357653343066596	0.17988072088289642	0.4808312203251613	0.07001765908394006	signed_within_dataset_zscore_mean	ok
MSCCR_reGRID_1207_Biopsy_2005	GSE193677	-0.6068522832280062	-0.2225735371003119	-1.1179178756903236	-0.48006543689338316	signed_within_dataset_zscore_mean	ok
MSCCR_reGRID_1208_Biopsy_2006	GSE193677	0.13817707785557712	0.05396890433642387	0.31392512741158934	0.046637201818718166	signed_within_dataset_zscore_mean	ok
MSCCR_reGRID_1214_Biopsy_2007	GSE193677	-0.1823784122853358	-0.979430772410355	0.5399516439381766	-0.10765610838382904	signed_within_dataset_zscore_mean	ok
MSCCR_reGRID_1214_Biopsy_2008	GSE193677	-0.5825867632478087	-0.4247662977089253	-0.5678387676874482	-0.7551552243470526	signed_within_dataset_zscore_mean	ok
MSCCR_reGRID_1214_Biopsy_2009	GSE193677	-0.5375564877816585	-0.89513383498225	0.6700266791218709	-1.3875623074845966	signed_within_dataset_zscore_mean	ok
MSCCR_reGRID_1221_Biopsy_2010	GSE193677	-0.10511074466588703	0.18286960008656047	0.18043900141299846	-0.67864083549722	signed_within_dataset_zscore_mean	ok
MSCCR_reGRID_122_Biopsy_245	GSE193677	-0.024044019668079213	-0.14059835224426614	0.33288533750212823	-0.2644190442620997	signed_within_dataset_zscore_mean	ok
MSCCR_reGRID_122_Biopsy_246	GSE193677	-0.9177542058981918	0.043949012561589694	-0.946980574069715	-1.8502310561864501	signed_within_dataset_zscore_mean	ok
MSCCR_reGRID_1233_Biopsy_2011	GSE193677	0.18270660862782825	0.6995129258510768	0.3275039108310419	-0.47889701079863406	signed_within_dataset_zscore_mean	ok
MSCCR_reGRID_1233_Biopsy_2012	GSE193677	0.4464923850798428	0.35237875294508	0.5235085222309338	0.4635898800635146	signed_within_dataset_zscore_mean	ok
MSCCR_reGRID_1235_Biopsy_2013	GSE193677	0.16920578795686894	0.11581443793982737	-0.34426863491469617	0.7360715608454756	signed_within_dataset_zscore_mean	ok
MSCCR_reGRID_1236_Biopsy_2014	GSE193677	-1.0260729118513707	-1.7825271333202317	-0.1621506031802234	-1.133540999053657	signed_within_dataset_zscore_mean	ok
MSCCR_reGRID_1236_Biopsy_2015	GSE193677	-0.8306839350091826	-1.1466747557209327	-0.06126070759821596	-1.2841163417083992	signed_within_dataset_zscore_mean	ok
MSCCR_reGRID_123_Biopsy_247	GSE193677	0.1305980766427751	-0.39954775329516956	0.10385383184305597	0.6874881513804388	signed_within_dataset_zscore_mean	ok
MSCCR_reGRID_123_Biopsy_248	GSE193677	-0.04905282582919585	0.3445537106551667	-0.6710166975719286	0.17930450942917434	signed_within_dataset_zscore_mean	ok
MSCCR_reGRID_123_Biopsy_249	GSE193677	-0.12052055910069404	0.0056816014168223905	-0.5178303810196537	0.15058710230074923	signed_within_dataset_zscore_mean	ok
MSCCR_reGRID_1258_Biopsy_2016	GSE193677	0.43067394519996993	0.3743583911553957	-0.3999149784915791	1.3175784229360932	signed_within_dataset_zscore_mean	ok
MSCCR_reGRID_1258_Biopsy_2017	GSE193677	-0.08201833889460426	0.12578057370374984	-0.06264266753406127	-0.30919292285350136	signed_within_dataset_zscore_mean	ok
MSCCR_reGRID_125_Biopsy_250	GSE193677	0.5450210389813593	0.5120696565880505	0.3012980781434523	0.8216953822125754	signed_within_dataset_zscore_mean	ok
MSCCR_reGRID_126_Biopsy_251	GSE193677	-0.004276186205725674	-0.3703205825274337	0.8326647005589548	-0.4751726766486981	signed_within_dataset_zscore_mean	ok
MSCCR_reGRID_127_Biopsy_252	GSE193677	-0.21367432584086224	-0.5070770521133658	-0.18596421937169993	0.052018293962479	signed_within_dataset_zscore_mean	ok
MSCCR_reGRID_127_Biopsy_253	GSE193677	0.728526100213605	0.7813800887415727	0.4623453578582207	0.9418528540410214	signed_within_dataset_zscore_mean	ok
MSCCR_reGRID_127_Biopsy_254	GSE193677	1.229027092484592	1.1115639339745509	1.0544064299868672	1.5211109134923582	signed_within_dataset_zscore_mean	ok
MSCCR_reGRID_128_Biopsy_255	GSE193677	0.3094538481620252	0.5359650547129083	-0.23989660152596812	0.6322930912991355	signed_within_dataset_zscore_mean	ok
MSCCR_reGRID_128_Biopsy_256	GSE193677	0.029759518205358382	-0.1446537929355971	-0.7151406944335099	0.9490730419851822	signed_within_dataset_zscore_mean	ok
MSCCR_reGRID_1290_Biopsy_2018	GSE193677	0.36281413153985104	-0.1335657331329188	1.0829351831207796	0.13907294463169217	signed_within_dataset_zscore_mean	ok
MSCCR_reGRID_1290_Biopsy_2019	GSE193677	0.05382873708416477	-0.09078349029838115	0.8642850805561734	-0.6120153790052979	signed_within_dataset_zscore_mean	ok
MSCCR_reGRID_1290_Biopsy_2020	GSE193677	0.5157375725223615	0.1274707257910268	0.41039314690341894	1.0093488448726387	signed_within_dataset_zscore_mean	ok
MSCCR_reGRID_1291_Biopsy_2021	GSE193677	-0.07794227962334299	0.8585318919547051	-0.8397734901751776	-0.25258524064955656	signed_within_dataset_zscore_mean	ok
MSCCR_reGRID_1291_Biopsy_2022	GSE193677	0.6096329659804242	-0.08642875547146533	0.7567318304827235	1.1585958229300144	signed_within_dataset_zscore_mean	ok
MSCCR_reGRID_1292_Biopsy_2023	GSE193677	-0.4313263713896221	-0.012246993843447651	-0.6709692439731713	-0.6107628763522475	signed_within_dataset_zscore_mean	ok
MSCCR_reGRID_1292_Biopsy_2024	GSE193677	-0.301627854864127	-0.14473651366367518	-0.28634942511828554	-0.47379762581042034	signed_within_dataset_zscore_mean	ok
MSCCR_reGRID_1292_Biopsy_2025	GSE193677	0.14130453901339327	0.3181102852771486	-0.3203166142434251	0.42611994600645636	signed_within_dataset_zscore_mean	ok
MSCCR_reGRID_1293_Biopsy_2026	GSE193677	1.0787085286991136	0.5146777034476433	2.1531259578769437	0.5683219247727538	signed_within_dataset_zscore_mean	ok
MSCCR_reGRID_1293_Biopsy_2027	GSE193677	0.07613890333190831	-0.3122858147382298	0.14372486086153352	0.3969776638724212	signed_within_dataset_zscore_mean	ok
MSCCR_reGRID_1299_Biopsy_2028	GSE193677	-0.10622552885364944	0.2588138571998078	-0.148364158854064	-0.42912628490669213	signed_within_dataset_zscore_mean	ok
MSCCR_reGRID_1299_Biopsy_2029	GSE193677	0.9029384723025068	0.27435397290491625	1.0328594546756296	1.4016019893269747	signed_within_dataset_zscore_mean	ok
MSCCR_reGRID_1299_Biopsy_2030	GSE193677	-0.41427314109182606	0.07676610019625577	-0.914549205298097	-0.40503631817363694	signed_within_dataset_zscore_mean	ok
MSCCR_reGRID_129_Biopsy_257	GSE193677	0.43766379677363165	0.3174457845342051	-0.33540099015530206	1.330946595941992	signed_within_dataset_zscore_mean	ok
MSCCR_reGRID_129_Biopsy_258	GSE193677	-0.44070077511450384	0.2981477736357557	-0.3834704854539964	-1.2367796135252709	signed_within_dataset_zscore_mean	ok
MSCCR_reGRID_129_Biopsy_259	GSE193677	-0.9768800242983794	-0.0018537190536829008	-0.9318142396048072	-1.9969721142366483	signed_within_dataset_zscore_mean	ok
MSCCR_reGRID_12_Biopsy_22	GSE193677	-0.11732856698234377	0.3933664584038531	-0.5420788954664137	-0.20327326388447062	signed_within_dataset_zscore_mean	ok
MSCCR_reGRID_12_Biopsy_23	GSE193677	-0.6664087017187978	-0.383172870810445	-0.8193142483358715	-0.7967389860100771	signed_within_dataset_zscore_mean	ok
MSCCR_reGRID_12_Biopsy_24	GSE193677	-0.12264977939576661	0.2513539736615444	-0.07845099705461432	-0.5408523147942299	signed_within_dataset_zscore_mean	ok
MSCCR_reGRID_1300_Biopsy_2031	GSE193677	-0.046434440180618264	-1.2543653624465279	0.3988477015053497	0.7162143403993233	signed_within_dataset_zscore_mean	ok
MSCCR_reGRID_1300_Biopsy_2032	GSE193677	0.2045968447691859	0.0830107156037236	0.5147415625597233	0.01603825614411078	signed_within_dataset_zscore_mean	ok
MSCCR_reGRID_1302_Biopsy_2033	GSE193677	-1.6321458139365872	-1.6912018900995107	-1.5939899831195017	-1.6112455685907492	signed_within_dataset_zscore_mean	ok
MSCCR_reGRID_1302_Biopsy_2034	GSE193677	0.09919576173862144	0.7395194200934422	-0.36465038532323296	-0.07728174955434489	signed_within_dataset_zscore_mean	ok
MSCCR_reGRID_1302_Biopsy_2035	GSE193677	-0.5325145539628283	-0.3414460548703211	-0.3960042171253482	-0.8600933898928158	signed_within_dataset_zscore_mean	ok
MSCCR_reGRID_1303_Biopsy_2036	GSE193677	0.22987646936529568	0.32208579099792	0.3442012058118127	0.02334241128615432	signed_within_dataset_zscore_mean	ok
MSCCR_reGRID_1304_Biopsy_2037	GSE193677	-0.11165508989371069	-0.32797816931485635	0.5295809205202785	-0.5365680208865542	signed_within_dataset_zscore_mean	ok
MSCCR_reGRID_1305_Biopsy_2038	GSE193677	-0.048039352850146856	0.4722991159710334	-0.2965261778648098	-0.3198909966566642	signed_within_dataset_zscore_mean	ok
MSCCR_reGRID_1305_Biopsy_2039	GSE193677	-0.2610872331509817	0.09510994445913226	-0.49225196001985383	-0.38611968389222345	signed_within_dataset_zscore_mean	ok
MSCCR_reGRID_1309_Biopsy_2040	GSE193677	-0.8272493155065231	-0.28421881554454176	-1.4154797970632729	-0.7820493339117548	signed_within_dataset_zscore_mean	ok
MSCCR_reGRID_130_Biopsy_260	GSE193677	0.9323216807351704	0.3301854895098923	1.0583186204324424	1.4084609322631767	signed_within_dataset_zscore_mean	ok
MSCCR_reGRID_130_Biopsy_261	GSE193677	-0.2412974822889157	-0.47114261168261207	0.14783288517226847	-0.40058272035640347	signed_within_dataset_zscore_mean	ok
MSCCR_reGRID_130_Biopsy_262	GSE193677	-0.37989628179213186	-0.15662699590965828	0.14168244656075618	-1.1247442960274934	signed_within_dataset_zscore_mean	ok
MSCCR_reGRID_1311_Biopsy_2041	GSE193677	-0.20805800086405146	-0.36407244810202644	0.5378241281582163	-0.7979256826483443	signed_within_dataset_zscore_mean	ok
MSCCR_reGRID_1311_Biopsy_2042	GSE193677	0.9243106899780127	0.107518880939274	1.917517468807636	0.7478957201871278	signed_within_dataset_zscore_mean	ok
MSCCR_reGRID_1314_Biopsy_2043	GSE193677	-0.4368073732012054	-0.5337857199330227	-0.19401639051532596	-0.5826200091552675	signed_within_dataset_zscore_mean	ok
MSCCR_reGRID_1314_Biopsy_2044	GSE193677	0.3343761898884316	-0.23896071607989403	0.9483295526470374	0.29375973309815134	signed_within_dataset_zscore_mean	ok
MSCCR_reGRID_1315_Biopsy_2045	GSE193677	-1.0922627045058768	-0.6602420083238476	-0.9211980076088292	-1.6953480975849542	signed_within_dataset_zscore_mean	ok
MSCCR_reGRID_1316_Biopsy_2046	GSE193677	-0.138423304560588	0.5465744316934875	-0.7090263070629019	-0.25281803831234956	signed_within_dataset_zscore_mean	ok
MSCCR_reGRID_1316_Biopsy_2047	GSE193677	0.3385809741692782	0.09632371865464502	-0.08461822661841836	1.0040374304716078	signed_within_dataset_zscore_mean	ok
MSCCR_reGRID_1317_Biopsy_2048	GSE193677	0.8555506035761576	0.339305168440038	1.057225726515781	1.1701209157726542	signed_within_dataset_zscore_mean	ok
MSCCR_reGRID_1317_Biopsy_2049	GSE193677	-0.7348550848022692	-1.1217215652464767	-1.2875557025348103	0.20471201337447967	signed_within_dataset_zscore_mean	ok
MSCCR_reGRID_1317_Biopsy_2050	GSE193677	1.0395532499572087	0.20657223132097582	1.6596862865634798	1.2524012319871705	signed_within_dataset_zscore_mean	ok
MSCCR_reGRID_1318_Biopsy_2051	GSE193677	-0.07703734992043144	-0.34705835699138543	-0.29660035299810483	0.4125466602281959	signed_within_dataset_zscore_mean	ok
MSCCR_reGRID_1318_Biopsy_2052	GSE193677	-0.10483614850237033	0.48483248522466377	-0.3858843199788387	-0.41345661075293605	signed_within_dataset_zscore_mean	ok
MSCCR_reGRID_1319_Biopsy_2053	GSE193677	1.3767084756923194	0.8480373007649407	2.0405945090415303	1.2414936172704876	signed_within_dataset_zscore_mean	ok
MSCCR_reGRID_1319_Biopsy_2054	GSE193677	0.3581156050995813	0.08095759272082141	0.29823993881322275	0.6951492837646996	signed_within_dataset_zscore_mean	ok
MSCCR_reGRID_1319_Biopsy_2055	GSE193677	-0.25159088558284537	0.4942621304670737	-0.32706976011944466	-0.9219650270961651	signed_within_dataset_zscore_mean	ok
MSCCR_reGRID_131_Biopsy_263	GSE193677	-0.28884549575621316	0.029817314307090004	-0.15543599940827968	-0.7409178021674497	signed_within_dataset_zscore_mean	ok
MSCCR_reGRID_131_Biopsy_264	GSE193677	0.281825355096733	0.7980585724250717	0.0036812122498158795	0.043736280615311464	signed_within_dataset_zscore_mean	ok
MSCCR_reGRID_1320_Biopsy_2056	GSE193677	-0.32648061707978865	-0.01289814619903799	-0.3854112759103636	-0.5811324291299642	signed_within_dataset_zscore_mean	ok
MSCCR_reGRID_1323_Biopsy_2057	GSE193677	0.7060624477513301	0.6611600957437599	-0.19547114404053056	1.6524983915507612	signed_within_dataset_zscore_mean	ok
MSCCR_reGRID_1323_Biopsy_2058	GSE193677	0.0667821014133	0.14851845492265878	0.3617537396683902	-0.309925890351149	signed_within_dataset_zscore_mean	ok
MSCCR_reGRID_1326_Biopsy_2059	GSE193677	0.08758190843831803	0.4460227152956242	-0.25168613090494396	0.06840914092427386	signed_within_dataset_zscore_mean	ok
MSCCR_reGRID_1326_Biopsy_2060	GSE193677	1.2996758116281037	0.4675982222852303	2.398804754298021	1.0326244583010598	signed_within_dataset_zscore_mean	ok
MSCCR_reGRID_1326_Biopsy_2061	GSE193677	0.46142770507922687	0.33448988833246973	0.36193805394795653	0.6878551729572545	signed_within_dataset_zscore_mean	ok
MSCCR_reGRID_1327_Biopsy_2062	GSE193677	-0.5949161890678386	-0.4754174896749014	-0.17904650486142187	-1.1302845726671926	signed_within_dataset_zscore_mean	ok
MSCCR_reGRID_1328_Biopsy_2063	GSE193677	-0.2050495211657362	-0.745400434357139	-0.18332696355948122	0.3135788344194116	signed_within_dataset_zscore_mean	ok
MSCCR_reGRID_1328_Biopsy_2064	GSE193677	1.3036706390977773	0.500862031341805	2.4757576170198887	0.9343922689316381	signed_within_dataset_zscore_mean	ok
MSCCR_reGRID_1329_Biopsy_2065	GSE193677	-0.18000334788431616	-0.49738364325119944	0.04010265620448998	-0.08272905660623908	signed_within_dataset_zscore_mean	ok
MSCCR_reGRID_132_Biopsy_265	GSE193677	-0.40071813500465064	-0.6938894755869478	-0.2237691443049843	-0.28449578512201984	signed_within_dataset_zscore_mean	ok
MSCCR_reGRID_132_Biopsy_266	GSE193677	-0.7272625438079613	-0.5028275214902822	-0.9595186153765616	-0.71944149455704	signed_within_dataset_zscore_mean	ok
MSCCR_reGRID_132_Biopsy_267	GSE193677	-0.09500121620443276	0.14323009718239632	-0.0034586378075859014	-0.42477510798810875	signed_within_dataset_zscore_mean	ok
MSCCR_reGRID_1330_Biopsy_2066	GSE193677	-0.5531971629847572	0.014675730109762508	-1.1153197087937003	-0.5589475102703337	signed_within_dataset_zscore_mean	ok
MSCCR_reGRID_1330_Biopsy_2067	GSE193677	-0.38215301867918106	0.03699706120073271	-0.5625560213724321	-0.6209000958658438	signed_within_dataset_zscore_mean	ok
MSCCR_reGRID_1331_Biopsy_2068	GSE193677	-0.596318165841764	-0.3561836392591176	-0.7843825870079213	-0.6483882712582532	signed_within_dataset_zscore_mean	ok
MSCCR_reGRID_1331_Biopsy_2069	GSE193677	-0.09126723690729462	0.5969507949406683	0.35714998633171813	-1.2279024919942703	signed_within_dataset_zscore_mean	ok
MSCCR_reGRID_1332_Biopsy_2070	GSE193677	-0.7666932828826823	-0.24372106277828842	-0.99240487103741	-1.063953914832349	signed_within_dataset_zscore_mean	ok
MSCCR_reGRID_1332_Biopsy_2071	GSE193677	0.16076757972190417	0.5956535706137515	-0.06657703356102251	-0.04677379788701649	signed_within_dataset_zscore_mean	ok
MSCCR_reGRID_1333_Biopsy_2072	GSE193677	-0.20538206234368503	-0.11932825006373386	-0.7102242847988784	0.2134063478315572	signed_within_dataset_zscore_mean	ok
MSCCR_reGRID_1333_Biopsy_2073	GSE193677	-0.386293879450816	0.2115740431882927	-0.7809042386325015	-0.5895514429082394	signed_within_dataset_zscore_mean	ok
MSCCR_reGRID_1335_Biopsy_2074	GSE193677	-0.5376125267121493	-0.808740820969857	-0.35770127693665676	-0.44639548222993436	signed_within_dataset_zscore_mean	ok
MSCCR_reGRID_1335_Biopsy_2075	GSE193677	-0.7699678376675987	-0.4787438129072754	-1.0370745808771713	-0.7940851192183495	signed_within_dataset_zscore_mean	ok
MSCCR_reGRID_1337_Biopsy_2076	GSE193677	-0.042253600176914784	-0.14164544866545667	-0.37577499621381294	0.3906596443485253	signed_within_dataset_zscore_mean	ok
MSCCR_reGRID_1339_Biopsy_2077	GSE193677	-0.18532652016470016	0.3403011032317225	-0.5854037435939976	-0.31087692013182533	signed_within_dataset_zscore_mean	ok
MSCCR_reGRID_1339_Biopsy_2078	GSE193677	-0.3489107112276442	0.35184438604619295	-0.6210575729024466	-0.777518946826679	signed_within_dataset_zscore_mean	ok
MSCCR_reGRID_133_Biopsy_268	GSE193677	-0.7272097949132398	-0.49597111813188216	-0.7582247164895858	-0.9274335501182515	signed_within_dataset_zscore_mean	ok
MSCCR_reGRID_133_Biopsy_269	GSE193677	0.5764969840761219	-0.3810960257020528	1.0082992603969523	1.1022877175334662	signed_within_dataset_zscore_mean	ok
MSCCR_reGRID_1340_Biopsy_2079	GSE193677	-0.40955880265756117	-0.326821278802376	-0.7347598942967322	-0.16709523487357517	signed_within_dataset_zscore_mean	ok
MSCCR_reGRID_1340_Biopsy_2080	GSE193677	-0.4091893903245285	0.19536204031600587	-1.0471874225911142	-0.3757427886984772	signed_within_dataset_zscore_mean	ok
MSCCR_reGRID_1341_Biopsy_2081	GSE193677	0.33182752523807113	0.5555439605486395	-0.14955893048542984	0.5894975456510038	signed_within_dataset_zscore_mean	ok
MSCCR_reGRID_1342_Biopsy_2082	GSE193677	-0.5288244003782229	-0.8801464422465024	0.35764885090319243	-1.0639756097913589	signed_within_dataset_zscore_mean	ok
MSCCR_reGRID_1343_Biopsy_2083	GSE193677	1.1168151168207683	0.7658888294433108	0.6393675499946225	1.9451889710243713	signed_within_dataset_zscore_mean	ok
MSCCR_reGRID_1344_Biopsy_2084	GSE193677	-0.15420543059779124	-0.2134107659302141	-0.47561704444519287	0.22641151858203323	signed_within_dataset_zscore_mean	ok
MSCCR_reGRID_1344_Biopsy_2085	GSE193677	-0.8308856413819713	-0.5144128894467597	-1.0415591897710847	-0.9366848449280692	signed_within_dataset_zscore_mean	ok
MSCCR_reGRID_1345_Biopsy_2086	GSE193677	1.4711854778326507	0.781008430226899	2.0069948328311287	1.6255531704399246	signed_within_dataset_zscore_mean	ok
MSCCR_reGRID_1345_Biopsy_2087	GSE193677	0.157267881595406	0.6333582016054533	-0.4290818259987069	0.2675272691794716	signed_within_dataset_zscore_mean	ok
MSCCR_reGRID_1346_Biopsy_2088	GSE193677	-0.35422537200465465	-0.4620024384991531	-0.12739197289745668	-0.4732817046173541	signed_within_dataset_zscore_mean	ok
MSCCR_reGRID_1346_Biopsy_2089	GSE193677	-0.28150784022250647	0.018421403009761396	-0.29176680958941403	-0.5711781140878668	signed_within_dataset_zscore_mean	ok
MSCCR_reGRID_1348_Biopsy_2090	GSE193677	-0.502111013664857	-0.2730396747257449	-0.9181857157106874	-0.31510765055813866	signed_within_dataset_zscore_mean	ok
MSCCR_reGRID_1348_Biopsy_2091	GSE193677	-0.798287327370809	-0.7259435803567019	-1.0235159200319663	-0.6454024817237588	signed_within_dataset_zscore_mean	ok
MSCCR_reGRID_1349_Biopsy_2092	GSE193677	0.07523646657673283	0.6229243398895312	-0.4806406087209691	0.08342566856163636	signed_within_dataset_zscore_mean	ok
MSCCR_reGRID_1349_Biopsy_2093	GSE193677	-0.7444400345001648	-0.8426435326810022	-1.0025709716961744	-0.3881055991233178	signed_within_dataset_zscore_mean	ok
MSCCR_reGRID_134_Biopsy_270	GSE193677	0.05042141282973262	0.2732144304848647	-0.36755517073111715	0.2456049787354503	signed_within_dataset_zscore_mean	ok
MSCCR_reGRID_134_Biopsy_271	GSE193677	-0.15220685958655314	-0.21428473989923025	-0.555847193558644	0.31351135469821484	signed_within_dataset_zscore_mean	ok
MSCCR_reGRID_1351_Biopsy_2094	GSE193677	0.18907776501553406	0.1641730954952358	-0.35481549433477155	0.7578756938861378	signed_within_dataset_zscore_mean	ok
MSCCR_reGRID_1351_Biopsy_2095	GSE193677	-0.5919126031387102	-0.4068901097250318	-0.3640442537624774	-1.0048034459286215	signed_within_dataset_zscore_mean	ok
MSCCR_reGRID_1352_Biopsy_2096	GSE193677	-0.005467621238748573	0.4098981617825018	-0.9137866047825227	0.48748557928377517	signed_within_dataset_zscore_mean	ok
MSCCR_reGRID_1353_Biopsy_2097	GSE193677	0.31565925694675706	0.030593075499630307	0.6918770851573429	0.224507610183298	signed_within_dataset_zscore_mean	ok
MSCCR_reGRID_1353_Biopsy_2098	GSE193677	-0.297514590984277	0.12081464543715892	-0.07939502155931319	-0.9339633968306768	signed_within_dataset_zscore_mean	ok
MSCCR_reGRID_1354_Biopsy_2099	GSE193677	1.179856075238814	0.24134341704681644	1.7883802811974998	1.5098445274721257	signed_within_dataset_zscore_mean	ok
MSCCR_reGRID_1354_Biopsy_2100	GSE193677	0.04285157792577221	-0.4333516539118252	0.006306642495654291	0.5555997451934875	signed_within_dataset_zscore_mean	ok
MSCCR_reGRID_1355_Biopsy_2101	GSE193677	0.10727086190049191	-0.08463802686809097	0.2493676095823834	0.15708300298718328	signed_within_dataset_zscore_mean	ok
MSCCR_reGRID_1355_Biopsy_2102	GSE193677	-0.22578328980837112	0.17000844096960463	-0.7323616115842558	-0.11499669881046219	signed_within_dataset_zscore_mean	ok
MSCCR_reGRID_1356_Biopsy_2103	GSE193677	-0.29759895966480626	0.22831206715450786	-0.022938105311344527	-1.098170840837582	signed_within_dataset_zscore_mean	ok
MSCCR_reGRID_1356_Biopsy_2104	GSE193677	-0.4480319458115806	-0.4685881722814331	-0.8355918805236415	-0.03991578462966705	signed_within_dataset_zscore_mean	ok
MSCCR_reGRID_1357_Biopsy_2105	GSE193677	0.013992374244700937	0.3764534474948248	0.061756655702505284	-0.39623298046322725	signed_within_dataset_zscore_mean	ok
MSCCR_reGRID_1357_Biopsy_2106	GSE193677	-0.6647884318038965	-0.21457303677526887	-0.6794351823697227	-1.1003570762666979	signed_within_dataset_zscore_mean	ok
MSCCR_reGRID_1359_Biopsy_2107	GSE193677	-0.21556619385536868	-0.34025499500553796	-0.32927488944206096	0.022831302881492894	signed_within_dataset_zscore_mean	ok
MSCCR_reGRID_1359_Biopsy_2108	GSE193677	-1.0139708151121385	-0.9768943451362715	-0.8069837351283073	-1.2580343650718366	signed_within_dataset_zscore_mean	ok
MSCCR_reGRID_1360_Biopsy_2109	GSE193677	-1.260887292863709	-0.9282358019434691	-1.2135541209280123	-1.6408719557196452	signed_within_dataset_zscore_mean	ok
MSCCR_reGRID_1360_Biopsy_2110	GSE193677	-0.32704401162294605	0.11648195710049052	-0.4663713563391063	-0.6312426356302224	signed_within_dataset_zscore_mean	ok
MSCCR_reGRID_1361_Biopsy_2111	GSE193677	-0.057741543660778216	0.14835227371398357	-0.8833261132117949	0.5617492085154767	signed_within_dataset_zscore_mean	ok
MSCCR_reGRID_1361_Biopsy_2112	GSE193677	-0.20254084743735046	0.07205571823183439	-0.5875986074412936	-0.09207965310259225	signed_within_dataset_zscore_mean	ok
MSCCR_reGRID_1362_Biopsy_2113	GSE193677	0.302355403622179	0.11858867712930414	0.026398752468602727	0.7620787812686302	signed_within_dataset_zscore_mean	ok
MSCCR_reGRID_1362_Biopsy_2114	GSE193677	0.15601836507087838	0.1635286714118409	0.7713584803743517	-0.46683205657355753	signed_within_dataset_zscore_mean	ok
MSCCR_reGRID_1362_Biopsy_2115	GSE193677	1.279974377960566	0.5550077022621279	1.9702863965365007	1.3146290350830692	signed_within_dataset_zscore_mean	ok
MSCCR_reGRID_1363_Biopsy_2116	GSE193677	-0.1838210461243002	0.2548307226440925	-0.45086181575577305	-0.3554320452612201	signed_within_dataset_zscore_mean	ok
MSCCR_reGRID_1363_Biopsy_2117	GSE193677	0.5816454336764806	-0.018594627140023624	0.319173044411673	1.4443578837577926	signed_within_dataset_zscore_mean	ok
MSCCR_reGRID_1364_Biopsy_2118	GSE193677	-0.26742193388897856	0.2995802333063223	-0.6037442508524722	-0.4981017841207858	signed_within_dataset_zscore_mean	ok
MSCCR_reGRID_1364_Biopsy_2119	GSE193677	0.18480650493712783	0.5975844965678341	-0.1560776986280285	0.11291271687157793	signed_within_dataset_zscore_mean	ok
MSCCR_reGRID_1365_Biopsy_2120	GSE193677	-0.4331127599739144	0.1745984143545743	-0.7100735121948513	-0.7638631820814664	signed_within_dataset_zscore_mean	ok
MSCCR_reGRID_1365_Biopsy_2121	GSE193677	0.01564679835261686	0.23987511752424445	-0.4860191003337828	0.29308437786738895	signed_within_dataset_zscore_mean	ok
MSCCR_reGRID_1366_Biopsy_2122	GSE193677	0.32312979017350246	0.8343164795221055	-0.28306890346490304	0.41814179446330496	signed_within_dataset_zscore_mean	ok
MSCCR_reGRID_1366_Biopsy_2123	GSE193677	0.6233011643370941	0.6061143195693122	0.5586250706450706	0.7051641027968995	signed_within_dataset_zscore_mean	ok
MSCCR_reGRID_1366_Biopsy_2124	GSE193677	0.9303303888658184	0.505974763939651	0.6533597690638864	1.631656633593918	signed_within_dataset_zscore_mean	ok
MSCCR_reGRID_1367_Biopsy_2125	GSE193677	0.16420743383861283	0.3971351807890445	0.2610676194008015	-0.1655804986740074	signed_within_dataset_zscore_mean	ok
MSCCR_reGRID_1367_Biopsy_2126	GSE193677	0.4184623364681373	-0.27112195770021996	1.8040401621459459	-0.2775311950413139	signed_within_dataset_zscore_mean	ok
MSCCR_reGRID_1369_Biopsy_2127	GSE193677	0.20201740985295558	0.35023539669486947	-0.6291694370221144	0.8849862698861116	signed_within_dataset_zscore_mean	ok
MSCCR_reGRID_1369_Biopsy_2128	GSE193677	-0.1995657944844392	0.3852382269679153	-0.34390062742579863	-0.6400349829954343	signed_within_dataset_zscore_mean	ok
MSCCR_reGRID_1369_Biopsy_2129	GSE193677	-0.16445927681767158	-0.09648640221764762	-0.10058200961261687	-0.2963094186227503	signed_within_dataset_zscore_mean	ok
MSCCR_reGRID_136_Biopsy_272	GSE193677	0.01580458009933594	0.4111362445871096	0.05900578770412577	-0.4227282919932276	signed_within_dataset_zscore_mean	ok
MSCCR_reGRID_136_Biopsy_273	GSE193677	-0.3635666104575474	-0.0803142239171037	-0.7745960119136168	-0.23578959554192147	signed_within_dataset_zscore_mean	ok
MSCCR_reGRID_136_Biopsy_274	GSE193677	-0.28828201924879776	0.2219557792072806	-1.1133682788653094	0.026566441911635597	signed_within_dataset_zscore_mean	ok
MSCCR_reGRID_1370_Biopsy_2130	GSE193677	0.17230592638465403	0.18585292671593914	-0.21596875303987603	0.5470336054778989	signed_within_dataset_zscore_mean	ok
MSCCR_reGRID_1370_Biopsy_2131	GSE193677	-0.7382973517575543	0.17936683769429806	-1.5145986432486436	-0.8796602497183175	signed_within_dataset_zscore_mean	ok
MSCCR_reGRID_1372_Biopsy_2132	GSE193677	0.7262183399722882	0.5204360385200537	0.4567946085461415	1.2014243728506695	signed_within_dataset_zscore_mean	ok
MSCCR_reGRID_1372_Biopsy_2133	GSE193677	-0.18099846379431614	0.27993379838015525	-0.3452138655475715	-0.47771532421553214	signed_within_dataset_zscore_mean	ok
MSCCR_reGRID_1373_Biopsy_2134	GSE193677	0.6039859513694854	0.6692518461755517	-0.1329978184608589	1.2757038263937635	signed_within_dataset_zscore_mean	ok
MSCCR_reGRID_1373_Biopsy_2135	GSE193677	0.530817824508336	1.1131969710647542	0.31953352212930336	0.15972298033095064	signed_within_dataset_zscore_mean	ok
MSCCR_reGRID_1374_Biopsy_2136	GSE193677	-0.8226004026936754	-0.3361782701318595	-0.9899092428729018	-1.141713695076265	signed_within_dataset_zscore_mean	ok
MSCCR_reGRID_1374_Biopsy_2137	GSE193677	-0.05829844235415482	-0.024990601948336733	0.14148317459809098	-0.29138789971221873	signed_within_dataset_zscore_mean	ok
MSCCR_reGRID_1375_Biopsy_2138	GSE193677	-0.39976864166287124	-0.6778212468619179	-0.15722489270241663	-0.3642597854242792	signed_within_dataset_zscore_mean	ok
MSCCR_reGRID_1376_Biopsy_2139	GSE193677	-0.7339123706929606	-0.2010652172104673	-0.7387226740105417	-1.2619492208578726	signed_within_dataset_zscore_mean	ok
MSCCR_reGRID_1376_Biopsy_2140	GSE193677	-0.4568833359299293	-0.614431350013016	-0.455662375835736	-0.30055628194103584	signed_within_dataset_zscore_mean	ok
MSCCR_reGRID_1377_Biopsy_2141	GSE193677	-0.05419037629062191	0.04869988046634841	-0.19495056019108273	-0.016320449147131415	signed_within_dataset_zscore_mean	ok
MSCCR_reGRID_1377_Biopsy_2142	GSE193677	0.013913237783159121	0.23922020786314188	-0.2735585951634195	0.076078100649755	signed_within_dataset_zscore_mean	ok
MSCCR_reGRID_1378_Biopsy_2143	GSE193677	-0.6231365595127718	-0.3542425883408643	-0.6141417191746683	-0.9010253710227829	signed_within_dataset_zscore_mean	ok
MSCCR_reGRID_1378_Biopsy_2144	GSE193677	0.15881216084385055	0.18248776990919452	-0.06380917306774134	0.3577578856900985	signed_within_dataset_zscore_mean	ok
MSCCR_reGRID_1379_Biopsy_2145	GSE193677	-0.16385240072772664	0.03730089686320277	0.07205061355144035	-0.6009087125978231	signed_within_dataset_zscore_mean	ok
MSCCR_reGRID_1379_Biopsy_2146	GSE193677	0.03641156990014701	-0.17643992934192484	-0.05496958274364403	0.3406442217860099	signed_within_dataset_zscore_mean	ok
MSCCR_reGRID_137_Biopsy_275	GSE193677	0.03521755386943831	0.12040527135834059	0.046843652510091205	-0.061596262260116864	signed_within_dataset_zscore_mean	ok
MSCCR_reGRID_1382_Biopsy_2147	GSE193677	0.72027783561732	0.36452838906528706	0.47179159312393093	1.324513524662742	signed_within_dataset_zscore_mean	ok
MSCCR_reGRID_1382_Biopsy_2148	GSE193677	-0.5709247951794133	-0.8073625622373262	-0.28223445515159884	-0.6231773681493152	signed_within_dataset_zscore_mean	ok
MSCCR_reGRID_1385_Biopsy_2149	GSE193677	0.5963473369529773	0.5188029141159809	0.49444900788189533	0.7757900888610556	signed_within_dataset_zscore_mean	ok
MSCCR_reGRID_1386_Biopsy_2150	GSE193677	0.010022480626606755	0.22424073101209308	-0.24392757230021694	0.049754283167944134	signed_within_dataset_zscore_mean	ok
MSCCR_reGRID_1386_Biopsy_2151	GSE193677	-0.4745851919213629	0.024571087907587268	-0.9573490375101678	-0.49097762616150814	signed_within_dataset_zscore_mean	ok
MSCCR_reGRID_1387_Biopsy_2152	GSE193677	-0.21500704566674048	0.4409806684366318	-0.8258232948626768	-0.26017851057417646	signed_within_dataset_zscore_mean	ok
MSCCR_reGRID_1387_Biopsy_2153	GSE193677	-0.21958723715318093	0.16041695196384942	-0.6766826269187549	-0.14249603650463727	signed_within_dataset_zscore_mean	ok
MSCCR_reGRID_1388_Biopsy_2154	GSE193677	0.1980657499817092	0.17356324193201814	-0.09266302672785842	0.5132970347409679	signed_within_dataset_zscore_mean	ok
MSCCR_reGRID_1388_Biopsy_2155	GSE193677	-0.3658122035964299	0.1524112634352796	-0.8707589798721287	-0.3790888943524406	signed_within_dataset_zscore_mean	ok
MSCCR_reGRID_1389_Biopsy_2156	GSE193677	0.46812428789495836	0.7765945770533011	0.29653639491734773	0.33124189171422624	signed_within_dataset_zscore_mean	ok
MSCCR_reGRID_1389_Biopsy_2157	GSE193677	-0.8906071253807545	-0.5443923306704084	-0.9298197350733203	-1.1976093103985346	signed_within_dataset_zscore_mean	ok
MSCCR_reGRID_138_Biopsy_276	GSE193677	-0.17978465690869597	0.21149068003891075	-0.4081385987492946	-0.34270605201570414	signed_within_dataset_zscore_mean	ok
MSCCR_reGRID_138_Biopsy_277	GSE193677	-0.5526382223185716	-0.12241067255720042	-0.23208374051277966	-1.3034202538857347	signed_within_dataset_zscore_mean	ok
MSCCR_reGRID_138_Biopsy_278	GSE193677	0.3595713762183568	0.647662959806304	-0.09338887673347165	0.5244400455822379	signed_within_dataset_zscore_mean	ok
MSCCR_reGRID_1390_Biopsy_2158	GSE193677	-0.39930846751011084	-0.09299169472597657	-1.0344416195602177	-0.07049208824413829	signed_within_dataset_zscore_mean	ok
MSCCR_reGRID_1390_Biopsy_2159	GSE193677	-0.7198139253574986	-0.9672189920058217	-0.8719519999498726	-0.3202707841168015	signed_within_dataset_zscore_mean	ok
MSCCR_reGRID_1391_Biopsy_2160	GSE193677	0.13041098952535365	0.7155692796086315	0.23309136663377933	-0.5574276776663498	signed_within_dataset_zscore_mean	ok
MSCCR_reGRID_1391_Biopsy_2161	GSE193677	-0.6464261080001816	-0.9037041849540965	-0.15496241831836052	-0.8806117207280878	signed_within_dataset_zscore_mean	ok
MSCCR_reGRID_1392_Biopsy_2162	GSE193677	-0.5781885890616442	-0.037558885185401375	-0.9944087747230059	-0.702598107276525	signed_within_dataset_zscore_mean	ok
MSCCR_reGRID_1392_Biopsy_2163	GSE193677	-0.25742691372411053	-0.37307513186391794	-0.5724924796191228	0.17328687031070913	signed_within_dataset_zscore_mean	ok
MSCCR_reGRID_1393_Biopsy_2164	GSE193677	-0.9084437074626225	-0.4240062837302497	-0.9554259975647146	-1.3458988410929036	signed_within_dataset_zscore_mean	ok
MSCCR_reGRID_1393_Biopsy_2165	GSE193677	0.012501643516194946	0.07859714508832702	-0.6582166854199418	0.6171244708801996	signed_within_dataset_zscore_mean	ok
MSCCR_reGRID_1394_Biopsy_2166	GSE193677	-0.7271238328239527	-0.3311032386440402	-0.8987377761485975	-0.9515304836792202	signed_within_dataset_zscore_mean	ok
MSCCR_reGRID_1395_Biopsy_2167	GSE193677	0.28127699865959904	-0.0686938104591369	-0.014641157453517373	0.9271659638914515	signed_within_dataset_zscore_mean	ok
MSCCR_reGRID_1396_Biopsy_2168	GSE193677	-0.2858410222003937	-0.33531951352295486	-0.19099751759205735	-0.33120603548616884	signed_within_dataset_zscore_mean	ok
MSCCR_reGRID_1398_Biopsy_2169	GSE193677	-0.5738762324930801	-0.9530847914523948	-0.3669536762802131	-0.40159022974663233	signed_within_dataset_zscore_mean	ok
MSCCR_reGRID_1398_Biopsy_2170	GSE193677	-0.8477224713602766	-0.4231050983004132	-1.234599971571851	-0.8854623442085652	signed_within_dataset_zscore_mean	ok
MSCCR_reGRID_1398_Biopsy_2171	GSE193677	-0.43013053719043864	0.1965747342211041	-0.6698094129966561	-0.8171569327957638	signed_within_dataset_zscore_mean	ok
MSCCR_reGRID_1399_Biopsy_2172	GSE193677	-0.05739189803784308	0.3580286866278307	-0.4116583713668648	-0.11854600937449515	signed_within_dataset_zscore_mean	ok
MSCCR_reGRID_139_Biopsy_279	GSE193677	0.6378768453594015	0.06407751454945296	1.0199082796937955	0.8296447418349561	signed_within_dataset_zscore_mean	ok
MSCCR_reGRID_139_Biopsy_280	GSE193677	0.031820346066014464	-0.3564304082726121	0.5433772967673379	-0.09148585029668245	signed_within_dataset_zscore_mean	ok
MSCCR_reGRID_139_Biopsy_281	GSE193677	-0.23127983686091058	-0.3305902697624016	-0.003030645825120093	-0.36021859499521014	signed_within_dataset_zscore_mean	ok
MSCCR_reGRID_13_Biopsy_25	GSE193677	-0.3455113088011308	-0.5110132416858815	-0.7450581536775882	0.2195374689600773	signed_within_dataset_zscore_mean	ok
MSCCR_reGRID_13_Biopsy_26	GSE193677	-0.6237003998870655	-0.269180773630446	-0.9644473474779405	-0.6374730785528101	signed_within_dataset_zscore_mean	ok
MSCCR_reGRID_13_Biopsy_27	GSE193677	-0.5795342440910259	-0.3204102177388964	-0.43016074075827104	-0.9880317737759107	signed_within_dataset_zscore_mean	ok
MSCCR_reGRID_1400_Biopsy_2173	GSE193677	-0.1468542603749096	0.2559910412642593	-0.39619099625508947	-0.30036282613389864	signed_within_dataset_zscore_mean	ok
MSCCR_reGRID_1400_Biopsy_2174	GSE193677	-0.679654082839996	-0.5086603767649901	-0.7846085365750087	-0.7456933351799891	signed_within_dataset_zscore_mean	ok
MSCCR_reGRID_1401_Biopsy_2175	GSE193677	-1.1728844214786893	-1.2588551148212193	-1.0479718283682347	-1.2118263212466147	signed_within_dataset_zscore_mean	ok
MSCCR_reGRID_1401_Biopsy_2176	GSE193677	-0.3307538949481895	0.05951449739299253	-0.40033972019899167	-0.6514364620385694	signed_within_dataset_zscore_mean	ok
MSCCR_reGRID_1404_Biopsy_2177	GSE193677	0.32405359729360034	0.3795728189733919	0.0461378097190861	0.546450163188323	signed_within_dataset_zscore_mean	ok
MSCCR_reGRID_1404_Biopsy_2178	GSE193677	-0.3308199331498169	0.3620161045512364	-0.2994847793800076	-1.0549911246206793	signed_within_dataset_zscore_mean	ok
MSCCR_reGRID_1405_Biopsy_2179	GSE193677	0.21014157491772964	0.5329262580157887	0.5204027126484603	-0.4229042459110602	signed_within_dataset_zscore_mean	ok
MSCCR_reGRID_1405_Biopsy_2180	GSE193677	0.05857414278129735	0.23884801224102695	-0.3631666528010178	0.3000410689038829	signed_within_dataset_zscore_mean	ok
MSCCR_reGRID_1405_Biopsy_2181	GSE193677	0.36334628317397805	0.2390603778052359	0.3196063289628538	0.5313721427538445	signed_within_dataset_zscore_mean	ok
MSCCR_reGRID_1406_Biopsy_2182	GSE193677	-0.6069878772566354	-0.7769418397549233	-0.6581039740309614	-0.38591781798402147	signed_within_dataset_zscore_mean	ok
MSCCR_reGRID_1406_Biopsy_2183	GSE193677	0.109314102930208	0.37189842796658923	-1.0421813176593049	0.9982251984833397	signed_within_dataset_zscore_mean	ok
MSCCR_reGRID_1406_Biopsy_2184	GSE193677	0.3165537004775143	-0.01817985901633586	0.6926241765122013	0.27521678393667753	signed_within_dataset_zscore_mean	ok
MSCCR_reGRID_1408_Biopsy_2185	GSE193677	0.36285823256881716	0.13405594914561259	0.5780301507795025	0.3764885977813364	signed_within_dataset_zscore_mean	ok
MSCCR_reGRID_1408_Biopsy_2186	GSE193677	-0.2642652448421567	-0.215746992175243	-0.8361598023588893	0.2591110600076623	signed_within_dataset_zscore_mean	ok
MSCCR_reGRID_1409_Biopsy_2187	GSE193677	-0.371584861741892	-0.3631382705006362	-0.9388302539801057	0.18721393925506594	signed_within_dataset_zscore_mean	ok
MSCCR_reGRID_1409_Biopsy_2188	GSE193677	0.2928499270783245	-0.18049039285311652	0.9955372339566624	0.0635029401314278	signed_within_dataset_zscore_mean	ok
MSCCR_reGRID_1409_Biopsy_2189	GSE193677	2.344807813654862	1.0192837947228819	3.0098451788226437	3.0052944674190614	signed_within_dataset_zscore_mean	ok
MSCCR_reGRID_1415_Biopsy_2190	GSE193677	0.428407620390169	0.42145435582605584	0.5300680423716599	0.33370046297279127	signed_within_dataset_zscore_mean	ok
MSCCR_reGRID_1415_Biopsy_2191	GSE193677	0.14911770373210556	0.5666123176347704	-0.0524825857324799	-0.06677662070597383	signed_within_dataset_zscore_mean	ok
MSCCR_reGRID_1415_Biopsy_2192	GSE193677	-0.071565899408871	-0.07910626672439147	0.21703103415774158	-0.3526224656599631	signed_within_dataset_zscore_mean	ok
MSCCR_reGRID_1416_Biopsy_2193	GSE193677	-0.5405656028594432	-0.5783822927096979	-0.7929399845835097	-0.25037453128512194	signed_within_dataset_zscore_mean	ok
MSCCR_reGRID_1417_Biopsy_2194	GSE193677	-0.4498862341466346	-0.08442021594021568	-0.623551379955608	-0.64168710654408	signed_within_dataset_zscore_mean	ok
MSCCR_reGRID_1418_Biopsy_2195	GSE193677	1.1721270539140125	0.41834377204259054	1.1560343787716882	1.9420030109277586	signed_within_dataset_zscore_mean	ok
MSCCR_reGRID_1418_Biopsy_2196	GSE193677	-0.5569191821825666	-0.2911936778960679	-0.4071266168041078	-0.9724372518475244	signed_within_dataset_zscore_mean	ok
MSCCR_reGRID_141_Biopsy_282	GSE193677	-0.08094782223502095	-0.18466064499229434	-0.2719308804511585	0.21374805873838998	signed_within_dataset_zscore_mean	ok
MSCCR_reGRID_141_Biopsy_283	GSE193677	-0.2654029961681667	-0.06781477167307526	-0.587782638961846	-0.14061157786957892	signed_within_dataset_zscore_mean	ok
MSCCR_reGRID_1420_Biopsy_2197	GSE193677	0.43300025017538374	1.4410089456018285	-0.9688117112345591	0.8268035161588818	signed_within_dataset_zscore_mean	ok
MSCCR_reGRID_1421_Biopsy_2198	GSE193677	-0.2502607770974756	-0.19925425201742444	-0.38701421605485287	-0.16451386322014946	signed_within_dataset_zscore_mean	ok
MSCCR_reGRID_1421_Biopsy_2199	GSE193677	-0.19087275075828347	-0.29958982715659166	-0.05291606513842342	-0.22011235997983536	signed_within_dataset_zscore_mean	ok
MSCCR_reGRID_1421_Biopsy_2200	GSE193677	0.03940350603992071	-0.05072074663180752	0.23057436268284165	-0.06164309793127198	signed_within_dataset_zscore_mean	ok
MSCCR_reGRID_1423_Biopsy_2201	GSE193677	-0.30027982142985304	0.03289725330625837	-0.04480468758932852	-0.8889320300064889	signed_within_dataset_zscore_mean	ok
MSCCR_reGRID_1423_Biopsy_2202	GSE193677	0.18349278838140526	-0.03312049267467532	1.0322330116762681	-0.448634153857377	signed_within_dataset_zscore_mean	ok
MSCCR_reGRID_1423_Biopsy_2203	GSE193677	-0.1419144183383668	-0.5275701502134124	0.31063095143076025	-0.20880405623244824	signed_within_dataset_zscore_mean	ok
MSCCR_reGRID_1424_Biopsy_2204	GSE193677	-0.35600083823874457	-0.8692707138551932	0.06978488846230894	-0.26851668932334943	signed_within_dataset_zscore_mean	ok
MSCCR_reGRID_1425_Biopsy_2205	GSE193677	-0.5985851986400793	-0.24570062548459148	-0.7546458027513471	-0.795409167684299	signed_within_dataset_zscore_mean	ok
MSCCR_reGRID_1425_Biopsy_2206	GSE193677	-0.5272399364758283	-1.3580235035962667	0.7446081455199703	-0.9683044513511887	signed_within_dataset_zscore_mean	ok
MSCCR_reGRID_1427_Biopsy_2207	GSE193677	-0.6040440241584855	-0.19344339371959815	-0.863804392337974	-0.7548842864178843	signed_within_dataset_zscore_mean	ok
MSCCR_reGRID_1427_Biopsy_2208	GSE193677	0.11106331032191258	0.3100374518935841	0.0916808902796188	-0.06852841120746515	signed_within_dataset_zscore_mean	ok
MSCCR_reGRID_1427_Biopsy_2209	GSE193677	-0.004924844807472915	-0.15552601798324034	0.2154546798904943	-0.0747031963296727	signed_within_dataset_zscore_mean	ok
MSCCR_reGRID_1429_Biopsy_2210	GSE193677	-0.5801168174607988	-0.34104868439227914	-0.9498783491889083	-0.449423418801209	signed_within_dataset_zscore_mean	ok
MSCCR_reGRID_1429_Biopsy_2211	GSE193677	0.712345230756955	0.41457450182478645	0.9554562527453884	0.7670049377006903	signed_within_dataset_zscore_mean	ok
MSCCR_reGRID_1429_Biopsy_2212	GSE193677	-0.16107861428634396	0.41736662414325226	-0.6076798771885203	-0.2929225898137638	signed_within_dataset_zscore_mean	ok
MSCCR_reGRID_1433_Biopsy_2213	GSE193677	-0.4803452360552032	0.07302805776009617	-0.43641147905835	-1.0776522868673557	signed_within_dataset_zscore_mean	ok
MSCCR_reGRID_1433_Biopsy_2214	GSE193677	0.49821862403018397	0.10819965588645183	0.7807360013404439	0.6057202148636561	signed_within_dataset_zscore_mean	ok
MSCCR_reGRID_1434_Biopsy_2215	GSE193677	-1.4459608775871562	-2.007178500389789	-0.31865380313682146	-2.0120503292348584	signed_within_dataset_zscore_mean	ok
MSCCR_reGRID_1435_Biopsy_2216	GSE193677	-0.3851842628724	-0.05687542794478238	-0.3959805976359408	-0.7026967630364767	signed_within_dataset_zscore_mean	ok
MSCCR_reGRID_1435_Biopsy_2217	GSE193677	0.10229947333386451	0.18724071834176864	-0.14709489976390996	0.26675260142373486	signed_within_dataset_zscore_mean	ok
MSCCR_reGRID_1437_Biopsy_2218	GSE193677	-0.7180039524301014	-0.5460089186708043	-0.3788299711181461	-1.2291729675013539	signed_within_dataset_zscore_mean	ok
MSCCR_reGRID_1437_Biopsy_2219	GSE193677	-0.039636520584981606	0.2591960194126106	-0.49009605834217107	0.11199047717461563	signed_within_dataset_zscore_mean	ok
MSCCR_reGRID_1437_Biopsy_2220	GSE193677	0.985637492712771	0.45900264942726954	1.537041612438728	0.9608682162723151	signed_within_dataset_zscore_mean	ok
MSCCR_reGRID_1438_Biopsy_2221	GSE193677	2.643936643322188	0.7978896229087766	3.4242374818802297	3.7096828251775573	signed_within_dataset_zscore_mean	ok
MSCCR_reGRID_1438_Biopsy_2222	GSE193677	-0.4799321999643698	-0.8008783789191668	0.10954011237544128	-0.7484583333493839	signed_within_dataset_zscore_mean	ok
MSCCR_reGRID_1438_Biopsy_2223	GSE193677	-0.7846847087563065	-0.6662291302745011	-0.3917270907717289	-1.2960979052226893	signed_within_dataset_zscore_mean	ok
MSCCR_reGRID_143_Biopsy_284	GSE193677	-0.036998293789695165	-0.0608361202215965	-0.22728386595784592	0.1771251048103569	signed_within_dataset_zscore_mean	ok
MSCCR_reGRID_143_Biopsy_285	GSE193677	0.26589133338698595	1.167255181996717	-0.1616671748043807	-0.2079140070313783	signed_within_dataset_zscore_mean	ok
MSCCR_reGRID_143_Biopsy_286	GSE193677	-0.5812519723944968	-0.35440335093033126	-0.37036248028527646	-1.0189900859678824	signed_within_dataset_zscore_mean	ok
MSCCR_reGRID_1441_Biopsy_2224	GSE193677	-0.04386673802298704	-1.509900424841944	1.0283541787997075	0.3499460319732755	signed_within_dataset_zscore_mean	ok
MSCCR_reGRID_1441_Biopsy_2225	GSE193677	0.9148494628865068	0.17540091909831307	0.7974629222668549	1.7716845472943528	signed_within_dataset_zscore_mean	ok
MSCCR_reGRID_1441_Biopsy_2226	GSE193677	-0.9596735130670994	-0.5685081236685685	-0.1066104579892678	-2.2039019575434615	signed_within_dataset_zscore_mean	ok
MSCCR_reGRID_1442_Biopsy_2227	GSE193677	0.48484719518894476	0.26198468352014526	0.7095041638097778	0.48305273823691114	signed_within_dataset_zscore_mean	ok
MSCCR_reGRID_1445_Biopsy_2228	GSE193677	-0.1161046167347873	0.12839467633023283	-0.23265792068787355	-0.2440506058467212	signed_within_dataset_zscore_mean	ok
MSCCR_reGRID_1445_Biopsy_2229	GSE193677	0.4147902225575842	-1.010536838551261	1.5667002604280196	0.6882072457959941	signed_within_dataset_zscore_mean	ok
MSCCR_reGRID_1446_Biopsy_2230	GSE193677	-1.350369743399751	-1.58346356005782	-1.175191732006755	-1.2924539381346773	signed_within_dataset_zscore_mean	ok
MSCCR_reGRID_1446_Biopsy_2231	GSE193677	-0.5794278293752149	-1.6595804214785619	-0.031047829880680843	-0.0476552367664019	signed_within_dataset_zscore_mean	ok
MSCCR_reGRID_1447_Biopsy_2232	GSE193677	-0.32408018020012674	-0.48743751563607224	-0.40634273262434933	-0.07846029233995866	signed_within_dataset_zscore_mean	ok
MSCCR_reGRID_1448_Biopsy_2233	GSE193677	-0.599730434246038	-0.3306915073013868	-0.6252552740773188	-0.8432445213594084	signed_within_dataset_zscore_mean	ok
MSCCR_reGRID_1448_Biopsy_2234	GSE193677	-0.3463072492167191	-0.26627539911247433	-0.5725468902989046	-0.20009945823877842	signed_within_dataset_zscore_mean	ok
MSCCR_reGRID_1448_Biopsy_2235	GSE193677	-0.36159421450675744	-0.22850302557864408	0.14471379696822104	-1.0009934149098492	signed_within_dataset_zscore_mean	ok
MSCCR_reGRID_1449_Biopsy_2236	GSE193677	0.2902765308217921	-0.14412854356927543	0.9514703969890181	0.0634877390456337	signed_within_dataset_zscore_mean	ok
MSCCR_reGRID_1451_Biopsy_2237	GSE193677	-0.5135444451892677	0.03325895629384278	-0.7277652741308198	-0.8461270177308261	signed_within_dataset_zscore_mean	ok
MSCCR_reGRID_1451_Biopsy_2238	GSE193677	0.5675710630947789	0.8865359776178545	-0.061953666922332486	0.8781308785888147	signed_within_dataset_zscore_mean	ok
MSCCR_reGRID_1452_Biopsy_2239	GSE193677	-0.05736359931103115	-0.1935442435761862	0.26244106781316506	-0.24098762217007233	signed_within_dataset_zscore_mean	ok
MSCCR_reGRID_1454_Biopsy_2240	GSE193677	0.2071697594220906	-0.20223411803871247	0.741253747556864	0.08248964874812026	signed_within_dataset_zscore_mean	ok
MSCCR_reGRID_1455_Biopsy_2241	GSE193677	0.34690751416130045	0.184621466434775	0.6508591235583385	0.2052419524907878	signed_within_dataset_zscore_mean	ok
MSCCR_reGRID_1455_Biopsy_2242	GSE193677	0.2177434115806998	-0.2302011663400323	0.0017647938372429063	0.8816666072448888	signed_within_dataset_zscore_mean	ok
MSCCR_reGRID_1457_Biopsy_2243	GSE193677	0.1544977328759158	0.3668512505532503	0.3749723177722603	-0.2783303696977631	signed_within_dataset_zscore_mean	ok
MSCCR_reGRID_1458_Biopsy_2244	GSE193677	-0.4103485421001553	-0.2780096638459268	-0.04699138616493106	-0.906044576289608	signed_within_dataset_zscore_mean	ok
MSCCR_reGRID_1458_Biopsy_2245	GSE193677	0.400612122921864	-0.04872642481017437	0.6773688466747488	0.5731939469010175	signed_within_dataset_zscore_mean	ok
MSCCR_reGRID_145_Biopsy_287	GSE193677	0.24950481785035897	0.0069225558188074745	0.26946791823624194	0.4721239794960275	signed_within_dataset_zscore_mean	ok
MSCCR_reGRID_145_Biopsy_288	GSE193677	0.15555433405444608	-0.0888312266239921	-0.09494955083290804	0.6504437796202384	signed_within_dataset_zscore_mean	ok
MSCCR_reGRID_145_Biopsy_289	GSE193677	0.6247162770710807	0.31321742129604163	0.6626988154545668	0.8982325944626336	signed_within_dataset_zscore_mean	ok
MSCCR_reGRID_1463_Biopsy_2246	GSE193677	-0.9148637898600663	-0.6712839368857891	-1.0325938679950069	-1.0407135646994028	signed_within_dataset_zscore_mean	ok
MSCCR_reGRID_1464_Biopsy_2247	GSE193677	0.3280481638538238	-0.5193621872567722	0.3929381255322106	1.110568553286033	signed_within_dataset_zscore_mean	ok
MSCCR_reGRID_1464_Biopsy_2248	GSE193677	-0.8589206100737586	-0.35364190258424855	-1.1419890065615288	-1.081130921075499	signed_within_dataset_zscore_mean	ok
MSCCR_reGRID_1466_Biopsy_2249	GSE193677	-0.7185593942073861	-0.3104957606212941	-1.2591147008506258	-0.5860677211502381	signed_within_dataset_zscore_mean	ok
MSCCR_reGRID_1466_Biopsy_2250	GSE193677	1.0980202217013781	0.5930604079565214	1.5834220659110823	1.1175781912365303	signed_within_dataset_zscore_mean	ok
MSCCR_reGRID_1467_Biopsy_2251	GSE193677	0.24246273050915904	0.09768996354489387	0.17871872096866487	0.45097950701391837	signed_within_dataset_zscore_mean	ok
MSCCR_reGRID_1467_Biopsy_2252	GSE193677	-0.9144238765670526	-0.9101002162561539	-1.0482162914921904	-0.7849551219528136	signed_within_dataset_zscore_mean	ok
MSCCR_reGRID_1468_Biopsy_2253	GSE193677	0.08074312209933493	0.04884182148730272	-0.0704437794595055	0.26383132427020756	signed_within_dataset_zscore_mean	ok
MSCCR_reGRID_1468_Biopsy_2254	GSE193677	-0.07821794027727365	-0.055792801425068816	0.3135637170835898	-0.49242473649034196	signed_within_dataset_zscore_mean	ok
MSCCR_reGRID_1469_Biopsy_2255	GSE193677	0.3864912483976783	0.5191667650739865	0.6002809373604437	0.04002604275860452	signed_within_dataset_zscore_mean	ok
MSCCR_reGRID_146_Biopsy_290	GSE193677	0.5404308318332463	0.6785272221465917	-0.030406258693186507	0.9731715320463336	signed_within_dataset_zscore_mean	ok
MSCCR_reGRID_146_Biopsy_291	GSE193677	-0.06979064690090737	0.1916442584166678	-0.13842037203118682	-0.2625958270882031	signed_within_dataset_zscore_mean	ok
MSCCR_reGRID_146_Biopsy_292	GSE193677	-0.704586364235532	-0.3417921163072451	-0.7739163286200201	-0.9980506477793311	signed_within_dataset_zscore_mean	ok
MSCCR_reGRID_1470_Biopsy_2256	GSE193677	-0.2637162264228364	0.7084782345973523	-0.22901072904644248	-1.2706161848194188	signed_within_dataset_zscore_mean	ok
MSCCR_reGRID_1471_Biopsy_2257	GSE193677	-0.36151464188884014	0.29960154939073613	-0.8948805214684461	-0.4892649535888105	signed_within_dataset_zscore_mean	ok
MSCCR_reGRID_1472_Biopsy_2258	GSE193677	-0.09170422697803315	-0.37969689236223025	0.25348561697425664	-0.14890140554612588	signed_within_dataset_zscore_mean	ok
MSCCR_reGRID_1472_Biopsy_2259	GSE193677	-0.30521335795224236	0.4195500395786394	-0.8508453210910133	-0.4843447923443532	signed_within_dataset_zscore_mean	ok
MSCCR_reGRID_1476_Biopsy_2260	GSE193677	1.3421592056771534	0.9832647853589183	1.6079129791231566	1.4352998525493854	signed_within_dataset_zscore_mean	ok
MSCCR_reGRID_1476_Biopsy_2261	GSE193677	1.0929201314373866	0.10527286329095391	1.9130092562768322	1.260478274744374	signed_within_dataset_zscore_mean	ok
MSCCR_reGRID_1477_Biopsy_2262	GSE193677	-0.40030428748376795	-0.8252341486038063	0.11976627147199222	-0.49544498531949	signed_within_dataset_zscore_mean	ok
MSCCR_reGRID_1477_Biopsy_2263	GSE193677	-0.0707547528629355	-1.214894395357237	1.242595115276163	-0.23996497850773238	signed_within_dataset_zscore_mean	ok
MSCCR_reGRID_1477_Biopsy_2264	GSE193677	-0.3275929656262644	-0.49894580648997844	-0.2593721992062229	-0.22446089118259183	signed_within_dataset_zscore_mean	ok
MSCCR_reGRID_1479_Biopsy_2265	GSE193677	0.7654334400260292	0.257208459403101	1.0926578783483545	0.9464339823266322	signed_within_dataset_zscore_mean	ok
MSCCR_reGRID_1479_Biopsy_2266	GSE193677	-0.2270309293513266	-0.1145850383466928	-0.5004436821739909	-0.06606406753329608	signed_within_dataset_zscore_mean	ok
MSCCR_reGRID_147_Biopsy_293	GSE193677	0.6532134909340841	0.012552662087572709	1.1574277119772827	0.7896600987373971	signed_within_dataset_zscore_mean	ok
MSCCR_reGRID_147_Biopsy_294	GSE193677	-0.051228907881839446	0.36226191223901283	-0.15779709017385773	-0.3581515457106734	signed_within_dataset_zscore_mean	ok
MSCCR_reGRID_147_Biopsy_295	GSE193677	0.7522372154119018	-0.1842725161454072	2.0163320824138156	0.4246520799672974	signed_within_dataset_zscore_mean	ok
MSCCR_reGRID_1482_Biopsy_2267	GSE193677	-0.2749889808393712	0.2213273160190238	-0.40812020868300714	-0.6381740498541302	signed_within_dataset_zscore_mean	ok
MSCCR_reGRID_1482_Biopsy_2268	GSE193677	0.19857482370742519	-0.17303871975011173	0.24982092296520753	0.5189422679071798	signed_within_dataset_zscore_mean	ok
MSCCR_reGRID_1484_Biopsy_2269	GSE193677	0.1138496080878898	0.18276596754807914	0.16251773112741066	-0.0037348744118204102	signed_within_dataset_zscore_mean	ok
MSCCR_reGRID_1485_Biopsy_2270	GSE193677	-0.5079610027333082	-0.4107375972812787	-0.7699922106837173	-0.34315320023492873	signed_within_dataset_zscore_mean	ok
MSCCR_reGRID_1485_Biopsy_2271	GSE193677	-0.7016232776322865	-0.0160594147908134	-1.1232784814070205	-0.9655319366990257	signed_within_dataset_zscore_mean	ok
MSCCR_reGRID_1486_Biopsy_2272	GSE193677	0.8217711948120644	1.8484776866395287	0.3275138454674746	0.2893220523291901	signed_within_dataset_zscore_mean	ok
MSCCR_reGRID_1486_Biopsy_2273	GSE193677	0.9708443881831169	0.579944177816033	1.660109024225194	0.6724799625081239	signed_within_dataset_zscore_mean	ok
MSCCR_reGRID_1488_Biopsy_2274	GSE193677	0.2644526220362024	0.014906293461166875	0.299127925504174	0.4793236471432662	signed_within_dataset_zscore_mean	ok
MSCCR_reGRID_1488_Biopsy_2275	GSE193677	-0.13944841825141854	-0.9131457303038358	0.59899763073492	-0.10419715518533974	signed_within_dataset_zscore_mean	ok
MSCCR_reGRID_1490_Biopsy_2276	GSE193677	-0.6389245660188454	-0.4983594254373843	-0.7906366983348165	-0.6277775742843353	signed_within_dataset_zscore_mean	ok
MSCCR_reGRID_1490_Biopsy_2277	GSE193677	0.5635565651135521	-0.21396916727182766	1.7822094543348246	0.1224294082776594	signed_within_dataset_zscore_mean	ok
MSCCR_reGRID_1490_Biopsy_2278	GSE193677	-0.052575170615968204	0.1096083259692409	-0.968379326379232	0.7010454885620865	signed_within_dataset_zscore_mean	ok
MSCCR_reGRID_1491_Biopsy_2279	GSE193677	0.8274698071756675	0.8407133886069207	0.5834931509096695	1.0582028820104126	signed_within_dataset_zscore_mean	ok
MSCCR_reGRID_1491_Biopsy_2280	GSE193677	-0.7972106892416456	0.5228076588248871	-0.5513942422018291	-2.3630454843479947	signed_within_dataset_zscore_mean	ok
MSCCR_reGRID_1492_Biopsy_2281	GSE193677	0.6126470031703953	0.41766792883718223	0.747524059942682	0.6727490207313215	signed_within_dataset_zscore_mean	ok
MSCCR_reGRID_1492_Biopsy_2282	GSE193677	0.6827659418059723	0.08772809430585563	1.7309840122653122	0.22958571884674914	signed_within_dataset_zscore_mean	ok
MSCCR_reGRID_1493_Biopsy_2283	GSE193677	-0.16782059205470434	0.24574383014824058	-0.7785371508417528	0.029331544529399216	signed_within_dataset_zscore_mean	ok
MSCCR_reGRID_1493_Biopsy_2284	GSE193677	0.8539426255009114	0.7226976517786686	1.4249077027587602	0.4142225219653051	signed_within_dataset_zscore_mean	ok
MSCCR_reGRID_1494_Biopsy_2285	GSE193677	1.3773577261574337	0.6085392059789564	1.9627774860769436	1.5607564864164007	signed_within_dataset_zscore_mean	ok
MSCCR_reGRID_1494_Biopsy_2286	GSE193677	-0.3511955981681058	-0.28543128944991353	-0.6798788159793706	-0.08827668907503328	signed_within_dataset_zscore_mean	ok
MSCCR_reGRID_1494_Biopsy_2287	GSE193677	0.41395953962064774	0.41084994314528867	0.9302568154881085	-0.09922813977145377	signed_within_dataset_zscore_mean	ok
MSCCR_reGRID_1496_Biopsy_2288	GSE193677	0.6540599021014872	0.5699217672670993	1.4810552573210063	-0.08879731828364361	signed_within_dataset_zscore_mean	ok
MSCCR_reGRID_1497_Biopsy_2289	GSE193677	-0.7793821857412272	0.09923683084935901	-1.437972595110968	-0.9994107929620726	signed_within_dataset_zscore_mean	ok
MSCCR_reGRID_1497_Biopsy_2290	GSE193677	0.10397969862399503	-0.15515812916955798	1.2338341601470535	-0.7667369351055103	signed_within_dataset_zscore_mean	ok
MSCCR_reGRID_1498_Biopsy_2291	GSE193677	-0.15358015071999095	0.08488830113497212	-0.1991799778209212	-0.34644877547402375	signed_within_dataset_zscore_mean	ok
MSCCR_reGRID_1499_Biopsy_2292	GSE193677	-0.15503274732318903	0.239198108346232	0.45217755350452293	-1.156473903820322	signed_within_dataset_zscore_mean	ok
MSCCR_reGRID_1499_Biopsy_2293	GSE193677	1.5283332167899462	0.8772546085894961	2.6400975447249277	1.0676474970554146	signed_within_dataset_zscore_mean	ok
MSCCR_reGRID_1499_Biopsy_2294	GSE193677	0.12510320150132057	-0.8782444286413427	0.9157290649502963	0.33782496819500807	signed_within_dataset_zscore_mean	ok
MSCCR_reGRID_14_Biopsy_28	GSE193677	-0.4875161445463731	-0.253157817375261	-0.995714434763866	-0.21367618149999235	signed_within_dataset_zscore_mean	ok
MSCCR_reGRID_14_Biopsy_29	GSE193677	0.1643863223724827	0.6024663320987897	0.4078302498509478	-0.5171376148322895	signed_within_dataset_zscore_mean	ok
MSCCR_reGRID_14_Biopsy_30	GSE193677	0.19458648200122883	0.21762626454072637	0.37306943934997727	-0.0069362578870172205	signed_within_dataset_zscore_mean	ok
MSCCR_reGRID_1500_Biopsy_2295	GSE193677	-0.901172224106463	-0.5713095824994306	-1.0132373168255042	-1.1189697729944543	signed_within_dataset_zscore_mean	ok
MSCCR_reGRID_1501_Biopsy_2296	GSE193677	0.08386297466151456	-0.953871363646928	-0.5235876687656762	1.729047956397148	signed_within_dataset_zscore_mean	ok
MSCCR_reGRID_1501_Biopsy_2297	GSE193677	0.19399674794990948	0.5971413479977509	-0.34679858659888196	0.33164748245085945	signed_within_dataset_zscore_mean	ok
MSCCR_reGRID_1502_Biopsy_2298	GSE193677	-0.25678073960495923	0.21520542074602805	-1.2663662785317067	0.2808186389708009	signed_within_dataset_zscore_mean	ok
MSCCR_reGRID_1503_Biopsy_2299	GSE193677	-0.40606087514446987	-0.6538112143247238	-0.644684926038469	0.08031351492978323	signed_within_dataset_zscore_mean	ok
MSCCR_reGRID_1505_Biopsy_2300	GSE193677	0.7139075610914581	0.35636473268631547	1.206421470938639	0.5789364796494199	signed_within_dataset_zscore_mean	ok
MSCCR_reGRID_1505_Biopsy_2301	GSE193677	-0.27549287483109136	0.37894354078946396	-0.5121366771541054	-0.6932854881286326	signed_within_dataset_zscore_mean	ok
MSCCR_reGRID_1506_Biopsy_2302	GSE193677	0.29473412784924435	-0.2194727454062245	0.889526028173532	0.21414910078042557	signed_within_dataset_zscore_mean	ok
MSCCR_reGRID_1506_Biopsy_2303	GSE193677	0.16057582499928358	-0.11922598237883308	0.6177473407715764	-0.016793883394892645	signed_within_dataset_zscore_mean	ok
MSCCR_reGRID_1507_Biopsy_2304	GSE193677	0.4326442071629892	-0.2480041438864476	1.2277994331708149	0.31813733220460017	signed_within_dataset_zscore_mean	ok
MSCCR_reGRID_1507_Biopsy_2305	GSE193677	0.5104777888130358	0.11187494210693942	1.0269601139342128	0.3925983103979553	signed_within_dataset_zscore_mean	ok
MSCCR_reGRID_1508_Biopsy_2306	GSE193677	0.24859265305455222	0.41822066074966713	0.6204038041557249	-0.2928465057417354	signed_within_dataset_zscore_mean	ok
MSCCR_reGRID_1509_Biopsy_2307	GSE193677	0.16708669848899657	0.027788495180855	0.7550186689224172	-0.2815470686362826	signed_within_dataset_zscore_mean	ok
MSCCR_reGRID_1509_Biopsy_2308	GSE193677	0.3100558590365186	-0.10313209754388186	0.2882118785478224	0.7450877961056154	signed_within_dataset_zscore_mean	ok
MSCCR_reGRID_1509_Biopsy_2309	GSE193677	0.7795815792755582	0.40682714060676817	1.003022626261582	0.9288949709583244	signed_within_dataset_zscore_mean	ok
MSCCR_reGRID_1510_Biopsy_2310	GSE193677	-0.7210279913935261	-0.239662665662253	-0.7035957378868154	-1.21982557063151	signed_within_dataset_zscore_mean	ok
MSCCR_reGRID_1510_Biopsy_2311	GSE193677	0.4535101749901589	0.46193022210711676	0.5074840936246664	0.39111620923869356	signed_within_dataset_zscore_mean	ok
MSCCR_reGRID_1512_Biopsy_2312	GSE193677	0.055992496689209754	0.07502058651381535	0.08442407825992934	0.008532825293884569	signed_within_dataset_zscore_mean	ok
MSCCR_reGRID_1512_Biopsy_2313	GSE193677	-0.14393776679116166	-0.0074972385778472985	-0.2889926459824773	-0.13532341581316035	signed_within_dataset_zscore_mean	ok
MSCCR_reGRID_1512_Biopsy_2314	GSE193677	-0.27310700654177383	-0.5037247632891585	-0.35967839440945115	0.04408213807328809	signed_within_dataset_zscore_mean	ok
MSCCR_reGRID_1513_Biopsy_2315	GSE193677	-0.27267645288265646	-0.3630017659514728	-0.7474383338662348	0.29241074116973803	signed_within_dataset_zscore_mean	ok
MSCCR_reGRID_1514_Biopsy_2316	GSE193677	0.6946150595894908	-0.09539512002907334	1.1487261643245377	1.030514134473008	signed_within_dataset_zscore_mean	ok
MSCCR_reGRID_1514_Biopsy_2317	GSE193677	0.5406326064645454	-0.839228626048115	1.7823766649992165	0.6787497804425348	signed_within_dataset_zscore_mean	ok
MSCCR_reGRID_1514_Biopsy_2318	GSE193677	-0.1268933313929122	-0.17249552779702237	-0.25703729448296897	0.04885282810125472	signed_within_dataset_zscore_mean	ok
MSCCR_reGRID_1518_Biopsy_2319	GSE193677	1.0135245226371519	0.9253938302943654	1.4780666291021625	0.6371131085149275	signed_within_dataset_zscore_mean	ok
MSCCR_reGRID_1518_Biopsy_2320	GSE193677	-1.0517505464312695	-1.3576399141534155	-1.1660613940644065	-0.6315503310759868	signed_within_dataset_zscore_mean	ok
MSCCR_reGRID_1518_Biopsy_2321	GSE193677	-0.570835787487284	-0.45010205342754644	-0.5847099870548504	-0.6776953219794551	signed_within_dataset_zscore_mean	ok
MSCCR_reGRID_151_Biopsy_296	GSE193677	0.563747821041201	0.3028647409464009	0.1897600258814648	1.1986186962957373	signed_within_dataset_zscore_mean	ok
MSCCR_reGRID_151_Biopsy_297	GSE193677	0.3442599411642866	-0.010717132115533157	0.43045823651372983	0.613038719094663	signed_within_dataset_zscore_mean	ok
MSCCR_reGRID_151_Biopsy_298	GSE193677	-0.47365963266502353	-0.46805618972794993	-0.39600680124984555	-0.5569159070172752	signed_within_dataset_zscore_mean	ok
MSCCR_reGRID_1521_Biopsy_2322	GSE193677	-0.48236073861917844	0.36312031529778277	-0.7373216002166427	-1.0728809309386755	signed_within_dataset_zscore_mean	ok
MSCCR_reGRID_1522_Biopsy_2323	GSE193677	-0.8841884917462671	-0.3005001888819828	-1.7282052240779637	-0.6238600622788545	signed_within_dataset_zscore_mean	ok
MSCCR_reGRID_1522_Biopsy_2324	GSE193677	-0.3176524395739259	-0.20095668804381725	-0.28842727593159834	-0.46357335474636213	signed_within_dataset_zscore_mean	ok
MSCCR_reGRID_1522_Biopsy_2325	GSE193677	0.8362982338647419	0.41241810489081276	0.9539192597845979	1.142557336918815	signed_within_dataset_zscore_mean	ok
MSCCR_reGRID_1523_Biopsy_2326	GSE193677	-0.2631396124402983	-0.14043631603530682	-0.1950609541396459	-0.45392156714594223	signed_within_dataset_zscore_mean	ok
MSCCR_reGRID_1523_Biopsy_2327	GSE193677	0.17633020350589082	-0.24478266889231803	0.25814008446031356	0.515633194949677	signed_within_dataset_zscore_mean	ok
MSCCR_reGRID_1523_Biopsy_2328	GSE193677	0.7094175464233222	0.20112531017200436	1.577577308623185	0.34955002047477746	signed_within_dataset_zscore_mean	ok
MSCCR_reGRID_1524_Biopsy_2329	GSE193677	-0.920331318874385	-1.0405442625643857	-0.7150882409228889	-1.0053614531358805	signed_within_dataset_zscore_mean	ok
MSCCR_reGRID_1524_Biopsy_2330	GSE193677	-0.824787003641811	-0.9046810540665688	-0.8430791310774138	-0.7266008257814502	signed_within_dataset_zscore_mean	ok
MSCCR_reGRID_1526_Biopsy_2331	GSE193677	0.27249676296314557	-0.0595297932703267	-0.3597204947281557	1.2367405768879192	signed_within_dataset_zscore_mean	ok
MSCCR_reGRID_1527_Biopsy_2332	GSE193677	0.07076017738392187	0.026954918064121848	0.5966284267997158	-0.4113028127120721	signed_within_dataset_zscore_mean	ok
MSCCR_reGRID_1527_Biopsy_2333	GSE193677	-0.5353745418612889	-0.43240544430971833	-1.1320451650875556	-0.04167301618659258	signed_within_dataset_zscore_mean	ok
MSCCR_reGRID_1529_Biopsy_2334	GSE193677	-0.07900619697060968	0.1387740792282818	-0.6908964472215148	0.31510377708140397	signed_within_dataset_zscore_mean	ok
MSCCR_reGRID_1529_Biopsy_2335	GSE193677	0.09903057211065446	0.7162244293509011	0.024496575477885373	-0.4436292884968232	signed_within_dataset_zscore_mean	ok
MSCCR_reGRID_1533_Biopsy_2336	GSE193677	0.29308762825890056	0.5794597991101997	0.5554172469460944	-0.25561416127959263	signed_within_dataset_zscore_mean	ok
MSCCR_reGRID_1536_Biopsy_2337	GSE193677	0.34270493214599673	-0.10723415130850408	0.5556956543509427	0.5796532933955515	signed_within_dataset_zscore_mean	ok
MSCCR_reGRID_1537_Biopsy_2338	GSE193677	-0.8551459350451176	-0.6965601736578482	-1.271952193772627	-0.5969254377048775	signed_within_dataset_zscore_mean	ok
MSCCR_reGRID_1538_Biopsy_2339	GSE193677	-0.04372846303033151	-0.2238034383118995	0.06552365022625486	0.027094398994650104	signed_within_dataset_zscore_mean	ok
MSCCR_reGRID_1538_Biopsy_2340	GSE193677	0.7286375361072297	0.03195759326224838	1.0278374377596138	1.1261175772998266	signed_within_dataset_zscore_mean	ok
MSCCR_reGRID_1539_Biopsy_2341	GSE193677	0.0842284736905145	-0.8093441694669069	0.7319068052988806	0.3301227852395698	signed_within_dataset_zscore_mean	ok
MSCCR_reGRID_1539_Biopsy_2342	GSE193677	-0.6489384947584003	-0.566385626969719	-0.6685288366004263	-0.7119010207050557	signed_within_dataset_zscore_mean	ok
MSCCR_reGRID_1539_Biopsy_2343	GSE193677	0.19246923228933419	0.09549515364336028	-0.012534274247704457	0.4944468174723467	signed_within_dataset_zscore_mean	ok
MSCCR_reGRID_153_Biopsy_299	GSE193677	0.4884517069480279	0.593973707788303	0.08929736370945876	0.7820840493463219	signed_within_dataset_zscore_mean	ok
MSCCR_reGRID_153_Biopsy_300	GSE193677	0.05000936765827466	0.8567174978623839	-0.39141469723179234	-0.3152746976557676	signed_within_dataset_zscore_mean	ok
MSCCR_reGRID_153_Biopsy_301	GSE193677	-0.15478169228152838	0.6012117712245411	-0.23237181332788848	-0.8331850347412377	signed_within_dataset_zscore_mean	ok
MSCCR_reGRID_1540_Biopsy_2344	GSE193677	0.4752167169071268	1.0854921510490683	-0.572671504932438	0.91282950460475	signed_within_dataset_zscore_mean	ok
MSCCR_reGRID_1541_Biopsy_2345	GSE193677	1.868453038302066	0.9760044584955334	1.5798783931759421	3.0494762632347228	signed_within_dataset_zscore_mean	ok
MSCCR_reGRID_1541_Biopsy_2346	GSE193677	-0.4705127088555563	-0.3552378788666398	-0.07501722233636139	-0.9812830253636676	signed_within_dataset_zscore_mean	ok
MSCCR_reGRID_1541_Biopsy_2347	GSE193677	0.8903921465644918	0.25578341314803676	2.0209781222171634	0.3944149043282752	signed_within_dataset_zscore_mean	ok
MSCCR_reGRID_1542_Biopsy_2348	GSE193677	-0.3659799257597481	-0.32738993249400006	-0.20165867323597347	-0.5688911715492708	signed_within_dataset_zscore_mean	ok
MSCCR_reGRID_1542_Biopsy_2349	GSE193677	0.5641712196865589	-1.013730978219499	1.3225365842333097	1.383708053045866	signed_within_dataset_zscore_mean	ok
MSCCR_reGRID_1542_Biopsy_2350	GSE193677	0.1011834326877901	0.041012897885497	0.482767773944222	-0.22023037376634869	signed_within_dataset_zscore_mean	ok
MSCCR_reGRID_1544_Biopsy_2351	GSE193677	0.5428413823377727	0.2090487255889315	0.7518525505465885	0.6676228708777981	signed_within_dataset_zscore_mean	ok
MSCCR_reGRID_1544_Biopsy_2352	GSE193677	-0.6203000371686421	0.01579493063856723	-0.6317598298985521	-1.2449352122459414	signed_within_dataset_zscore_mean	ok
MSCCR_reGRID_1545_Biopsy_2353	GSE193677	0.3387551478127849	-0.091864896689761	0.8601540614487263	0.24797627867938934	signed_within_dataset_zscore_mean	ok
MSCCR_reGRID_1545_Biopsy_2354	GSE193677	-0.5711932811289094	-1.010082231085483	-0.7386914881152375	0.03519387581399199	signed_within_dataset_zscore_mean	ok
MSCCR_reGRID_1545_Biopsy_2355	GSE193677	0.5765846203100543	-0.07830200076830474	1.8219148545239012	-0.013858992825433606	signed_within_dataset_zscore_mean	ok
MSCCR_reGRID_1547_Biopsy_2356	GSE193677	0.24100959129266863	0.2596407273372712	0.32467689198856425	0.13871115455217045	signed_within_dataset_zscore_mean	ok
MSCCR_reGRID_1547_Biopsy_2357	GSE193677	0.31095599162332316	-1.1299525783987092	1.5375832029566079	0.5252373503120707	signed_within_dataset_zscore_mean	ok
MSCCR_reGRID_1548_Biopsy_2358	GSE193677	0.26098716212642425	-0.3227669407648867	1.076988168989675	0.028740258154484593	signed_within_dataset_zscore_mean	ok
MSCCR_reGRID_1549_Biopsy_2359	GSE193677	1.0840791848244287	0.8408336236805617	0.733386863955867	1.6780170668368573	signed_within_dataset_zscore_mean	ok
MSCCR_reGRID_1549_Biopsy_2360	GSE193677	0.6491110522444415	0.18023026280929808	1.4322519356346832	0.3348509582893433	signed_within_dataset_zscore_mean	ok
MSCCR_reGRID_154_Biopsy_302	GSE193677	-0.06991594159232095	0.3101829922190843	0.10325702535411016	-0.6231878423501573	signed_within_dataset_zscore_mean	ok
MSCCR_reGRID_154_Biopsy_303	GSE193677	-0.09088042973417375	-0.5089191614735243	0.6842169472836271	-0.44793907501262403	signed_within_dataset_zscore_mean	ok
MSCCR_reGRID_154_Biopsy_304	GSE193677	-0.3321615571791963	-0.2664779681125228	-0.4738418358509663	-0.2561648675741	signed_within_dataset_zscore_mean	ok
MSCCR_reGRID_1550_Biopsy_2361	GSE193677	0.31627761732831483	0.0018901667605663252	1.0957454272632519	-0.14880274203887373	signed_within_dataset_zscore_mean	ok
MSCCR_reGRID_1550_Biopsy_2362	GSE193677	0.11144038694367103	-0.3540819681046402	0.7486938017203346	-0.06029067278468133	signed_within_dataset_zscore_mean	ok
MSCCR_reGRID_1550_Biopsy_2363	GSE193677	-0.07574039989219095	-0.418128606857436	-0.07658997837699766	0.26749738555786085	signed_within_dataset_zscore_mean	ok
MSCCR_reGRID_1552_Biopsy_2364	GSE193677	-0.04697675631522391	0.8950915546688121	-0.6344804290082964	-0.40154139460618743	signed_within_dataset_zscore_mean	ok
MSCCR_reGRID_1552_Biopsy_2365	GSE193677	1.1091742541926106	0.9449762222485104	0.916772947901831	1.4657735924274904	signed_within_dataset_zscore_mean	ok
MSCCR_reGRID_1553_Biopsy_2366	GSE193677	-0.1876052673780485	-0.24720566804015248	-0.6058679546859779	0.2902578205919849	signed_within_dataset_zscore_mean	ok
MSCCR_reGRID_1555_Biopsy_2367	GSE193677	0.03553666060524476	0.10972942794714032	0.2746354450924627	-0.2777548912238687	signed_within_dataset_zscore_mean	ok
MSCCR_reGRID_1555_Biopsy_2368	GSE193677	0.6622231392446093	0.24228000033663988	0.9876700766913811	0.7567193407058069	signed_within_dataset_zscore_mean	ok
MSCCR_reGRID_1556_Biopsy_2369	GSE193677	0.0757988738235093	-0.6979271300011227	1.3084271500262779	-0.3831033985546272	signed_within_dataset_zscore_mean	ok
MSCCR_reGRID_1557_Biopsy_2370	GSE193677	-0.5319218998584087	2.093686540061533	-2.3670524878403687	-1.3223997517963906	signed_within_dataset_zscore_mean	ok
MSCCR_reGRID_1557_Biopsy_2371	GSE193677	-0.5440260662703156	-0.9169242645057045	-0.2863772315724909	-0.4287767027327513	signed_within_dataset_zscore_mean	ok
MSCCR_reGRID_1557_Biopsy_2372	GSE193677	1.343048310949338	0.13840906055286775	2.6300277782147425	1.2607080940804043	signed_within_dataset_zscore_mean	ok
MSCCR_reGRID_1558_Biopsy_2373	GSE193677	0.18450981676497633	-0.31529741884408014	0.7754611757722201	0.09336569336678903	signed_within_dataset_zscore_mean	ok
MSCCR_reGRID_1558_Biopsy_2374	GSE193677	-0.06893413073809841	-0.2730178847034147	-0.08051987149378159	0.14673536398290107	signed_within_dataset_zscore_mean	ok
MSCCR_reGRID_1558_Biopsy_2375	GSE193677	0.1083697159107934	-0.10926634606244953	-0.22908199477926067	0.6634574885740904	signed_within_dataset_zscore_mean	ok
MSCCR_reGRID_155_Biopsy_305	GSE193677	-0.39567118508896987	-0.8124436895680809	-0.14530660832031558	-0.22926325737851327	signed_within_dataset_zscore_mean	ok
MSCCR_reGRID_1561_Biopsy_2376	GSE193677	-0.06016394386674092	-0.330137971852926	0.22093369266109728	-0.07128755240839406	signed_within_dataset_zscore_mean	ok
MSCCR_reGRID_1561_Biopsy_2377	GSE193677	-0.25762782877377854	-0.4198879320168875	0.2503271689895888	-0.6033227232940369	signed_within_dataset_zscore_mean	ok
MSCCR_reGRID_1561_Biopsy_2378	GSE193677	0.4775213773359504	0.24429262759770953	-0.12621191308699511	1.314483417497137	signed_within_dataset_zscore_mean	ok
MSCCR_reGRID_1562_Biopsy_2379	GSE193677	0.8229224645247494	0.0688595296111764	1.8847867191522236	0.5151211448108479	signed_within_dataset_zscore_mean	ok
MSCCR_reGRID_1562_Biopsy_2380	GSE193677	0.9728161195413948	0.01658656815366353	2.5319292964009787	0.36993249406954193	signed_within_dataset_zscore_mean	ok
MSCCR_reGRID_1562_Biopsy_2381	GSE193677	-0.12743989825237256	0.1393067785478626	-0.9879174893195536	0.46629101601457323	signed_within_dataset_zscore_mean	ok
MSCCR_reGRID_1563_Biopsy_2382	GSE193677	0.7149883467550701	0.8671983759391502	-0.1578839476334489	1.435650611959509	signed_within_dataset_zscore_mean	ok
MSCCR_reGRID_1564_Biopsy_2383	GSE193677	0.15124958625070956	-0.34365611766953447	0.234042150662912	0.5633627257587511	signed_within_dataset_zscore_mean	ok
MSCCR_reGRID_1564_Biopsy_2384	GSE193677	1.1503116559505042	0.4232772432360363	1.526825728343416	1.5008319962720604	signed_within_dataset_zscore_mean	ok
MSCCR_reGRID_1565_Biopsy_2385	GSE193677	0.29574571135086575	0.21936970913307183	0.6864544591323047	-0.018587034212779317	signed_within_dataset_zscore_mean	ok
MSCCR_reGRID_1569_Biopsy_2386	GSE193677	-0.6111187475690287	0.11030645419562254	-1.215251242529606	-0.7284114543731026	signed_within_dataset_zscore_mean	ok
MSCCR_reGRID_1569_Biopsy_2387	GSE193677	0.25428492783423823	-0.3636044017261228	1.2061554865382091	-0.07969630130937166	signed_within_dataset_zscore_mean	ok
MSCCR_reGRID_1572_Biopsy_2388	GSE193677	0.5481285786201952	0.27302409707178715	0.7979886778972466	0.573372960891552	signed_within_dataset_zscore_mean	ok
MSCCR_reGRID_1572_Biopsy_2389	GSE193677	-0.2539855967455899	0.04916455966026576	-0.8845880887665608	0.07346673886952527	signed_within_dataset_zscore_mean	ok
MSCCR_reGRID_1573_Biopsy_2390	GSE193677	-0.34338134143054805	-1.3309487693967077	0.35904601874384773	-0.05824127363878421	signed_within_dataset_zscore_mean	ok
MSCCR_reGRID_1573_Biopsy_2391	GSE193677	0.6646990123087932	0.46430072449479154	1.3044189093655048	0.22537740306608348	signed_within_dataset_zscore_mean	ok
MSCCR_reGRID_1573_Biopsy_2392	GSE193677	0.5320587304347763	0.36677418697727004	-0.28546519146941424	1.5148671957964728	signed_within_dataset_zscore_mean	ok
MSCCR_reGRID_1574_Biopsy_2393	GSE193677	1.0878816173159647	0.3187702128587313	1.7336142606373257	1.2112603784518365	signed_within_dataset_zscore_mean	ok
MSCCR_reGRID_1574_Biopsy_2394	GSE193677	-0.7974103169476452	-0.39824625102640887	-0.8869054783410804	-1.1070792214754464	signed_within_dataset_zscore_mean	ok
MSCCR_reGRID_1574_Biopsy_2395	GSE193677	-0.5950244251778167	-0.37438448073361486	-1.5174017201750594	0.10671292537522407	signed_within_dataset_zscore_mean	ok
MSCCR_reGRID_1577_Biopsy_2396	GSE193677	-0.1650567035662147	0.22766116463822983	-0.29258477628669644	-0.43024649905017753	signed_within_dataset_zscore_mean	ok
MSCCR_reGRID_1578_Biopsy_2397	GSE193677	0.24818626544285985	0.23948066832971815	0.09078900171649695	0.4142891262823645	signed_within_dataset_zscore_mean	ok
MSCCR_reGRID_1578_Biopsy_2398	GSE193677	-0.1239385952162073	-1.175158552772206	0.5479919645937974	0.25535080252978665	signed_within_dataset_zscore_mean	ok
MSCCR_reGRID_1578_Biopsy_2399	GSE193677	-0.1267773017964531	0.008286092556439018	-0.06130062313968625	-0.32731737480611206	signed_within_dataset_zscore_mean	ok
MSCCR_reGRID_1579_Biopsy_2400	GSE193677	0.2240878079002234	0.24547368625274024	0.839010613053777	-0.412220875605847	signed_within_dataset_zscore_mean	ok
MSCCR_reGRID_1579_Biopsy_2401	GSE193677	-0.04050978344064874	-0.37350071813276053	-0.26248532503754296	0.5144566928483573	signed_within_dataset_zscore_mean	ok
MSCCR_reGRID_157_Biopsy_306	GSE193677	-0.41708976512933943	0.003906881325839362	-0.6418912938617447	-0.6132848828521128	signed_within_dataset_zscore_mean	ok
MSCCR_reGRID_157_Biopsy_307	GSE193677	-0.09659230245351143	0.5916126043735892	-0.646673413537846	-0.23471609819627745	signed_within_dataset_zscore_mean	ok
MSCCR_reGRID_157_Biopsy_308	GSE193677	0.2726776850329325	0.44572268089540634	0.11992641751953412	0.25238395668385705	signed_within_dataset_zscore_mean	ok
MSCCR_reGRID_1581_Biopsy_2402	GSE193677	-0.5020927703859356	-0.0944474258402811	-0.6224143450177351	-0.7894165402997904	signed_within_dataset_zscore_mean	ok
MSCCR_reGRID_1581_Biopsy_2403	GSE193677	0.6331984690875317	0.34286966153948806	0.25091598997084574	1.3058097557522614	signed_within_dataset_zscore_mean	ok
MSCCR_reGRID_1583_Biopsy_2404	GSE193677	-0.07592186108801348	-0.19351248742875302	-0.2374593978631442	0.2032063020278568	signed_within_dataset_zscore_mean	ok
MSCCR_reGRID_1583_Biopsy_2405	GSE193677	0.6068825921288646	-0.12542326165710369	1.0681033699194655	0.877967668124232	signed_within_dataset_zscore_mean	ok
MSCCR_reGRID_1584_Biopsy_2406	GSE193677	-0.2942800602529567	0.1773000108476788	-0.7200850689602765	-0.3400551226462724	signed_within_dataset_zscore_mean	ok
MSCCR_reGRID_1584_Biopsy_2407	GSE193677	-1.3756492066297727	-1.253274970536133	-1.8911703050787796	-0.9825023442744056	signed_within_dataset_zscore_mean	ok
MSCCR_reGRID_1586_Biopsy_2408	GSE193677	0.39067512121090076	0.14923613035146224	0.054837861972622595	0.9679513713086173	signed_within_dataset_zscore_mean	ok
MSCCR_reGRID_1587_Biopsy_2409	GSE193677	-0.5516773032409955	-0.27846998730214667	0.23205033227231434	-1.6086122546931543	signed_within_dataset_zscore_mean	ok
MSCCR_reGRID_1587_Biopsy_2410	GSE193677	0.5372644573484439	0.3774607606391896	0.10389043090372337	1.1304421805024185	signed_within_dataset_zscore_mean	ok
MSCCR_reGRID_1589_Biopsy_2411	GSE193677	0.37731647535046436	0.9282381020617336	0.2599768412119784	-0.05626551722231868	signed_within_dataset_zscore_mean	ok
MSCCR_reGRID_1589_Biopsy_2412	GSE193677	0.31148272129361965	0.5684281285955718	-0.27473840450501863	0.6407584397903058	signed_within_dataset_zscore_mean	ok
MSCCR_reGRID_158_Biopsy_309	GSE193677	0.05738823503046944	0.06595538683060478	-0.29177098294397535	0.3979803012047789	signed_within_dataset_zscore_mean	ok
MSCCR_reGRID_158_Biopsy_310	GSE193677	-0.19052511628465887	-0.06081305255627263	0.1839976752245729	-0.6947599715222769	signed_within_dataset_zscore_mean	ok
MSCCR_reGRID_158_Biopsy_311	GSE193677	0.31401775386716857	0.8916943275246716	-0.1021090426160793	0.15246797669291345	signed_within_dataset_zscore_mean	ok
MSCCR_reGRID_1595_Biopsy_2413	GSE193677	-0.21169560056482672	-0.40059994365633733	-0.26372078041592595	0.029233922377783106	signed_within_dataset_zscore_mean	ok
MSCCR_reGRID_1595_Biopsy_2414	GSE193677	0.29249787347237355	0.3363116514677613	-0.2602513985712558	0.8014333675206151	signed_within_dataset_zscore_mean	ok
MSCCR_reGRID_1597_Biopsy_2415	GSE193677	-0.680012699280424	-0.5263557425143741	-0.7965890503982325	-0.7170933049286656	signed_within_dataset_zscore_mean	ok
MSCCR_reGRID_1597_Biopsy_2416	GSE193677	0.1007248001834694	-0.3732908950073869	0.2712581580351884	0.4042071375226067	signed_within_dataset_zscore_mean	ok
MSCCR_reGRID_1598_Biopsy_2417	GSE193677	0.08273323301347074	0.25022706171428644	-0.08891777009727168	0.08689040742339749	signed_within_dataset_zscore_mean	ok
MSCCR_reGRID_159_Biopsy_312	GSE193677	0.683276751388422	0.9012260418031947	0.7296815102309446	0.41892270213112665	signed_within_dataset_zscore_mean	ok
MSCCR_reGRID_159_Biopsy_313	GSE193677	-0.6848909696367284	-0.46675492034833893	-1.2344802873587342	-0.35343770120311185	signed_within_dataset_zscore_mean	ok
MSCCR_reGRID_159_Biopsy_314	GSE193677	-0.6368669667830849	-0.6357920478650408	-1.4091790663494668	0.13437021386525297	signed_within_dataset_zscore_mean	ok
MSCCR_reGRID_15_Biopsy_31	GSE193677	-0.20989349935608928	-0.7039087685864677	-0.1096739744822625	0.18390224500046226	signed_within_dataset_zscore_mean	ok
MSCCR_reGRID_15_Biopsy_32	GSE193677	0.8049384232855153	0.17273643569121885	1.2610221497879803	0.9810566843773468	signed_within_dataset_zscore_mean	ok
MSCCR_reGRID_15_Biopsy_33	GSE193677	0.002756390338980243	0.2817846026746272	-0.28944078005872936	0.01592534840104291	signed_within_dataset_zscore_mean	ok
MSCCR_reGRID_1601_Biopsy_2418	GSE193677	-0.5315550519545632	-0.1304511062063865	-0.34404653902133175	-1.1201675106359714	signed_within_dataset_zscore_mean	ok
MSCCR_reGRID_1601_Biopsy_2419	GSE193677	0.8030613670614638	0.6336683484423172	0.38500503124172036	1.3905107215003534	signed_within_dataset_zscore_mean	ok
MSCCR_reGRID_1602_Biopsy_2420	GSE193677	0.04535866378335055	0.09524709895320946	-0.13277860476852807	0.17360749716537027	signed_within_dataset_zscore_mean	ok
MSCCR_reGRID_1602_Biopsy_2421	GSE193677	-0.5791896337649549	-1.432452886298093	1.1725640841629685	-1.4776800991597403	signed_within_dataset_zscore_mean	ok
MSCCR_reGRID_1603_Biopsy_2422	GSE193677	-0.4133120000361854	-0.7001626266904507	-0.5048979126649236	-0.03487546075318195	signed_within_dataset_zscore_mean	ok
MSCCR_reGRID_1603_Biopsy_2423	GSE193677	0.3428376632581948	0.027512467815506536	0.7770565162208586	0.2239440057382193	signed_within_dataset_zscore_mean	ok
MSCCR_reGRID_1605_Biopsy_2424	GSE193677	0.2506765931482365	-0.22985671695837046	0.08858975463428169	0.8932967417687981	signed_within_dataset_zscore_mean	ok
MSCCR_reGRID_1608_Biopsy_2425	GSE193677	-0.05230527341593644	0.39234570566494453	-0.0684625417940953	-0.48079898411865857	signed_within_dataset_zscore_mean	ok
MSCCR_reGRID_1608_Biopsy_2426	GSE193677	0.38742286449812724	0.37495847940406635	0.26507178729419073	0.5222383267961245	signed_within_dataset_zscore_mean	ok
MSCCR_reGRID_160_Biopsy_315	GSE193677	0.010185320387603966	-0.061612447661175754	0.23356666495445627	-0.14139825613046864	signed_within_dataset_zscore_mean	ok
MSCCR_reGRID_160_Biopsy_316	GSE193677	0.19664214822845072	0.41324483510441573	0.25841923638959197	-0.08173762680865548	signed_within_dataset_zscore_mean	ok
MSCCR_reGRID_1611_Biopsy_2427	GSE193677	0.722726301711288	0.2696644776728926	1.4369616699645456	0.4615527574964257	signed_within_dataset_zscore_mean	ok
MSCCR_reGRID_1612_Biopsy_2428	GSE193677	-0.34041110478265973	-0.15184843052345737	-0.7061409451429835	-0.16324393868153822	signed_within_dataset_zscore_mean	ok
MSCCR_reGRID_1612_Biopsy_2429	GSE193677	-0.4604170755318188	-0.42387955445754244	-0.42342187284785915	-0.5339497992900547	signed_within_dataset_zscore_mean	ok
MSCCR_reGRID_1615_Biopsy_2430	GSE193677	0.6975225846086658	0.7369382247864038	0.06689085706573197	1.2887386719738618	signed_within_dataset_zscore_mean	ok
MSCCR_reGRID_1616_Biopsy_2431	GSE193677	0.13289612567486975	0.9538806051431129	-1.119102129236329	0.5639099011178254	signed_within_dataset_zscore_mean	ok
MSCCR_reGRID_1617_Biopsy_2432	GSE193677	0.12327362314083597	0.1453494391101977	-0.2510875412888377	0.4755589716011479	signed_within_dataset_zscore_mean	ok
MSCCR_reGRID_1618_Biopsy_2433	GSE193677	-0.2883051568839856	-1.1966652232649124	0.6858557592253909	-0.35410600661243535	signed_within_dataset_zscore_mean	ok
MSCCR_reGRID_1618_Biopsy_2434	GSE193677	1.0693409035819226	-0.16495608088487412	2.057215814313458	1.3157629773171842	signed_within_dataset_zscore_mean	ok
MSCCR_reGRID_1618_Biopsy_2435	GSE193677	-0.6015567359260512	-0.2505023907055416	-1.1836669897098098	-0.3705008273628021	signed_within_dataset_zscore_mean	ok
MSCCR_reGRID_1619_Biopsy_2436	GSE193677	0.12866696989545875	0.08402389144520446	-0.4703251399277738	0.7723021581689457	signed_within_dataset_zscore_mean	ok
MSCCR_reGRID_1619_Biopsy_2437	GSE193677	0.3765488570892482	0.6872999749900718	0.19769911684277927	0.24464747943489354	signed_within_dataset_zscore_mean	ok
MSCCR_reGRID_1619_Biopsy_2438	GSE193677	0.5332302230760649	0.7495863694535483	-0.007761728650134192	0.8578660284247807	signed_within_dataset_zscore_mean	ok
MSCCR_reGRID_1620_Biopsy_2439	GSE193677	-0.8246518524906588	-0.965067832874908	-0.43591945104302887	-1.0729682735540391	signed_within_dataset_zscore_mean	ok
MSCCR_reGRID_1620_Biopsy_2440	GSE193677	-0.2921886207313969	0.003384286069056919	-0.4903916824563336	-0.389558465806914	signed_within_dataset_zscore_mean	ok
MSCCR_reGRID_1621_Biopsy_2441	GSE193677	1.0763732822331722	0.11250267321211822	2.3504251853751392	0.7661919881122593	signed_within_dataset_zscore_mean	ok
MSCCR_reGRID_1622_Biopsy_2442	GSE193677	0.1022118147660871	-0.2975507585594251	-0.5999126736059983	1.2040988764636846	signed_within_dataset_zscore_mean	ok
MSCCR_reGRID_1623_Biopsy_2443	GSE193677	-0.3531727565539273	0.4854716346279554	-0.834457191931093	-0.7105327123586443	signed_within_dataset_zscore_mean	ok
MSCCR_reGRID_1624_Biopsy_2444	GSE193677	1.3731520009175568	0.5551206169994586	1.9479367525691995	1.6163986331840121	signed_within_dataset_zscore_mean	ok
MSCCR_reGRID_1624_Biopsy_2445	GSE193677	0.19240342653601386	0.2322655518419486	-0.4960851112538169	0.8410298390199099	signed_within_dataset_zscore_mean	ok
MSCCR_reGRID_1624_Biopsy_2446	GSE193677	0.198139295221208	-0.07690997990820794	0.598846366706894	0.07248149886493788	signed_within_dataset_zscore_mean	ok
MSCCR_reGRID_1625_Biopsy_2447	GSE193677	-0.15349418696599973	0.4629613539660819	-0.47866238702740044	-0.4447815278366806	signed_within_dataset_zscore_mean	ok
MSCCR_reGRID_1625_Biopsy_2448	GSE193677	0.053254920705122506	0.26166516544219887	-0.2824278267114536	0.18052742338462227	signed_within_dataset_zscore_mean	ok
MSCCR_reGRID_1625_Biopsy_2449	GSE193677	-0.07705782115743857	-0.3927202442969699	0.1904503032845543	-0.02890352245990017	signed_within_dataset_zscore_mean	ok
MSCCR_reGRID_1626_Biopsy_2450	GSE193677	0.21657508984544002	0.3836369351310546	-0.277316572189918	0.5434049065951835	signed_within_dataset_zscore_mean	ok
MSCCR_reGRID_1627_Biopsy_2451	GSE193677	-0.6382590184455222	-0.6008102147542271	-0.738956873980926	-0.5750099666014138	signed_within_dataset_zscore_mean	ok
MSCCR_reGRID_1627_Biopsy_2452	GSE193677	0.06410776717079775	-0.5003050458387164	0.3044929227176686	0.38813542463344103	signed_within_dataset_zscore_mean	ok
MSCCR_reGRID_1627_Biopsy_2453	GSE193677	0.20672921433862976	0.126967233069797	0.08878761284738641	0.40443279709870583	signed_within_dataset_zscore_mean	ok
MSCCR_reGRID_1629_Biopsy_2454	GSE193677	0.19875057156215745	-0.7346910716397559	0.9340117549324933	0.3969310313937348	signed_within_dataset_zscore_mean	ok
MSCCR_reGRID_1632_Biopsy_2455	GSE193677	0.23676351441776944	0.5470097577784319	-0.5493977824359564	0.7126785679108328	signed_within_dataset_zscore_mean	ok
MSCCR_reGRID_1634_Biopsy_2456	GSE193677	0.4739040528245879	0.12314963979574786	-0.28489824071085196	1.5834607593888679	signed_within_dataset_zscore_mean	ok
MSCCR_reGRID_1634_Biopsy_2457	GSE193677	-0.8161471247307466	-0.8486791965497942	-0.13130460099194893	-1.4684575766504968	signed_within_dataset_zscore_mean	ok
MSCCR_reGRID_1636_Biopsy_2458	GSE193677	-0.3676500805047025	-0.8235148487475339	-0.5132177921831536	0.23378239941658	signed_within_dataset_zscore_mean	ok
MSCCR_reGRID_1637_Biopsy_2459	GSE193677	0.08085992645977501	-0.03328158117140005	-0.06524136125272757	0.34110272180345264	signed_within_dataset_zscore_mean	ok
MSCCR_reGRID_1637_Biopsy_2460	GSE193677	-0.3793131778265697	-0.3003745379467594	-0.2753457729177007	-0.5622192226152489	signed_within_dataset_zscore_mean	ok
MSCCR_reGRID_1637_Biopsy_2461	GSE193677	0.11963204095446178	-0.21228534361364595	0.7451040922523712	-0.17392262577533987	signed_within_dataset_zscore_mean	ok
MSCCR_reGRID_1638_Biopsy_2462	GSE193677	-0.4188366229861587	-0.19361425759736117	-0.4764749553355806	-0.5864206560255345	signed_within_dataset_zscore_mean	ok
MSCCR_reGRID_1638_Biopsy_2463	GSE193677	1.3275507619906375	0.7638158923358183	1.878594595445291	1.3402417981908037	signed_within_dataset_zscore_mean	ok
MSCCR_reGRID_1638_Biopsy_2464	GSE193677	-0.49321325529412446	-0.07845697103826473	-0.4125264862779403	-0.9886563085661685	signed_within_dataset_zscore_mean	ok
MSCCR_reGRID_163_Biopsy_317	GSE193677	0.15584814476775907	0.14591999966592595	-0.7217445335474356	1.0433689681847869	signed_within_dataset_zscore_mean	ok
MSCCR_reGRID_163_Biopsy_318	GSE193677	0.1280161412542388	0.391104671613903	0.36390216429650357	-0.3709584121476901	signed_within_dataset_zscore_mean	ok
MSCCR_reGRID_1640_Biopsy_2465	GSE193677	-1.3665986637429384	-1.3434524981708857	-0.4117965925002108	-2.344546900557719	signed_within_dataset_zscore_mean	ok
MSCCR_reGRID_1641_Biopsy_2466	GSE193677	-0.3957479354477747	-0.5546833824679801	0.36832944509826016	-1.000889868973604	signed_within_dataset_zscore_mean	ok
MSCCR_reGRID_1641_Biopsy_2467	GSE193677	-1.0485329690866025	-1.438813469117997	-0.33477847237671543	-1.372006965765095	signed_within_dataset_zscore_mean	ok
MSCCR_reGRID_1641_Biopsy_2468	GSE193677	0.5745863633852846	-0.7693086715377554	1.3522802059366845	1.1407875557569247	signed_within_dataset_zscore_mean	ok
MSCCR_reGRID_1643_Biopsy_2469	GSE193677	0.4518890065392109	0.5173998745738339	0.5672331086775667	0.2710340363662321	signed_within_dataset_zscore_mean	ok
MSCCR_reGRID_1643_Biopsy_2470	GSE193677	-0.10764677359585172	0.21018406598050765	-0.9115948919244767	0.37847050515641395	signed_within_dataset_zscore_mean	ok
MSCCR_reGRID_1643_Biopsy_2471	GSE193677	0.9580183170395801	0.2944776415411331	1.3431448559703019	1.2364324536073052	signed_within_dataset_zscore_mean	ok
MSCCR_reGRID_1644_Biopsy_2472	GSE193677	-0.29481065826114955	-1.368143338560338	0.4774015128782067	0.006309850898682671	signed_within_dataset_zscore_mean	ok
MSCCR_reGRID_1645_Biopsy_2473	GSE193677	-0.26822192532535094	0.4490863278965921	-0.7501547510685393	-0.5035973528041056	signed_within_dataset_zscore_mean	ok
MSCCR_reGRID_1645_Biopsy_2474	GSE193677	-0.11002913568054418	0.14243644393689195	-0.3679204076982059	-0.10460344328031862	signed_within_dataset_zscore_mean	ok
MSCCR_reGRID_1652_Biopsy_2475	GSE193677	-0.9044587112349708	0.9866266440895066	-1.8911436603158152	-1.8088591174786035	signed_within_dataset_zscore_mean	ok
MSCCR_reGRID_1655_Biopsy_2476	GSE193677	-0.6568124700773637	-0.511694912431957	-0.6874964365909381	-0.7712460612091959	signed_within_dataset_zscore_mean	ok
MSCCR_reGRID_1655_Biopsy_2477	GSE193677	-0.16309799673646858	-0.017447853901927646	-0.42538366699323926	-0.04646246931423881	signed_within_dataset_zscore_mean	ok
MSCCR_reGRID_1655_Biopsy_2478	GSE193677	0.9050576343861628	0.4337440568252789	1.3175239330745734	0.9639049132586363	signed_within_dataset_zscore_mean	ok
MSCCR_reGRID_1656_Biopsy_2479	GSE193677	0.4924410759584506	-0.0517602419757071	1.5386546220756487	-0.009571152224589893	signed_within_dataset_zscore_mean	ok
MSCCR_reGRID_1656_Biopsy_2480	GSE193677	-0.5849611961307023	-0.3575485987042024	-0.7305047788575025	-0.6668302108304022	signed_within_dataset_zscore_mean	ok
MSCCR_reGRID_1658_Biopsy_2481	GSE193677	-0.5847554090977002	-0.8885142893831066	-0.5764753184804272	-0.28927661942956656	signed_within_dataset_zscore_mean	ok
MSCCR_reGRID_165_Biopsy_319	GSE193677	-0.5609708266253338	-0.34097379566543495	0.15328455789343273	-1.495223242103999	signed_within_dataset_zscore_mean	ok
MSCCR_reGRID_165_Biopsy_320	GSE193677	0.17278424429492864	0.16292065506478975	-0.28954455052866024	0.6449766283486563	signed_within_dataset_zscore_mean	ok
MSCCR_reGRID_1665_Biopsy_2482	GSE193677	0.8285881149241302	0.8354182463186323	0.08022894243458656	1.5701171560191718	signed_within_dataset_zscore_mean	ok
MSCCR_reGRID_1665_Biopsy_2483	GSE193677	0.4037042375765756	0.19232008168343256	0.3327262052241943	0.6860664258220998	signed_within_dataset_zscore_mean	ok
MSCCR_reGRID_1665_Biopsy_2484	GSE193677	-0.27776068177375246	-0.06367822295939733	-0.16989556403457323	-0.5997082583272868	signed_within_dataset_zscore_mean	ok
MSCCR_reGRID_166_Biopsy_321	GSE193677	0.3151136168336986	-0.3549052120339569	0.8654588356052375	0.43478722692981525	signed_within_dataset_zscore_mean	ok
MSCCR_reGRID_166_Biopsy_322	GSE193677	-0.4631313433446749	-0.5882545351837833	-0.6890827768950156	-0.1120567179552256	signed_within_dataset_zscore_mean	ok
MSCCR_reGRID_166_Biopsy_323	GSE193677	-0.36808227177036396	-0.029440836867113896	-0.5799752852221013	-0.49483069322187667	signed_within_dataset_zscore_mean	ok
MSCCR_reGRID_1675_Biopsy_2485	GSE193677	-0.20423878647379023	-0.2715385756754916	-0.31649434833232365	-0.02468343541355548	signed_within_dataset_zscore_mean	ok
MSCCR_reGRID_1675_Biopsy_2486	GSE193677	-0.15868120241486874	0.0970023804659815	0.04561102496920536	-0.6186570126797931	signed_within_dataset_zscore_mean	ok
MSCCR_reGRID_1675_Biopsy_2487	GSE193677	0.8683869826467268	0.3772070038655505	1.4724882035509992	0.7554657405236305	signed_within_dataset_zscore_mean	ok
MSCCR_reGRID_1677_Biopsy_2488	GSE193677	0.18927511991202076	-0.07515526766926353	0.9460184056076582	-0.3030377782023323	signed_within_dataset_zscore_mean	ok
MSCCR_reGRID_1677_Biopsy_2489	GSE193677	0.2699120886680737	-0.14914026880525455	-0.02129835880288558	0.9801748936123612	signed_within_dataset_zscore_mean	ok
MSCCR_reGRID_1678_Biopsy_2490	GSE193677	0.005619770176123362	0.0027897308895378004	0.24775155863297874	-0.23368197899414644	signed_within_dataset_zscore_mean	ok
MSCCR_reGRID_169_Biopsy_324	GSE193677	-1.0641164897132378	-0.7651729604713181	-1.484289692086418	-0.9428868165819773	signed_within_dataset_zscore_mean	ok
MSCCR_reGRID_169_Biopsy_325	GSE193677	-0.896844088346142	-0.28171181154384894	-1.224080870296957	-1.18473958319762	signed_within_dataset_zscore_mean	ok
MSCCR_reGRID_169_Biopsy_326	GSE193677	1.3733330597394444	0.3015553211846459	2.652411685761682	1.1660321722720057	signed_within_dataset_zscore_mean	ok
MSCCR_reGRID_16_Biopsy_34	GSE193677	0.7220312572323885	0.5112377020213031	0.40540273808186633	1.249453331593996	signed_within_dataset_zscore_mean	ok
MSCCR_reGRID_16_Biopsy_35	GSE193677	0.3197264188722252	0.716119740802888	0.18390001810721357	0.05915949770657406	signed_within_dataset_zscore_mean	ok
MSCCR_reGRID_16_Biopsy_36	GSE193677	-1.0860757275517718	-0.7101957905532806	-1.1750331899155735	-1.372998202186461	signed_within_dataset_zscore_mean	ok
MSCCR_reGRID_170_Biopsy_327	GSE193677	-0.02215680445237914	0.03320041820476982	-0.1855654992228219	0.08589466766091465	signed_within_dataset_zscore_mean	ok
MSCCR_reGRID_170_Biopsy_328	GSE193677	0.21442479261334702	0.10288507533093476	0.10235519666284021	0.43803410584626606	signed_within_dataset_zscore_mean	ok
MSCCR_reGRID_172_Biopsy_329	GSE193677	-0.3808801672796611	0.0890592107131533	-0.6053972440375198	-0.6263024685146168	signed_within_dataset_zscore_mean	ok
MSCCR_reGRID_172_Biopsy_330	GSE193677	-0.2941673171324948	0.2050229384093818	-0.46867855497126226	-0.6188463348356039	signed_within_dataset_zscore_mean	ok
MSCCR_reGRID_174_Biopsy_331	GSE193677	0.28248678840759395	0.27239726053637514	-0.31556193433285423	0.890625039019261	signed_within_dataset_zscore_mean	ok
MSCCR_reGRID_174_Biopsy_332	GSE193677	-0.5762402666635841	-0.6862135014945017	-1.0096137726657897	-0.032893525830460756	signed_within_dataset_zscore_mean	ok
MSCCR_reGRID_174_Biopsy_333	GSE193677	-0.3934062954454127	-0.07564060287358751	-0.748983612412472	-0.35559467105017856	signed_within_dataset_zscore_mean	ok
MSCCR_reGRID_175_Biopsy_334	GSE193677	-0.0685565651424007	0.19859327913058358	-0.7032316198103022	0.2989686452525166	signed_within_dataset_zscore_mean	ok
MSCCR_reGRID_175_Biopsy_335	GSE193677	-0.29948478349814095	0.050677022283673455	-0.8551034408058371	-0.09402793197225907	signed_within_dataset_zscore_mean	ok
MSCCR_reGRID_175_Biopsy_336	GSE193677	-0.33480700343596465	0.20280580318095948	-0.9128980536236204	-0.29432875986523294	signed_within_dataset_zscore_mean	ok
MSCCR_reGRID_176_Biopsy_337	GSE193677	0.020052218380104663	-0.1382204154341751	-0.31038235847177575	0.5087594290462648	signed_within_dataset_zscore_mean	ok
MSCCR_reGRID_176_Biopsy_338	GSE193677	0.7674074348432564	0.3259477578946256	1.1276801081974965	0.8485944384376468	signed_within_dataset_zscore_mean	ok
MSCCR_reGRID_177_Biopsy_339	GSE193677	0.9508209701078781	0.24179574231466822	1.259858690326443	1.3508084776825233	signed_within_dataset_zscore_mean	ok
MSCCR_reGRID_177_Biopsy_340	GSE193677	-0.3028530922282996	-0.4038617906706765	-0.259974413361889	-0.24472307265233328	signed_within_dataset_zscore_mean	ok
MSCCR_reGRID_177_Biopsy_341	GSE193677	-0.11122549187789703	-0.046230240187515745	-0.6932461666687282	0.40579993122255287	signed_within_dataset_zscore_mean	ok
MSCCR_reGRID_178_Biopsy_342	GSE193677	1.1231232966270062	0.5939044186077982	1.9142123287751869	0.8612531424980334	signed_within_dataset_zscore_mean	ok
MSCCR_reGRID_178_Biopsy_343	GSE193677	0.38650879261630794	-0.11859700857522867	0.7752947037572208	0.5028286826669318	signed_within_dataset_zscore_mean	ok
MSCCR_reGRID_17_Biopsy_37	GSE193677	-0.6546196380642203	-0.756938205263934	-0.9689196232972541	-0.23800108563147301	signed_within_dataset_zscore_mean	ok
MSCCR_reGRID_17_Biopsy_38	GSE193677	0.19316692803149652	0.209451632520548	-0.04767870690252225	0.4177278584764638	signed_within_dataset_zscore_mean	ok
MSCCR_reGRID_17_Biopsy_39	GSE193677	-0.38319667105247407	0.2845761389510778	-0.6284793359096207	-0.8056868161988792	signed_within_dataset_zscore_mean	ok
MSCCR_reGRID_180_Biopsy_344	GSE193677	0.5276327567555904	-0.09127641125980437	1.2205867652590339	0.45358791626754175	signed_within_dataset_zscore_mean	ok
MSCCR_reGRID_180_Biopsy_345	GSE193677	-0.08580197762220182	0.25531690039161326	0.04892017072163217	-0.5616430039798509	signed_within_dataset_zscore_mean	ok
MSCCR_reGRID_180_Biopsy_346	GSE193677	-0.11766352233175308	-0.003665447018416268	-0.1774757305169247	-0.17184938945991826	signed_within_dataset_zscore_mean	ok
MSCCR_reGRID_182_Biopsy_347	GSE193677	-0.15840227278704858	-0.5468987688533654	0.19815513289076891	-0.12646318239854923	signed_within_dataset_zscore_mean	ok
MSCCR_reGRID_182_Biopsy_348	GSE193677	-0.5114843039282096	-0.6157356734431189	-0.29356724149044516	-0.625149996851065	signed_within_dataset_zscore_mean	ok
MSCCR_reGRID_182_Biopsy_349	GSE193677	-0.6609646823598126	-0.1594849567026991	-0.5743224864794674	-1.2490866038972717	signed_within_dataset_zscore_mean	ok
MSCCR_reGRID_183_Biopsy_350	GSE193677	0.32934571750808	0.7592723680350474	0.08045299797832314	0.1483117865108694	signed_within_dataset_zscore_mean	ok
MSCCR_reGRID_184_Biopsy_351	GSE193677	0.25256434227956026	0.5024495269234681	-0.030315346590864455	0.28555884650607705	signed_within_dataset_zscore_mean	ok
MSCCR_reGRID_185_Biopsy_352	GSE193677	-0.43243403498028415	-0.2946674396609591	-0.7062632293163248	-0.2963714359635685	signed_within_dataset_zscore_mean	ok
MSCCR_reGRID_185_Biopsy_353	GSE193677	0.2999969631565708	0.25248975327698336	0.2249156277503655	0.4225855084423635	signed_within_dataset_zscore_mean	ok
MSCCR_reGRID_185_Biopsy_354	GSE193677	-0.025272575581789348	0.008583996712777032	0.020292691891983548	-0.10469441535012863	signed_within_dataset_zscore_mean	ok
MSCCR_reGRID_187_Biopsy_355	GSE193677	0.02618567988036169	-0.13735236122402164	-0.16422398482029696	0.38013338568540367	signed_within_dataset_zscore_mean	ok
MSCCR_reGRID_187_Biopsy_356	GSE193677	-0.01800070456792861	0.2904221004961868	0.4738589695985776	-0.8182831837985503	signed_within_dataset_zscore_mean	ok
MSCCR_reGRID_188_Biopsy_357	GSE193677	0.4803640576698403	-0.06224488236018115	0.5698183426172714	0.9335187127524307	signed_within_dataset_zscore_mean	ok
MSCCR_reGRID_188_Biopsy_358	GSE193677	1.4358149493754475	0.8014450383962102	1.4252775187259124	2.080722291004221	signed_within_dataset_zscore_mean	ok
MSCCR_reGRID_188_Biopsy_359	GSE193677	0.6428829313020245	0.38634816430942404	1.1164730455161842	0.4258275840804652	signed_within_dataset_zscore_mean	ok
MSCCR_reGRID_189_Biopsy_360	GSE193677	0.13385348539579808	0.2120387570320316	-0.6615347110244068	0.8510564101797694	signed_within_dataset_zscore_mean	ok
MSCCR_reGRID_189_Biopsy_361	GSE193677	-0.10137169807301756	0.24230835075723797	0.09947032493530808	-0.6458937699115987	signed_within_dataset_zscore_mean	ok
MSCCR_reGRID_18_Biopsy_40	GSE193677	-0.03753960157946984	-0.01356283380588772	-0.045296483474861836	-0.05375948745765997	signed_within_dataset_zscore_mean	ok
MSCCR_reGRID_18_Biopsy_41	GSE193677	0.05063127156307648	0.06662414869495166	-0.038925038200395744	0.12419470419467353	signed_within_dataset_zscore_mean	ok
MSCCR_reGRID_18_Biopsy_42	GSE193677	-0.0465273453618276	0.1596722938270104	0.26063772925164425	-0.5598920591641374	signed_within_dataset_zscore_mean	ok
MSCCR_reGRID_190_Biopsy_362	GSE193677	0.8218389193988269	0.018429697818281788	1.512666313623034	0.9344207467551647	signed_within_dataset_zscore_mean	ok
MSCCR_reGRID_190_Biopsy_363	GSE193677	0.11620752578628468	-0.32448583185456403	0.5022209025515451	0.170887506661873	signed_within_dataset_zscore_mean	ok
MSCCR_reGRID_191_Biopsy_364	GSE193677	-0.8691617986963562	-0.8469448377439044	-0.5676732757017422	-1.1928672826434221	signed_within_dataset_zscore_mean	ok
MSCCR_reGRID_191_Biopsy_365	GSE193677	-0.694774074540728	-0.5668697719771755	-1.02703385793311	-0.4904185937118988	signed_within_dataset_zscore_mean	ok
MSCCR_reGRID_192_Biopsy_366	GSE193677	1.8281258093487616	1.0186735297554494	3.2660885314731956	1.1996153668176397	signed_within_dataset_zscore_mean	ok
MSCCR_reGRID_192_Biopsy_367	GSE193677	-0.020528139928094418	0.4261306247306556	-0.13571411864264876	-0.3520009258722901	signed_within_dataset_zscore_mean	ok
MSCCR_reGRID_192_Biopsy_368	GSE193677	0.16798142166072227	-0.17974978368675945	0.4985994658943286	0.1850945827745977	signed_within_dataset_zscore_mean	ok
MSCCR_reGRID_193_Biopsy_369	GSE193677	-0.7966708726688143	-0.5333446112765446	-1.0963714632832553	-0.760296543446643	signed_within_dataset_zscore_mean	ok
MSCCR_reGRID_193_Biopsy_370	GSE193677	0.07860326458574647	-0.09234531782806252	-0.015337460607455422	0.34349257219275736	signed_within_dataset_zscore_mean	ok
MSCCR_reGRID_193_Biopsy_371	GSE193677	-0.5347221316671146	0.2301186795608817	-0.9583616556506185	-0.875923418911607	signed_within_dataset_zscore_mean	ok
MSCCR_reGRID_194_Biopsy_372	GSE193677	-0.20393480874173953	0.3948505376424211	-0.5150014088745085	-0.4916535549931312	signed_within_dataset_zscore_mean	ok
MSCCR_reGRID_194_Biopsy_373	GSE193677	0.25684082007279013	0.3577176509842553	0.2774445957360304	0.1353602134980846	signed_within_dataset_zscore_mean	ok
MSCCR_reGRID_194_Biopsy_374	GSE193677	-0.11901525314942656	0.2809083877574433	-0.3728703781157439	-0.26508376908997905	signed_within_dataset_zscore_mean	ok
MSCCR_reGRID_196_Biopsy_375	GSE193677	0.10729530998061172	0.08543373303942556	-0.14794943430611857	0.38440163120852816	signed_within_dataset_zscore_mean	ok
MSCCR_reGRID_196_Biopsy_376	GSE193677	0.963526573931254	0.207286450283633	1.3585658240799265	1.3247274474302024	signed_within_dataset_zscore_mean	ok
MSCCR_reGRID_196_Biopsy_377	GSE193677	0.25361840374262723	0.5480975074453148	-0.07072819110509103	0.28348589488765785	signed_within_dataset_zscore_mean	ok
MSCCR_reGRID_197_Biopsy_378	GSE193677	0.533692658796755	-0.3226445695616134	0.4632006695858366	1.4605218763660417	signed_within_dataset_zscore_mean	ok
MSCCR_reGRID_197_Biopsy_379	GSE193677	-0.3535626285975935	-0.07725283347576686	-0.5446693817922155	-0.4387656705247984	signed_within_dataset_zscore_mean	ok
MSCCR_reGRID_197_Biopsy_380	GSE193677	0.28251190294100254	0.12484594854539614	0.19760531455242672	0.5250844457251846	signed_within_dataset_zscore_mean	ok
MSCCR_reGRID_198_Biopsy_381	GSE193677	-0.688748282286904	-0.9444677289570802	-0.47316577729102294	-0.6486113406126088	signed_within_dataset_zscore_mean	ok
MSCCR_reGRID_198_Biopsy_382	GSE193677	-0.31179281684842686	-0.5786089730785772	0.3640574807938134	-0.7208269582605168	signed_within_dataset_zscore_mean	ok
MSCCR_reGRID_198_Biopsy_383	GSE193677	-0.4080002433140961	-0.0792231215204576	-0.7944528957885904	-0.35032471263324033	signed_within_dataset_zscore_mean	ok
MSCCR_reGRID_199_Biopsy_384	GSE193677	-0.7435599216761758	-0.3160139642859893	-1.2425400100260298	-0.6721257907165085	signed_within_dataset_zscore_mean	ok
MSCCR_reGRID_199_Biopsy_385	GSE193677	-0.6935170954837716	-0.5615051555788678	-1.0113737813917867	-0.5076723494806605	signed_within_dataset_zscore_mean	ok
MSCCR_reGRID_199_Biopsy_386	GSE193677	-0.6244730791588036	-0.25204677612366433	-1.360271388872064	-0.2611010724806823	signed_within_dataset_zscore_mean	ok
MSCCR_reGRID_19_Biopsy_43	GSE193677	0.5602706121347106	-0.13654582587532063	1.2018281337234693	0.6155295285559833	signed_within_dataset_zscore_mean	ok
MSCCR_reGRID_19_Biopsy_44	GSE193677	-0.3602160741406319	-0.14566199633916002	-0.6446638140922278	-0.29032241199050784	signed_within_dataset_zscore_mean	ok
MSCCR_reGRID_19_Biopsy_45	GSE193677	-0.7200054102597123	-0.06860512972340624	-0.44491491399989025	-1.6464961870558403	signed_within_dataset_zscore_mean	ok
MSCCR_reGRID_1_Biopsy_1	GSE193677	-0.1246556459350386	-0.28571561156747666	-5.4126529546416614e-05	-0.08819719970809274	signed_within_dataset_zscore_mean	ok
MSCCR_reGRID_1_Biopsy_2	GSE193677	-0.7313444964042123	-0.5957165502374371	-1.0119174078603328	-0.5863995311148668	signed_within_dataset_zscore_mean	ok
MSCCR_reGRID_1_Biopsy_3	GSE193677	0.2645460034222493	0.7415160477522441	-0.5649472581875072	0.6170692207020111	signed_within_dataset_zscore_mean	ok
MSCCR_reGRID_200_Biopsy_387	GSE193677	-0.12699582238510335	-0.2052551913987076	-0.6462311258720079	0.47049885011540554	signed_within_dataset_zscore_mean	ok
MSCCR_reGRID_200_Biopsy_388	GSE193677	-0.12164157807283206	-0.13611820043657633	-0.550719198030133	0.32191266424821313	signed_within_dataset_zscore_mean	ok
MSCCR_reGRID_200_Biopsy_389	GSE193677	-0.23247407152008523	-0.13971477402595825	-0.6358152979048766	0.07810785737057908	signed_within_dataset_zscore_mean	ok
MSCCR_reGRID_201_Biopsy_390	GSE193677	-0.7003979002487042	-0.9480703587222299	-1.1553080221894807	0.0021846801655978168	signed_within_dataset_zscore_mean	ok
MSCCR_reGRID_201_Biopsy_391	GSE193677	-0.24271936266772498	-0.1562869496203142	-0.6032064096255583	0.03133527124269754	signed_within_dataset_zscore_mean	ok
MSCCR_reGRID_202_Biopsy_392	GSE193677	1.1793023339594735	0.40308344632760706	1.6364954965760965	1.4983280589747168	signed_within_dataset_zscore_mean	ok
MSCCR_reGRID_202_Biopsy_393	GSE193677	-0.4042178988912024	-0.08940126722503017	-0.5192468361443996	-0.6040055933041776	signed_within_dataset_zscore_mean	ok
MSCCR_reGRID_202_Biopsy_394	GSE193677	-0.7574965943286619	-0.22073597160779385	-0.5171995652632809	-1.5345542461149106	signed_within_dataset_zscore_mean	ok
MSCCR_reGRID_203_Biopsy_395	GSE193677	-0.4702231601336357	0.17504233840662384	-0.8760985602751704	-0.7096132585323606	signed_within_dataset_zscore_mean	ok
MSCCR_reGRID_203_Biopsy_396	GSE193677	-0.9439384502458305	-0.7530825408347359	-0.8821397099477227	-1.1965930999550325	signed_within_dataset_zscore_mean	ok
MSCCR_reGRID_203_Biopsy_397	GSE193677	-0.8867998939972793	-0.517414634967829	-1.1225428053336937	-1.0204422416903152	signed_within_dataset_zscore_mean	ok
MSCCR_reGRID_205_Biopsy_398	GSE193677	-0.40157106485878735	-0.37308067594944616	-0.20408843204741203	-0.6275440865795039	signed_within_dataset_zscore_mean	ok
MSCCR_reGRID_205_Biopsy_399	GSE193677	-0.34576851829135397	-0.4068451086411901	-0.23349799586639194	-0.39696245036648	signed_within_dataset_zscore_mean	ok
MSCCR_reGRID_205_Biopsy_400	GSE193677	0.6444246668496058	0.22932302601195698	0.1480841135282066	1.555866861008654	signed_within_dataset_zscore_mean	ok
MSCCR_reGRID_206_Biopsy_401	GSE193677	1.119014335755671	1.194500412161299	1.4686147425127316	0.6939278525929824	signed_within_dataset_zscore_mean	ok
MSCCR_reGRID_206_Biopsy_402	GSE193677	0.20726852985618283	0.49377871935922	-0.4208266504743494	0.5488535206836779	signed_within_dataset_zscore_mean	ok
MSCCR_reGRID_206_Biopsy_403	GSE193677	0.1835761332676733	0.7452900862656365	-0.235965732706742	0.04140404624412544	signed_within_dataset_zscore_mean	ok
MSCCR_reGRID_207_Biopsy_404	GSE193677	1.0761650464290364	0.47143718382180183	1.4991752780105638	1.257882677454744	signed_within_dataset_zscore_mean	ok
MSCCR_reGRID_207_Biopsy_405	GSE193677	0.637157069265961	0.14501666864196422	1.1581256425385116	0.6083288966174072	signed_within_dataset_zscore_mean	ok
MSCCR_reGRID_207_Biopsy_406	GSE193677	0.7096395045883511	0.5740960978003112	0.5234294124243799	1.0313930035403625	signed_within_dataset_zscore_mean	ok
MSCCR_reGRID_208_Biopsy_407	GSE193677	-0.007457380305227357	-0.268441980880838	0.14060415711404445	0.10546568285111146	signed_within_dataset_zscore_mean	ok
MSCCR_reGRID_209_Biopsy_408	GSE193677	0.3684792100268839	0.5040429336485773	0.5515910271147759	0.04980366931729859	signed_within_dataset_zscore_mean	ok
MSCCR_reGRID_20_Biopsy_46	GSE193677	0.53786227482283	0.1840276361376993	1.077060524681459	0.3524986636493317	signed_within_dataset_zscore_mean	ok
MSCCR_reGRID_20_Biopsy_47	GSE193677	-0.3815557589327528	-0.06159825546813935	-0.7012964759972734	-0.3817725453328457	signed_within_dataset_zscore_mean	ok
MSCCR_reGRID_20_Biopsy_48	GSE193677	-0.17277758878315372	0.42641573193316457	-0.8169201969336223	-0.1278283013490034	signed_within_dataset_zscore_mean	ok
MSCCR_reGRID_210_Biopsy_409	GSE193677	0.6341720061532178	0.2113105117452559	0.9481908748281376	0.7430146318862597	signed_within_dataset_zscore_mean	ok
MSCCR_reGRID_210_Biopsy_410	GSE193677	0.2423666858902762	0.37155495262602406	0.25982413775866064	0.09572096728614383	signed_within_dataset_zscore_mean	ok
MSCCR_reGRID_210_Biopsy_411	GSE193677	-0.16954637904106176	0.04672446396805017	-0.017724321871231484	-0.537639279220004	signed_within_dataset_zscore_mean	ok
MSCCR_reGRID_211_Biopsy_412	GSE193677	0.3871110003964473	-0.0015251422035696739	0.4403846284556988	0.7224735149372128	signed_within_dataset_zscore_mean	ok
MSCCR_reGRID_211_Biopsy_413	GSE193677	-0.43868890785371567	-0.4470064448985374	-0.6181794378992294	-0.2508808407633803	signed_within_dataset_zscore_mean	ok
MSCCR_reGRID_211_Biopsy_414	GSE193677	0.11191900742427519	-0.05515966777114241	0.614756799805764	-0.22384010976179605	signed_within_dataset_zscore_mean	ok
MSCCR_reGRID_212_Biopsy_415	GSE193677	-0.15297213736111884	-0.45879732541491175	-0.010678735262572247	0.010559648594127502	signed_within_dataset_zscore_mean	ok
MSCCR_reGRID_212_Biopsy_416	GSE193677	-0.2341486196729771	0.30068754393826636	-0.7120484795492577	-0.29108492340794007	signed_within_dataset_zscore_mean	ok
MSCCR_reGRID_213_Biopsy_417	GSE193677	-0.5728615774038284	-0.900022696632296	-0.20760186151009127	-0.6109601740690981	signed_within_dataset_zscore_mean	ok
MSCCR_reGRID_213_Biopsy_418	GSE193677	0.6335720347793911	0.22279026982348613	1.4460358975747676	0.2318899369399197	signed_within_dataset_zscore_mean	ok
MSCCR_reGRID_213_Biopsy_419	GSE193677	0.18101791489820682	-0.2807783999470205	0.45120785825555865	0.3726242863860822	signed_within_dataset_zscore_mean	ok
MSCCR_reGRID_214_Biopsy_420	GSE193677	3.0431579754978397	1.8321278658906046	3.570796957872072	3.7265491027308424	signed_within_dataset_zscore_mean	ok
MSCCR_reGRID_214_Biopsy_421	GSE193677	-0.09114341551370068	0.4414381636839201	-0.041743590420192794	-0.6731248198048293	signed_within_dataset_zscore_mean	ok
MSCCR_reGRID_214_Biopsy_422	GSE193677	0.6928446307132702	1.2412436117313796	0.05634415788092293	0.7809461225275082	signed_within_dataset_zscore_mean	ok
MSCCR_reGRID_215_Biopsy_423	GSE193677	0.7362551051269453	-0.014584004983053922	1.5169279744206807	0.7064213459432089	signed_within_dataset_zscore_mean	ok
MSCCR_reGRID_215_Biopsy_424	GSE193677	0.3509628449110402	0.5639066437070012	0.23073943096129615	0.25824246006482315	signed_within_dataset_zscore_mean	ok
MSCCR_reGRID_215_Biopsy_425	GSE193677	-0.4045933253597778	0.12033194238183934	-0.7253568752728843	-0.6087550431882885	signed_within_dataset_zscore_mean	ok
MSCCR_reGRID_216_Biopsy_426	GSE193677	-0.24468660385264296	-0.7700508046824858	0.46811114332445064	-0.43212015019989375	signed_within_dataset_zscore_mean	ok
MSCCR_reGRID_217_Biopsy_427	GSE193677	0.32295487667303724	0.14656490390516502	0.3335821040542937	0.4887176220596529	signed_within_dataset_zscore_mean	ok
MSCCR_reGRID_217_Biopsy_428	GSE193677	0.033763864542821875	0.12334096645199229	-0.3451151585246435	0.3230657857011168	signed_within_dataset_zscore_mean	ok
MSCCR_reGRID_217_Biopsy_429	GSE193677	0.03967118338380577	0.2562962197190173	0.08823174957858412	-0.22551441914618411	signed_within_dataset_zscore_mean	ok
MSCCR_reGRID_219_Biopsy_430	GSE193677	0.38247856914823064	0.14711881615657899	-0.07385185988753014	1.074168751175643	signed_within_dataset_zscore_mean	ok
MSCCR_reGRID_219_Biopsy_431	GSE193677	-0.12316082193198023	-0.217956310394866	-0.21833507395422247	0.06680891855314774	signed_within_dataset_zscore_mean	ok
MSCCR_reGRID_219_Biopsy_432	GSE193677	-0.1327909303267704	-0.03677780129965102	-0.10409698812971166	-0.2574980015509485	signed_within_dataset_zscore_mean	ok
MSCCR_reGRID_220_Biopsy_433	GSE193677	-0.027177052354215154	-0.16354717162554175	-0.03175044193887668	0.11376645650177297	signed_within_dataset_zscore_mean	ok
MSCCR_reGRID_220_Biopsy_434	GSE193677	-0.300516890022926	-0.5448658580625424	-0.041742043068739056	-0.3149427689374964	signed_within_dataset_zscore_mean	ok
MSCCR_reGRID_221_Biopsy_435	GSE193677	-0.03638724499062706	0.29338696215521043	-0.2572592428094601	-0.1452894543176315	signed_within_dataset_zscore_mean	ok
MSCCR_reGRID_221_Biopsy_436	GSE193677	-0.043756331638222325	0.08294191619735596	-0.33399773991110004	0.1197868287990771	signed_within_dataset_zscore_mean	ok
MSCCR_reGRID_221_Biopsy_437	GSE193677	1.2409396591501964	0.7480809072427929	1.6783856300196365	1.29635244018816	signed_within_dataset_zscore_mean	ok
MSCCR_reGRID_222_Biopsy_438	GSE193677	0.11015460186269192	0.32142988816529244	-0.24601803833820987	0.2550519557609932	signed_within_dataset_zscore_mean	ok
MSCCR_reGRID_222_Biopsy_439	GSE193677	-0.263803241422425	0.3891382508891371	-0.9561919291122363	-0.22435604604417578	signed_within_dataset_zscore_mean	ok
MSCCR_reGRID_223_Biopsy_440	GSE193677	-0.9358109113248209	-0.6769673254505534	-1.0406287658677864	-1.0898366426561226	signed_within_dataset_zscore_mean	ok
MSCCR_reGRID_223_Biopsy_441	GSE193677	-0.890643023400329	-0.619904126711942	-0.8388583334082892	-1.2131666100807554	signed_within_dataset_zscore_mean	ok
MSCCR_reGRID_223_Biopsy_442	GSE193677	-0.5630548601681925	-0.2746300753499918	-0.7168747321377549	-0.6976597730168311	signed_within_dataset_zscore_mean	ok
MSCCR_reGRID_224_Biopsy_443	GSE193677	-0.05352281343576056	0.4310276854270653	0.14751883245177336	-0.7391149581861204	signed_within_dataset_zscore_mean	ok
MSCCR_reGRID_224_Biopsy_444	GSE193677	0.2354409674415345	-0.1011961200363329	0.5724451089502343	0.23507391341070213	signed_within_dataset_zscore_mean	ok
MSCCR_reGRID_224_Biopsy_445	GSE193677	-0.2844476374448756	0.11325453151449634	-0.45366217207199044	-0.5129352717771326	signed_within_dataset_zscore_mean	ok
MSCCR_reGRID_225_Biopsy_446	GSE193677	0.37095143402613856	0.15562561305954728	0.8239282700119273	0.13330041900694115	signed_within_dataset_zscore_mean	ok
MSCCR_reGRID_225_Biopsy_447	GSE193677	0.32821618724116225	0.8156280034623279	0.2121797079237971	-0.043159149662638174	signed_within_dataset_zscore_mean	ok
MSCCR_reGRID_225_Biopsy_448	GSE193677	-0.20657610647983074	0.14643307930186508	-0.28862470077580715	-0.47753669796555015	signed_within_dataset_zscore_mean	ok
MSCCR_reGRID_228_Biopsy_449	GSE193677	-0.08049645561300595	-0.4366600227183001	0.0047862874675931085	0.19038436841168915	signed_within_dataset_zscore_mean	ok
MSCCR_reGRID_228_Biopsy_450	GSE193677	0.21756778424104048	0.000530140941264623	0.5258211734826583	0.12635203829919844	signed_within_dataset_zscore_mean	ok
MSCCR_reGRID_228_Biopsy_451	GSE193677	0.3228355600902771	-0.18869894182381192	0.5550611894580735	0.6021444326365698	signed_within_dataset_zscore_mean	ok
MSCCR_reGRID_229_Biopsy_452	GSE193677	1.1741793258046183	0.14123891589416154	1.5763153074077352	1.8049837541119576	signed_within_dataset_zscore_mean	ok
MSCCR_reGRID_22_Biopsy_49	GSE193677	0.24246594617189662	-0.26585185395070415	0.021225920993166426	0.9720237714732276	signed_within_dataset_zscore_mean	ok
MSCCR_reGRID_22_Biopsy_50	GSE193677	0.11094516001906629	-0.36704530054792633	0.6416917974266343	0.058188983178490895	signed_within_dataset_zscore_mean	ok
MSCCR_reGRID_22_Biopsy_51	GSE193677	-0.3119695816589476	-0.6444872393794727	0.1458169387723855	-0.4372384443697556	signed_within_dataset_zscore_mean	ok
MSCCR_reGRID_230_Biopsy_453	GSE193677	0.490005062657118	0.3663162322035763	0.3460491272885022	0.7576498284792756	signed_within_dataset_zscore_mean	ok
MSCCR_reGRID_230_Biopsy_454	GSE193677	0.5606025183632962	0.18439305366548725	0.7549764933312202	0.7424380080931812	signed_within_dataset_zscore_mean	ok
MSCCR_reGRID_230_Biopsy_455	GSE193677	0.7547637255495928	0.3935923592422329	0.7183923927424726	1.1523064246640728	signed_within_dataset_zscore_mean	ok
MSCCR_reGRID_233_Biopsy_456	GSE193677	-0.07401364976566716	-0.17278026149622178	-0.5486615627091896	0.49940087490841	signed_within_dataset_zscore_mean	ok
MSCCR_reGRID_233_Biopsy_457	GSE193677	0.6059288187052145	-0.19801718952375974	1.2536891195587638	0.7621145260806395	signed_within_dataset_zscore_mean	ok
MSCCR_reGRID_233_Biopsy_458	GSE193677	0.22760429663814485	0.15453280659232008	-0.06218124978152397	0.5904613331036385	signed_within_dataset_zscore_mean	ok
MSCCR_reGRID_234_Biopsy_459	GSE193677	0.031711706977599195	-0.33160118465183125	0.2795509511398392	0.14718535444478964	signed_within_dataset_zscore_mean	ok
MSCCR_reGRID_234_Biopsy_460	GSE193677	-0.3492220713334757	-0.5962038500946637	-0.46049390030854165	0.009031536402778206	signed_within_dataset_zscore_mean	ok
MSCCR_reGRID_235_Biopsy_461	GSE193677	0.7857861216072947	0.10873763383863486	1.5278946351605194	0.7207260958227296	signed_within_dataset_zscore_mean	ok
MSCCR_reGRID_235_Biopsy_462	GSE193677	-0.3953378081530392	-0.27935968127640676	-0.576676760542955	-0.32997698263975583	signed_within_dataset_zscore_mean	ok
MSCCR_reGRID_235_Biopsy_463	GSE193677	-0.1892353954708872	-0.023928634405753452	-0.8920003935742141	0.34822284156730604	signed_within_dataset_zscore_mean	ok
MSCCR_reGRID_238_Biopsy_464	GSE193677	0.21640409056876594	0.49931489812640945	-0.2776466293564183	0.4275440029363067	signed_within_dataset_zscore_mean	ok
MSCCR_reGRID_238_Biopsy_465	GSE193677	-0.08057104207241139	-0.29368876622422924	0.479139704713697	-0.42716406470670193	signed_within_dataset_zscore_mean	ok
MSCCR_reGRID_238_Biopsy_466	GSE193677	-0.0546030584906424	-0.05720991636688031	0.7769224899452354	-0.8835217490502822	signed_within_dataset_zscore_mean	ok
MSCCR_reGRID_239_Biopsy_467	GSE193677	0.8114658004532838	-0.2830980967965379	1.6984607517237333	1.019034746432656	signed_within_dataset_zscore_mean	ok
MSCCR_reGRID_240_Biopsy_468	GSE193677	-0.23710904013072343	0.0521438426749572	-0.3499381385304063	-0.41353282453672113	signed_within_dataset_zscore_mean	ok
MSCCR_reGRID_240_Biopsy_469	GSE193677	-0.2455410937208914	-0.02615923357525223	-0.7453504272515443	0.034886379664122336	signed_within_dataset_zscore_mean	ok
MSCCR_reGRID_240_Biopsy_470	GSE193677	-0.06795369644793037	0.1780836567434149	-0.41692206530750975	0.03497731922030375	signed_within_dataset_zscore_mean	ok
MSCCR_reGRID_241_Biopsy_471	GSE193677	-0.05721318239574468	-0.056120404706887464	-0.29313315344578916	0.17761401096544258	signed_within_dataset_zscore_mean	ok
MSCCR_reGRID_241_Biopsy_472	GSE193677	-0.6637802383627093	-0.19858264901056805	-1.2665714655988982	-0.5261866004786615	signed_within_dataset_zscore_mean	ok
MSCCR_reGRID_241_Biopsy_473	GSE193677	1.2891277363023077	0.6773669801119768	2.0326382694986056	1.1573779592963402	signed_within_dataset_zscore_mean	ok
MSCCR_reGRID_242_Biopsy_474	GSE193677	0.33893741047914183	0.06419116895093172	0.1378684508389209	0.814752611647573	signed_within_dataset_zscore_mean	ok
MSCCR_reGRID_242_Biopsy_475	GSE193677	-0.056451316865916056	0.08273560237614781	-0.24752935411821184	-0.00456019885568415	signed_within_dataset_zscore_mean	ok
MSCCR_reGRID_242_Biopsy_476	GSE193677	0.040536926977593986	0.3871698947742832	-0.03453464213747408	-0.23102447170402715	signed_within_dataset_zscore_mean	ok
MSCCR_reGRID_243_Biopsy_477	GSE193677	0.1587494781331974	0.6278668952099079	-0.20826422996257837	0.05664576915226268	signed_within_dataset_zscore_mean	ok
MSCCR_reGRID_243_Biopsy_478	GSE193677	0.03650789715938399	0.3552441677467358	-0.07930807767397427	-0.16641239859460957	signed_within_dataset_zscore_mean	ok
MSCCR_reGRID_243_Biopsy_479	GSE193677	0.1150511546270133	0.7769458942900204	-0.08548766874026534	-0.3463047616687151	signed_within_dataset_zscore_mean	ok
MSCCR_reGRID_245_Biopsy_480	GSE193677	0.5752717894953464	0.4897207003514065	0.7209345236614703	0.5151601444731626	signed_within_dataset_zscore_mean	ok
MSCCR_reGRID_245_Biopsy_481	GSE193677	-0.8073595756404962	-1.0306328598894732	-0.9515162678505555	-0.43992959918145996	signed_within_dataset_zscore_mean	ok
MSCCR_reGRID_246_Biopsy_482	GSE193677	-0.5421225419810477	-0.8498468830919027	0.11818001771907524	-0.8947007605703158	signed_within_dataset_zscore_mean	ok
MSCCR_reGRID_246_Biopsy_483	GSE193677	0.5912421024752214	0.23334034239879084	0.5195475547871155	1.0208384102397579	signed_within_dataset_zscore_mean	ok
MSCCR_reGRID_247_Biopsy_484	GSE193677	-1.1487465533231955	-0.7815810640271186	-1.198603001778893	-1.4660555941635751	signed_within_dataset_zscore_mean	ok
MSCCR_reGRID_247_Biopsy_485	GSE193677	-0.6453847124063654	-0.23407854960120456	-0.7937766192376993	-0.9082989683801922	signed_within_dataset_zscore_mean	ok
MSCCR_reGRID_248_Biopsy_486	GSE193677	0.6619888891642582	0.23024694468887003	0.687260374747774	1.0684593480561306	signed_within_dataset_zscore_mean	ok
MSCCR_reGRID_248_Biopsy_487	GSE193677	-0.2988885162096784	0.40659805555898243	-0.1814131981583477	-1.12185040602967	signed_within_dataset_zscore_mean	ok
MSCCR_reGRID_24_Biopsy_52	GSE193677	0.39798672115244593	0.06535256983449136	1.323444141441343	-0.19483654781849666	signed_within_dataset_zscore_mean	ok
MSCCR_reGRID_24_Biopsy_53	GSE193677	0.4384551002360635	0.4644342597183531	1.3414141460606719	-0.4904831050708345	signed_within_dataset_zscore_mean	ok
MSCCR_reGRID_250_Biopsy_488	GSE193677	-0.2268022313394941	0.005588872897016905	-0.641098045431231	-0.04489752148426825	signed_within_dataset_zscore_mean	ok
MSCCR_reGRID_250_Biopsy_489	GSE193677	0.019386704098838543	-0.015864167772243584	-0.6396386608102235	0.7136629408789826	signed_within_dataset_zscore_mean	ok
MSCCR_reGRID_251_Biopsy_490	GSE193677	0.8079634816440066	0.35680508638450215	1.837561941479257	0.22952341706826054	signed_within_dataset_zscore_mean	ok
MSCCR_reGRID_251_Biopsy_491	GSE193677	0.8636911703626771	0.4499764695700826	0.7469938416640279	1.3941031998539206	signed_within_dataset_zscore_mean	ok
MSCCR_reGRID_251_Biopsy_492	GSE193677	-0.275512037023459	0.06383365605906702	-0.5406980258298908	-0.3496717412995533	signed_within_dataset_zscore_mean	ok
MSCCR_reGRID_252_Biopsy_493	GSE193677	-0.386983132263637	-0.09861409699476412	-0.8543160195448998	-0.20801928025124708	signed_within_dataset_zscore_mean	ok
MSCCR_reGRID_252_Biopsy_494	GSE193677	-0.5296834640587976	-0.5014619092497774	-0.8635482151373959	-0.2240402677892197	signed_within_dataset_zscore_mean	ok
MSCCR_reGRID_252_Biopsy_495	GSE193677	-0.277434241914742	-0.08168506879380952	-0.26460805277854627	-0.48600960417187006	signed_within_dataset_zscore_mean	ok
MSCCR_reGRID_254_Biopsy_496	GSE193677	-0.2594204405486036	-0.3769041881451634	-0.27963363890081866	-0.12172349459982863	signed_within_dataset_zscore_mean	ok
MSCCR_reGRID_254_Biopsy_497	GSE193677	-0.07559432541600682	-0.12979200769003424	-0.4965638552462841	0.39957288668829793	signed_within_dataset_zscore_mean	ok
MSCCR_reGRID_254_Biopsy_498	GSE193677	-0.15205451683374188	-0.33335962069356573	-0.004566576730228056	-0.11823735307743188	signed_within_dataset_zscore_mean	ok
MSCCR_reGRID_255_Biopsy_499	GSE193677	-0.9442944633767777	-1.0861377896550313	-1.3869686371468106	-0.35977696332849113	signed_within_dataset_zscore_mean	ok
MSCCR_reGRID_256_Biopsy_500	GSE193677	-1.4054862750853336	-0.9949728541965293	-1.2515350484141232	-1.9699509226453487	signed_within_dataset_zscore_mean	ok
MSCCR_reGRID_256_Biopsy_501	GSE193677	-0.17739990047387333	-0.13687152013451834	-0.2946176319021771	-0.10071054938492452	signed_within_dataset_zscore_mean	ok
MSCCR_reGRID_256_Biopsy_502	GSE193677	0.14740815207063104	0.12898657296664123	0.07176467208476689	0.24147321116048504	signed_within_dataset_zscore_mean	ok
MSCCR_reGRID_257_Biopsy_503	GSE193677	0.8493174706061545	0.38351849644443475	1.0245414603989984	1.1398924549750304	signed_within_dataset_zscore_mean	ok
MSCCR_reGRID_257_Biopsy_504	GSE193677	-0.6136601596757406	-0.43903216957017815	-0.6746562377726671	-0.7272920716843766	signed_within_dataset_zscore_mean	ok
MSCCR_reGRID_257_Biopsy_505	GSE193677	-0.6311105343310311	0.02577439021248711	-0.8164403590822058	-1.102665634123375	signed_within_dataset_zscore_mean	ok
MSCCR_reGRID_258_Biopsy_506	GSE193677	-0.030532849134915014	0.15614706389443542	-0.4460872194109219	0.1983416081117414	signed_within_dataset_zscore_mean	ok
MSCCR_reGRID_258_Biopsy_507	GSE193677	0.02370509170192749	-0.15195832070349954	-0.20310739244180903	0.426180988251091	signed_within_dataset_zscore_mean	ok
MSCCR_reGRID_258_Biopsy_508	GSE193677	0.07752384613141687	0.2604304722084224	-0.35599800465366327	0.32813907083949145	signed_within_dataset_zscore_mean	ok
MSCCR_reGRID_259_Biopsy_509	GSE193677	-0.5929271537810975	-0.7181681519893056	-0.6370814361793928	-0.42353187317459406	signed_within_dataset_zscore_mean	ok
MSCCR_reGRID_259_Biopsy_510	GSE193677	-0.27615620083940523	-0.3131415370869957	-0.2562587880967402	-0.25906827733447985	signed_within_dataset_zscore_mean	ok
MSCCR_reGRID_259_Biopsy_511	GSE193677	-0.16861834756186345	-0.18647486352125725	-0.282033727683626	-0.03734645148070704	signed_within_dataset_zscore_mean	ok
MSCCR_reGRID_25_Biopsy_54	GSE193677	-0.7887394193787515	-0.8952939835596521	-1.140555051328208	-0.3303692232483944	signed_within_dataset_zscore_mean	ok
MSCCR_reGRID_25_Biopsy_55	GSE193677	-0.5076555894219493	-0.3651652484794163	-0.5749322176591162	-0.5828693021273158	signed_within_dataset_zscore_mean	ok
MSCCR_reGRID_25_Biopsy_56	GSE193677	-0.16549959320114013	-0.22724680201983402	-0.3405240740214302	0.07127209643784375	signed_within_dataset_zscore_mean	ok
MSCCR_reGRID_261_Biopsy_512	GSE193677	-0.43607051711813577	-0.8926689471701582	-0.3651705999610808	-0.05037200422316814	signed_within_dataset_zscore_mean	ok
MSCCR_reGRID_261_Biopsy_513	GSE193677	-0.5672511611113885	-0.3589404233378105	-1.1149477670139452	-0.22786529298240965	signed_within_dataset_zscore_mean	ok
MSCCR_reGRID_261_Biopsy_514	GSE193677	-0.6433804212401882	-0.29022610456171893	-1.2044174647163377	-0.43549769444250824	signed_within_dataset_zscore_mean	ok
MSCCR_reGRID_262_Biopsy_515	GSE193677	0.7223834602195393	0.443672198421538	0.8883093380997646	0.8351688441373155	signed_within_dataset_zscore_mean	ok
MSCCR_reGRID_263_Biopsy_516	GSE193677	0.32127044616847567	0.4421774428828867	0.23006496267145957	0.29156893295108083	signed_within_dataset_zscore_mean	ok
MSCCR_reGRID_263_Biopsy_517	GSE193677	-0.24957891144705666	-0.5749469905708606	-0.13781891833051968	-0.03597082543978969	signed_within_dataset_zscore_mean	ok
MSCCR_reGRID_263_Biopsy_518	GSE193677	1.496753791856228	0.9947234970168658	1.4888404433077533	2.006697435244065	signed_within_dataset_zscore_mean	ok
MSCCR_reGRID_265_Biopsy_519	GSE193677	0.20329001832396745	0.2311802794417365	-0.2938803784376564	0.6725701539678223	signed_within_dataset_zscore_mean	ok
MSCCR_reGRID_265_Biopsy_520	GSE193677	-0.17587444903178262	-0.1983201838328573	-0.34720447519502795	0.01790131193253741	signed_within_dataset_zscore_mean	ok
MSCCR_reGRID_265_Biopsy_521	GSE193677	0.2358593148983501	-0.146750837764219	1.03907606166185	-0.18474727920258058	signed_within_dataset_zscore_mean	ok
MSCCR_reGRID_266_Biopsy_522	GSE193677	-0.9882996303633146	-0.2873395061092829	-1.5315318673902225	-1.1460275175904386	signed_within_dataset_zscore_mean	ok
MSCCR_reGRID_266_Biopsy_523	GSE193677	-0.5283047885335053	-0.4141244760848254	-0.9190850714946672	-0.25170481802102335	signed_within_dataset_zscore_mean	ok
MSCCR_reGRID_266_Biopsy_524	GSE193677	-0.13499420257856112	-0.0551527458675513	-0.2856272887333766	-0.06420257313475541	signed_within_dataset_zscore_mean	ok
MSCCR_reGRID_267_Biopsy_525	GSE193677	0.7164921013256604	0.20964550836972937	0.837374029614882	1.1024567659923699	signed_within_dataset_zscore_mean	ok
MSCCR_reGRID_267_Biopsy_526	GSE193677	1.3006431652683539	0.5492367528500194	2.018423324882142	1.3342694180729007	signed_within_dataset_zscore_mean	ok
MSCCR_reGRID_267_Biopsy_527	GSE193677	0.7896483836442453	0.7891871388688969	-0.8778451592975646	2.4576031713614035	signed_within_dataset_zscore_mean	ok
MSCCR_reGRID_268_Biopsy_528	GSE193677	-0.7095410462352998	-0.5660553284494941	-1.0958568647758136	-0.4667109454805915	signed_within_dataset_zscore_mean	ok
MSCCR_reGRID_268_Biopsy_529	GSE193677	0.5671195854229273	0.26906112696669016	0.7777731896543217	0.65452443964777	signed_within_dataset_zscore_mean	ok
MSCCR_reGRID_268_Biopsy_530	GSE193677	-1.0773314568645331	-0.9748702058606655	-1.5424134312955444	-0.7147107334373896	signed_within_dataset_zscore_mean	ok
MSCCR_reGRID_269_Biopsy_531	GSE193677	0.7917627252443816	0.6095678380439868	0.5383420109033624	1.2273783267857954	signed_within_dataset_zscore_mean	ok
MSCCR_reGRID_269_Biopsy_532	GSE193677	0.6455026523619535	0.5805676408734077	0.4528504362911878	0.9030898799212651	signed_within_dataset_zscore_mean	ok
MSCCR_reGRID_270_Biopsy_533	GSE193677	0.09262190928703895	-0.3414930102954256	0.159855415242906	0.4595033229136365	signed_within_dataset_zscore_mean	ok
MSCCR_reGRID_272_Biopsy_534	GSE193677	0.010470782235511048	-0.2397103264940113	-0.0789957367670822	0.35011840996762666	signed_within_dataset_zscore_mean	ok
MSCCR_reGRID_272_Biopsy_535	GSE193677	0.46980304856038585	-0.31494471746015407	1.0883306318176913	0.6360232313236202	signed_within_dataset_zscore_mean	ok
MSCCR_reGRID_272_Biopsy_536	GSE193677	0.18653661863537166	-0.15310076060731506	0.5224017391050084	0.19030887740842162	signed_within_dataset_zscore_mean	ok
MSCCR_reGRID_273_Biopsy_537	GSE193677	-0.011377411080216948	0.4022932553719246	-0.38148633432364865	-0.05493915428892682	signed_within_dataset_zscore_mean	ok
MSCCR_reGRID_273_Biopsy_538	GSE193677	-0.29506870096169685	0.1699446143432974	-0.7881918990163269	-0.2669588182120612	signed_within_dataset_zscore_mean	ok
MSCCR_reGRID_273_Biopsy_539	GSE193677	0.36442090953982714	0.9567213598442829	-0.00010454756331286786	0.1366459163385115	signed_within_dataset_zscore_mean	ok
MSCCR_reGRID_274_Biopsy_540	GSE193677	0.07928299571367574	-0.27541839497323456	-0.2784103820205639	0.7916777641348256	signed_within_dataset_zscore_mean	ok
MSCCR_reGRID_274_Biopsy_541	GSE193677	-0.20826575108267084	-0.20136095718932454	-0.6563104307105923	0.2328741346519043	signed_within_dataset_zscore_mean	ok
MSCCR_reGRID_274_Biopsy_542	GSE193677	-0.25386561552624337	-0.07143782795217643	-0.5471989649383497	-0.14296005368820383	signed_within_dataset_zscore_mean	ok
MSCCR_reGRID_275_Biopsy_543	GSE193677	-0.5035820808882988	-0.16339968774811742	-0.8368063465308948	-0.5105402083858843	signed_within_dataset_zscore_mean	ok
MSCCR_reGRID_275_Biopsy_544	GSE193677	-0.28857479363111893	-0.31300078770434775	-0.706352840657954	0.1536292474689449	signed_within_dataset_zscore_mean	ok
MSCCR_reGRID_275_Biopsy_545	GSE193677	-0.3192284684465498	-0.2189522202239834	0.009249905541430948	-0.7479830906570969	signed_within_dataset_zscore_mean	ok
MSCCR_reGRID_276_Biopsy_546	GSE193677	1.0855453392869407	0.0009813452487483776	1.8557492959431567	1.3999053766689176	signed_within_dataset_zscore_mean	ok
MSCCR_reGRID_276_Biopsy_547	GSE193677	-0.6305436940557626	-0.3892292746824178	-0.266155552703542	-1.236246254781328	signed_within_dataset_zscore_mean	ok
MSCCR_reGRID_276_Biopsy_548	GSE193677	-0.6807365120842007	-0.29359498317609506	-0.7030064679164831	-1.0456080851600236	signed_within_dataset_zscore_mean	ok
MSCCR_reGRID_277_Biopsy_549	GSE193677	0.24284209919098101	0.7851350429679326	-0.09497997628143663	0.03837123088644711	signed_within_dataset_zscore_mean	ok
MSCCR_reGRID_277_Biopsy_550	GSE193677	-0.3469225064798877	-0.15579565028859896	-0.6627263087682151	-0.22224556038284896	signed_within_dataset_zscore_mean	ok
MSCCR_reGRID_277_Biopsy_551	GSE193677	0.4657446730468496	0.5135925520295769	0.07164006813013213	0.8120013989808398	signed_within_dataset_zscore_mean	ok
MSCCR_reGRID_278_Biopsy_552	GSE193677	0.05769513913507685	0.14864630760220768	0.2688958058254489	-0.244456696022426	signed_within_dataset_zscore_mean	ok
MSCCR_reGRID_278_Biopsy_553	GSE193677	0.30323984809743026	0.21003481830192597	0.17986714975838347	0.5198175762319814	signed_within_dataset_zscore_mean	ok
MSCCR_reGRID_278_Biopsy_554	GSE193677	-0.5203221225702664	-0.6506894819887219	-0.4062194449372387	-0.5040574407848388	signed_within_dataset_zscore_mean	ok
MSCCR_reGRID_279_Biopsy_555	GSE193677	-0.05744903311191166	0.1286265249930761	-0.042834678291427286	-0.2581389460373838	signed_within_dataset_zscore_mean	ok
MSCCR_reGRID_279_Biopsy_556	GSE193677	0.2844310657304131	0.21871396213074573	0.026445986000285183	0.6081332490602084	signed_within_dataset_zscore_mean	ok
MSCCR_reGRID_279_Biopsy_557	GSE193677	0.7018209132606487	0.5296718503667954	1.0931951580304888	0.48259573138466166	signed_within_dataset_zscore_mean	ok
MSCCR_reGRID_27_Biopsy_57	GSE193677	0.6584620230240019	0.19425929156887214	1.2564186951666385	0.5247080823364952	signed_within_dataset_zscore_mean	ok
MSCCR_reGRID_27_Biopsy_58	GSE193677	-0.46043619841635314	-0.5134624563203669	-0.9222348643174456	0.05438872538875326	signed_within_dataset_zscore_mean	ok
MSCCR_reGRID_27_Biopsy_59	GSE193677	-0.47168516275530115	-0.6270036113732689	-0.45861279078316086	-0.32943908610947353	signed_within_dataset_zscore_mean	ok
MSCCR_reGRID_280_Biopsy_558	GSE193677	0.6339032159253594	-0.08716549037054971	1.04619879308618	0.9426763450604475	signed_within_dataset_zscore_mean	ok
MSCCR_reGRID_280_Biopsy_559	GSE193677	0.5580311258235824	0.11201616141902684	0.7075964566838561	0.8544807593678643	signed_within_dataset_zscore_mean	ok
MSCCR_reGRID_280_Biopsy_560	GSE193677	-0.13159605510464664	0.19185069151466558	-0.19058855687958876	-0.39605029994901675	signed_within_dataset_zscore_mean	ok
MSCCR_reGRID_281_Biopsy_561	GSE193677	-0.22241949933794125	-0.3056618694825639	-0.33812888958643156	-0.023467738944828193	signed_within_dataset_zscore_mean	ok
MSCCR_reGRID_281_Biopsy_562	GSE193677	2.3108452732918683	1.1775004209318858	2.5517863199599202	3.203249078983799	signed_within_dataset_zscore_mean	ok
MSCCR_reGRID_281_Biopsy_563	GSE193677	0.1385148283571177	0.21626014508824123	0.1779089028582182	0.021375437124893624	signed_within_dataset_zscore_mean	ok
MSCCR_reGRID_282_Biopsy_564	GSE193677	-0.24500730792641742	-0.4831368663507968	-0.22762367364214056	-0.02426138378631489	signed_within_dataset_zscore_mean	ok
MSCCR_reGRID_282_Biopsy_565	GSE193677	0.09281499964998415	0.2792736687741013	-0.1673067054875723	0.16647803566342345	signed_within_dataset_zscore_mean	ok
MSCCR_reGRID_282_Biopsy_566	GSE193677	-0.5666595000394048	0.06360295621894849	-0.7873642314319529	-0.97621722490521	signed_within_dataset_zscore_mean	ok
MSCCR_reGRID_283_Biopsy_567	GSE193677	-0.6178990019506558	-0.9321225338813168	-0.16344402923299667	-0.7581304427376541	signed_within_dataset_zscore_mean	ok
MSCCR_reGRID_283_Biopsy_568	GSE193677	0.2516916852639504	-0.3369654520732682	0.5205740500463107	0.5714664578188088	signed_within_dataset_zscore_mean	ok
MSCCR_reGRID_283_Biopsy_569	GSE193677	0.9232271875946606	0.417725157218041	1.70886298681426	0.6430934187516809	signed_within_dataset_zscore_mean	ok
MSCCR_reGRID_284_Biopsy_570	GSE193677	0.37845949066973933	0.610462899212952	0.05047951786086645	0.4744360549353994	signed_within_dataset_zscore_mean	ok
MSCCR_reGRID_285_Biopsy_571	GSE193677	0.6288651206851902	-0.08701862955045021	1.320101595984958	0.6535123956210629	signed_within_dataset_zscore_mean	ok
MSCCR_reGRID_286_Biopsy_572	GSE193677	0.840275088254943	0.5383468308605706	0.8513985403043207	1.1310798935999375	signed_within_dataset_zscore_mean	ok
MSCCR_reGRID_286_Biopsy_573	GSE193677	-0.11178778730696326	0.4964880977587266	-0.6113969111091754	-0.22045454857044097	signed_within_dataset_zscore_mean	ok
MSCCR_reGRID_286_Biopsy_574	GSE193677	-0.30756792640910846	0.38208131491897596	-0.35069140637042306	-0.9540936877758782	signed_within_dataset_zscore_mean	ok
MSCCR_reGRID_287_Biopsy_575	GSE193677	0.9988683743646124	0.025158632063671617	1.7331963356711835	1.238250155358982	signed_within_dataset_zscore_mean	ok
MSCCR_reGRID_287_Biopsy_576	GSE193677	-0.8755534660765933	-0.5902908723332371	-0.6690870880697892	-1.3672824378267536	signed_within_dataset_zscore_mean	ok
MSCCR_reGRID_289_Biopsy_577	GSE193677	0.006564925481628274	0.27767200180627377	0.5671717432356194	-0.8251489685970083	signed_within_dataset_zscore_mean	ok
MSCCR_reGRID_289_Biopsy_578	GSE193677	0.0758247835052628	-0.32864036907661937	0.623273160560931	-0.06715844096852319	signed_within_dataset_zscore_mean	ok
MSCCR_reGRID_28_Biopsy_60	GSE193677	0.38420525479288853	0.4640775905630591	-0.5337114873690296	1.2222496611846363	signed_within_dataset_zscore_mean	ok
MSCCR_reGRID_28_Biopsy_61	GSE193677	0.10914495788607015	0.30596421791147677	0.09510506942213122	-0.07363441367539754	signed_within_dataset_zscore_mean	ok
MSCCR_reGRID_290_Biopsy_579	GSE193677	0.42607220585856237	0.367394201176396	0.6965308095823597	0.21429160681693127	signed_within_dataset_zscore_mean	ok
MSCCR_reGRID_290_Biopsy_580	GSE193677	0.08905685853404027	0.23479864142048273	-0.020754045051415315	0.0531259792330534	signed_within_dataset_zscore_mean	ok
MSCCR_reGRID_291_Biopsy_581	GSE193677	0.6226211244415666	0.5399682799418248	0.5223203745156143	0.8055747188672607	signed_within_dataset_zscore_mean	ok
MSCCR_reGRID_291_Biopsy_582	GSE193677	-0.17689588659784616	0.1246052080469198	-0.09856614199729037	-0.556726725843168	signed_within_dataset_zscore_mean	ok
MSCCR_reGRID_292_Biopsy_583	GSE193677	-0.5055527462548026	-0.4065730044168404	-0.5598362264647598	-0.5502490078828077	signed_within_dataset_zscore_mean	ok
MSCCR_reGRID_292_Biopsy_584	GSE193677	-0.27845859713911914	0.04130127504185087	-0.25056676610018574	-0.6261103003590226	signed_within_dataset_zscore_mean	ok
MSCCR_reGRID_292_Biopsy_585	GSE193677	-0.26262615326988925	0.04352925570286066	-0.75504627189738	-0.07636144361514842	signed_within_dataset_zscore_mean	ok
MSCCR_reGRID_293_Biopsy_586	GSE193677	-0.6693936108596089	-0.44424728577807154	-0.669741383095911	-0.8941921637048438	signed_within_dataset_zscore_mean	ok
MSCCR_reGRID_294_Biopsy_587	GSE193677	-0.4573004467742498	-0.06790347958791201	-0.36505889995458063	-0.9389389607802568	signed_within_dataset_zscore_mean	ok
MSCCR_reGRID_295_Biopsy_588	GSE193677	0.4755182471367953	-0.40610648852982284	0.981976972597032	0.8506842573431769	signed_within_dataset_zscore_mean	ok
MSCCR_reGRID_295_Biopsy_589	GSE193677	-0.5247745105928018	-0.4093609494777087	-0.8807014138423448	-0.284261168458352	signed_within_dataset_zscore_mean	ok
MSCCR_reGRID_297_Biopsy_590	GSE193677	0.2754808983731822	0.3103666508557053	0.8494045110683178	-0.3333284668044767	signed_within_dataset_zscore_mean	ok
MSCCR_reGRID_298_Biopsy_591	GSE193677	0.2958793214268523	0.10287526936021936	0.4066777455408589	0.3780849493794786	signed_within_dataset_zscore_mean	ok
MSCCR_reGRID_298_Biopsy_592	GSE193677	0.4237130710958949	-0.023908346691220793	0.8932747975201778	0.4017727624587275	signed_within_dataset_zscore_mean	ok
MSCCR_reGRID_298_Biopsy_593	GSE193677	-0.09187873856979362	-0.4936480951534102	-0.06051091651704006	0.2785227959610694	signed_within_dataset_zscore_mean	ok
MSCCR_reGRID_299_Biopsy_594	GSE193677	1.494743878013811	0.35157670271510766	2.539456037860584	1.5931988934657415	signed_within_dataset_zscore_mean	ok
MSCCR_reGRID_299_Biopsy_595	GSE193677	0.2991574971309743	0.07166298644252356	0.08492676311652199	0.7408827418338774	signed_within_dataset_zscore_mean	ok
MSCCR_reGRID_299_Biopsy_596	GSE193677	1.594682467565649	0.4449754532461666	3.4084590846042735	0.9306128648465073	signed_within_dataset_zscore_mean	ok
MSCCR_reGRID_29_Biopsy_62	GSE193677	0.2393733660090627	-0.39739384554788604	0.5013641749010784	0.6141497686739957	signed_within_dataset_zscore_mean	ok
MSCCR_reGRID_29_Biopsy_63	GSE193677	0.19453505208178123	0.2485499491539362	-0.11979387333432703	0.4548490804257345	signed_within_dataset_zscore_mean	ok
MSCCR_reGRID_29_Biopsy_64	GSE193677	-0.5669122288851508	-0.3009183506358126	-0.6431964970558312	-0.7566218389638087	signed_within_dataset_zscore_mean	ok
MSCCR_reGRID_301_Biopsy_597	GSE193677	-0.4092216555167459	-0.42077793922768175	-0.34398249548908516	-0.4629045318334708	signed_within_dataset_zscore_mean	ok
MSCCR_reGRID_301_Biopsy_598	GSE193677	0.6322391857617887	-0.051330223550447626	1.2187656405760898	0.7292821402597237	signed_within_dataset_zscore_mean	ok
MSCCR_reGRID_301_Biopsy_599	GSE193677	-0.5342668443796427	-0.5295636904346671	-0.33059378480210083	-0.7426430579021598	signed_within_dataset_zscore_mean	ok
MSCCR_reGRID_302_Biopsy_600	GSE193677	0.19306738022176595	-0.29907550486746504	-0.02737012560425116	0.905647771137014	signed_within_dataset_zscore_mean	ok
MSCCR_reGRID_302_Biopsy_601	GSE193677	-0.49891861941734317	-0.6028652162181124	-0.6786242476636183	-0.21526639437029874	signed_within_dataset_zscore_mean	ok
MSCCR_reGRID_302_Biopsy_602	GSE193677	-0.3600212260314404	-0.3390849724705117	-0.7645135813766755	0.023534875752865874	signed_within_dataset_zscore_mean	ok
MSCCR_reGRID_303_Biopsy_603	GSE193677	0.6498787652196077	0.23586450052159566	0.6161052991612033	1.0976664959760243	signed_within_dataset_zscore_mean	ok
MSCCR_reGRID_303_Biopsy_604	GSE193677	0.0656672698092534	-0.11911370455848083	-0.06961662680634924	0.3857321407925903	signed_within_dataset_zscore_mean	ok
MSCCR_reGRID_303_Biopsy_605	GSE193677	-0.630591749524174	-0.5413428578173892	-1.2149626230171897	-0.13546976773794284	signed_within_dataset_zscore_mean	ok
MSCCR_reGRID_304_Biopsy_606	GSE193677	-0.1814310068838825	0.33091468795986484	-0.1699695565646325	-0.7052381520468799	signed_within_dataset_zscore_mean	ok
MSCCR_reGRID_304_Biopsy_607	GSE193677	0.3521442517958803	0.13465245971516182	0.37158391808587565	0.5501963775866036	signed_within_dataset_zscore_mean	ok
MSCCR_reGRID_304_Biopsy_608	GSE193677	-0.5210089333645945	-0.11331364566376396	-0.513832118613559	-0.9358810358164606	signed_within_dataset_zscore_mean	ok
MSCCR_reGRID_305_Biopsy_609	GSE193677	0.18105790387550316	0.015072997234371156	0.0936979145519299	0.43440279984020846	signed_within_dataset_zscore_mean	ok
MSCCR_reGRID_305_Biopsy_610	GSE193677	-0.6659731909372151	-0.5808067741959675	-0.5766020576217264	-0.8405107409939513	signed_within_dataset_zscore_mean	ok
MSCCR_reGRID_305_Biopsy_611	GSE193677	-0.4472801563236028	-0.9284726627741031	-0.018446095374243736	-0.3949217108224616	signed_within_dataset_zscore_mean	ok
MSCCR_reGRID_306_Biopsy_612	GSE193677	0.3131791829962583	0.5500729397758516	0.10320356183284876	0.2862610473800746	signed_within_dataset_zscore_mean	ok
MSCCR_reGRID_307_Biopsy_613	GSE193677	-0.3366850929031042	-0.37490599277186	-0.051017216961650916	-0.5841320689758017	signed_within_dataset_zscore_mean	ok
MSCCR_reGRID_307_Biopsy_614	GSE193677	-0.3436544500737606	-0.1258110057835194	-0.9862770551818804	0.08112471074411794	signed_within_dataset_zscore_mean	ok
MSCCR_reGRID_310_Biopsy_615	GSE193677	0.6464105101895538	0.689075198684984	0.4970085743998916	0.7531477574837858	signed_within_dataset_zscore_mean	ok
MSCCR_reGRID_311_Biopsy_616	GSE193677	0.013669065500260183	1.0454020267552608	-0.47133651153166467	-0.5330583187228156	signed_within_dataset_zscore_mean	ok
MSCCR_reGRID_311_Biopsy_617	GSE193677	-0.1449695037878416	-0.7649387552785576	0.7355904196227157	-0.4055601757076828	signed_within_dataset_zscore_mean	ok
MSCCR_reGRID_312_Biopsy_618	GSE193677	0.6424661252879811	0.4491509732472296	0.48434271508590376	0.9939046875308101	signed_within_dataset_zscore_mean	ok
MSCCR_reGRID_312_Biopsy_619	GSE193677	0.38368631645373846	-0.22886538132644924	1.2270853678315228	0.15283896285614185	signed_within_dataset_zscore_mean	ok
MSCCR_reGRID_312_Biopsy_620	GSE193677	-0.24823099207547228	-0.007769446967475923	-0.06871665477898928	-0.6682068744799516	signed_within_dataset_zscore_mean	ok
MSCCR_reGRID_314_Biopsy_621	GSE193677	-0.0717973479845952	-0.10910230664032902	0.06643627267292435	-0.1727260099863809	signed_within_dataset_zscore_mean	ok
MSCCR_reGRID_314_Biopsy_622	GSE193677	-0.5661816449825189	-0.3267842358441161	-0.5229752933124027	-0.8487854057910379	signed_within_dataset_zscore_mean	ok
MSCCR_reGRID_314_Biopsy_623	GSE193677	0.21940946337288436	0.1719244635898828	-0.23797543448437858	0.7242793610131488	signed_within_dataset_zscore_mean	ok
MSCCR_reGRID_315_Biopsy_624	GSE193677	0.5291917260129275	-0.07315325955802587	0.8686509895320442	0.7920774480647643	signed_within_dataset_zscore_mean	ok
MSCCR_reGRID_315_Biopsy_625	GSE193677	-0.5779103831594713	-0.3449212869016942	-0.417173234333056	-0.9716366282436635	signed_within_dataset_zscore_mean	ok
MSCCR_reGRID_316_Biopsy_626	GSE193677	0.22252860282757456	0.07881859134216383	0.6980729388877632	-0.10930572174720345	signed_within_dataset_zscore_mean	ok
MSCCR_reGRID_316_Biopsy_627	GSE193677	0.018779171505525574	0.49290277465569743	-0.32331023266859227	-0.11325502747052844	signed_within_dataset_zscore_mean	ok
MSCCR_reGRID_316_Biopsy_628	GSE193677	-0.2645167529044845	0.1170479915489702	-0.7401323135527493	-0.17046593670967436	signed_within_dataset_zscore_mean	ok
MSCCR_reGRID_317_Biopsy_629	GSE193677	-0.24052399416070538	-0.012892769646041802	-0.4784015798359432	-0.23027763300013115	signed_within_dataset_zscore_mean	ok
MSCCR_reGRID_317_Biopsy_630	GSE193677	-0.565036346519478	-0.014061729437429537	-0.5011619684735229	-1.1798853416474815	signed_within_dataset_zscore_mean	ok
MSCCR_reGRID_317_Biopsy_631	GSE193677	0.40165087202624833	0.190663654747112	1.137650380847396	-0.12336141951576307	signed_within_dataset_zscore_mean	ok
MSCCR_reGRID_318_Biopsy_632	GSE193677	0.20590808960629095	1.1100694930890507	0.08212180382481897	-0.5744670280949968	signed_within_dataset_zscore_mean	ok
MSCCR_reGRID_31_Biopsy_65	GSE193677	-0.6152902138441044	-0.27391043124001	-0.6479537282818866	-0.9240064820104165	signed_within_dataset_zscore_mean	ok
MSCCR_reGRID_31_Biopsy_66	GSE193677	-0.22019507027889787	-0.15819668741693646	0.2662322299815174	-0.7686207534012746	signed_within_dataset_zscore_mean	ok
MSCCR_reGRID_320_Biopsy_633	GSE193677	-0.16679458915913378	-0.14375201330760187	0.04953657055029063	-0.40616832472009007	signed_within_dataset_zscore_mean	ok
MSCCR_reGRID_320_Biopsy_634	GSE193677	-0.012319388793235625	-0.12793376320815625	0.1832591153531959	-0.09228351852474652	signed_within_dataset_zscore_mean	ok
MSCCR_reGRID_320_Biopsy_635	GSE193677	-1.119101636154029	-1.601612270602478	-1.1157866162260264	-0.6399060216335827	signed_within_dataset_zscore_mean	ok
MSCCR_reGRID_321_Biopsy_636	GSE193677	-0.4755843893187642	-0.39279364513450465	-0.3631890938534684	-0.6707704289683195	signed_within_dataset_zscore_mean	ok
MSCCR_reGRID_321_Biopsy_637	GSE193677	-0.6383730673166305	-0.7057479095243435	-0.7014808997242605	-0.5078903927012872	signed_within_dataset_zscore_mean	ok
MSCCR_reGRID_323_Biopsy_638	GSE193677	-0.34968762720140717	-0.47946779831070685	-0.6148400401165889	0.04524495682307409	signed_within_dataset_zscore_mean	ok
MSCCR_reGRID_324_Biopsy_639	GSE193677	-0.2550960711983782	0.22469310691859942	-0.7938832171737527	-0.19609810333998134	signed_within_dataset_zscore_mean	ok
MSCCR_reGRID_324_Biopsy_640	GSE193677	-0.41336410874499213	-0.02345938587817006	-1.4883206816707175	0.2716877413139111	signed_within_dataset_zscore_mean	ok
MSCCR_reGRID_327_Biopsy_641	GSE193677	1.2303327612034674	0.5492921085857695	1.9975885429504145	1.1441176320742181	signed_within_dataset_zscore_mean	ok
MSCCR_reGRID_327_Biopsy_642	GSE193677	0.24085396149886443	0.36400642137378497	0.7450353643807647	-0.3864799012579563	signed_within_dataset_zscore_mean	ok
MSCCR_reGRID_328_Biopsy_643	GSE193677	0.39874109695022986	0.18509744109584572	0.4905014384254791	0.5206244113293647	signed_within_dataset_zscore_mean	ok
MSCCR_reGRID_328_Biopsy_644	GSE193677	1.2525034691902737	0.4893140003439299	2.2611642403621337	1.0070321668647573	signed_within_dataset_zscore_mean	ok
MSCCR_reGRID_328_Biopsy_645	GSE193677	0.17430814143090023	0.24995306230052483	0.31896381917211813	-0.045992457179942214	signed_within_dataset_zscore_mean	ok
MSCCR_reGRID_329_Biopsy_646	GSE193677	0.7593490415377421	0.4658301784416299	1.3284789919016289	0.48373795426996774	signed_within_dataset_zscore_mean	ok
MSCCR_reGRID_32_Biopsy_67	GSE193677	-0.16618410693098265	-0.39540934100396324	-0.3972396800620487	0.29409670027306406	signed_within_dataset_zscore_mean	ok
MSCCR_reGRID_32_Biopsy_68	GSE193677	-0.5108740902893826	-0.2271999964346001	-0.6909856046818803	-0.6144366697516676	signed_within_dataset_zscore_mean	ok
MSCCR_reGRID_330_Biopsy_647	GSE193677	-0.41732907213150644	-0.27228640956811734	-0.22902353067326206	-0.7506772761531401	signed_within_dataset_zscore_mean	ok
MSCCR_reGRID_330_Biopsy_648	GSE193677	-0.6720624711825235	-0.6458252407383214	-0.8455342260833503	-0.5248279467258987	signed_within_dataset_zscore_mean	ok
MSCCR_reGRID_330_Biopsy_649	GSE193677	-0.5492152210024593	-0.7583590653974117	-0.6725065344877825	-0.21678006312218387	signed_within_dataset_zscore_mean	ok
MSCCR_reGRID_333_Biopsy_650	GSE193677	0.2049637668305009	0.165977676057884	0.5591725518527878	-0.11025892741916911	signed_within_dataset_zscore_mean	ok
MSCCR_reGRID_333_Biopsy_651	GSE193677	0.30605956096533576	0.08058900738113557	0.5790662957960334	0.2585233797188382	signed_within_dataset_zscore_mean	ok
MSCCR_reGRID_333_Biopsy_652	GSE193677	0.1645214660214693	0.23899506911130483	-0.26091639360314806	0.5154857225562511	signed_within_dataset_zscore_mean	ok
MSCCR_reGRID_336_Biopsy_653	GSE193677	0.5924443976063035	0.4959398321343345	0.6050441174516754	0.6763492432329006	signed_within_dataset_zscore_mean	ok
MSCCR_reGRID_336_Biopsy_654	GSE193677	-0.7631254659964514	-0.05910357611900263	-1.1465991330375522	-1.0836736888327996	signed_within_dataset_zscore_mean	ok
MSCCR_reGRID_337_Biopsy_655	GSE193677	0.10027794237146424	0.17112993633995224	0.4388827526026213	-0.30917886182818083	signed_within_dataset_zscore_mean	ok
MSCCR_reGRID_337_Biopsy_656	GSE193677	-0.19402990298815873	-0.1601829807264063	-0.25460335487480645	-0.16730337336326348	signed_within_dataset_zscore_mean	ok
MSCCR_reGRID_337_Biopsy_657	GSE193677	-0.2348387661561289	-0.08778772657507958	0.06940137949758345	-0.6861299513908906	signed_within_dataset_zscore_mean	ok
MSCCR_reGRID_338_Biopsy_658	GSE193677	0.6135610535828548	0.012244890970761391	0.9196606837862331	0.90877758599157	signed_within_dataset_zscore_mean	ok
MSCCR_reGRID_338_Biopsy_659	GSE193677	0.13183468870075432	0.38745468347888185	0.28865608129867787	-0.28060669867529675	signed_within_dataset_zscore_mean	ok
MSCCR_reGRID_339_Biopsy_660	GSE193677	0.014573069586710313	-0.45073430172179674	0.3466741671565557	0.147779343325372	signed_within_dataset_zscore_mean	ok
MSCCR_reGRID_339_Biopsy_661	GSE193677	-0.5998941900218476	-0.33189775490672363	-1.3622629619668711	-0.10552185319194814	signed_within_dataset_zscore_mean	ok
MSCCR_reGRID_339_Biopsy_662	GSE193677	-0.14284901196824928	-0.22046494862133947	0.023726356472191144	-0.23180844375559953	signed_within_dataset_zscore_mean	ok
MSCCR_reGRID_33_Biopsy_69	GSE193677	0.48784822996042226	0.2065797345919036	1.0937625748293736	0.1632023804599895	signed_within_dataset_zscore_mean	ok
MSCCR_reGRID_33_Biopsy_70	GSE193677	-0.49027156678536926	-0.5710696293285463	-0.3115207255471738	-0.5882243454803877	signed_within_dataset_zscore_mean	ok
MSCCR_reGRID_340_Biopsy_663	GSE193677	0.1576233442022973	0.3157180159244984	0.03074826707808298	0.12640374960431053	signed_within_dataset_zscore_mean	ok
MSCCR_reGRID_340_Biopsy_664	GSE193677	0.1667231583698201	0.8252931607009113	0.01771567671962654	-0.34283936231107753	signed_within_dataset_zscore_mean	ok
MSCCR_reGRID_341_Biopsy_665	GSE193677	-0.8112993125128672	-0.5316919193841704	-1.0229779374591554	-0.879228080695276	signed_within_dataset_zscore_mean	ok
MSCCR_reGRID_341_Biopsy_666	GSE193677	-0.3443465881081477	0.026888803788343685	-0.6752586269309907	-0.38466994118179615	signed_within_dataset_zscore_mean	ok
MSCCR_reGRID_341_Biopsy_667	GSE193677	1.637482679220777	1.1292823974609767	1.9919086760988862	1.7912569641024685	signed_within_dataset_zscore_mean	ok
MSCCR_reGRID_342_Biopsy_668	GSE193677	0.3211581929184328	0.803872429388171	-0.5415490448888364	0.7011511942559636	signed_within_dataset_zscore_mean	ok
MSCCR_reGRID_342_Biopsy_669	GSE193677	-0.03472231677707845	0.43600801612966145	-0.21658331152057259	-0.3235916549403242	signed_within_dataset_zscore_mean	ok
MSCCR_reGRID_343_Biopsy_670	GSE193677	0.05512259628390195	0.07917546859528166	0.2721749503936542	-0.18598263013722996	signed_within_dataset_zscore_mean	ok
MSCCR_reGRID_343_Biopsy_671	GSE193677	0.6943210743155603	0.6888318267120794	0.1868367700338131	1.2072946262007882	signed_within_dataset_zscore_mean	ok
MSCCR_reGRID_344_Biopsy_672	GSE193677	0.3729181866873499	0.5032407257635909	-0.19544629815170605	0.8109601324501649	signed_within_dataset_zscore_mean	ok
MSCCR_reGRID_344_Biopsy_673	GSE193677	0.3418994344749355	0.29156254491242184	0.24484518340773498	0.48929057510464946	signed_within_dataset_zscore_mean	ok
MSCCR_reGRID_344_Biopsy_674	GSE193677	0.22486498766405547	0.25152636523365807	0.018406582593613496	0.40466201516489475	signed_within_dataset_zscore_mean	ok
MSCCR_reGRID_345_Biopsy_675	GSE193677	-0.30500055835789464	0.343770511556139	-0.6288586021874841	-0.6299135844423388	signed_within_dataset_zscore_mean	ok
MSCCR_reGRID_345_Biopsy_676	GSE193677	0.2290292844709223	-0.1768033800480942	0.4982461737905444	0.36564505967031674	signed_within_dataset_zscore_mean	ok
MSCCR_reGRID_346_Biopsy_677	GSE193677	0.08701493045989216	-0.189347166561414	0.32732778120005956	0.12306417674103091	signed_within_dataset_zscore_mean	ok
MSCCR_reGRID_346_Biopsy_678	GSE193677	0.17437289271099976	0.10000703642143749	-0.06485834777984426	0.4879699894914061	signed_within_dataset_zscore_mean	ok
MSCCR_reGRID_346_Biopsy_679	GSE193677	0.15550977112902784	0.08861274748508259	0.3441517588819395	0.033764807020061426	signed_within_dataset_zscore_mean	ok
MSCCR_reGRID_347_Biopsy_680	GSE193677	0.038976265788769594	0.12118676169596106	-0.08155708140949733	0.07729911707984505	signed_within_dataset_zscore_mean	ok
MSCCR_reGRID_347_Biopsy_681	GSE193677	-0.22884257974874808	0.030003457242279062	-0.5052360055085466	-0.21129519097997662	signed_within_dataset_zscore_mean	ok
MSCCR_reGRID_347_Biopsy_682	GSE193677	0.14764039495682585	0.26090453567483446	-0.13596051903843664	0.31797716823407973	signed_within_dataset_zscore_mean	ok
MSCCR_reGRID_348_Biopsy_683	GSE193677	-0.21052366422394866	0.0856807296688118	-0.6578791050214539	-0.05937261731920396	signed_within_dataset_zscore_mean	ok
MSCCR_reGRID_348_Biopsy_684	GSE193677	-0.038484527791009596	-0.37582551556978827	0.1787843735278556	0.0815875586689039	signed_within_dataset_zscore_mean	ok
MSCCR_reGRID_348_Biopsy_685	GSE193677	0.15569777189352255	-0.2069792784656585	0.1361333113154974	0.5379392828307288	signed_within_dataset_zscore_mean	ok
MSCCR_reGRID_34_Biopsy_71	GSE193677	0.022332678819949464	0.33906068852543736	-0.4290684935834158	0.15700584151782684	signed_within_dataset_zscore_mean	ok
MSCCR_reGRID_34_Biopsy_72	GSE193677	1.0579103938050987	0.3619721176158264	1.9628084935142311	0.848950570285238	signed_within_dataset_zscore_mean	ok
MSCCR_reGRID_351_Biopsy_686	GSE193677	-0.3165812802087531	-0.2915587708789819	-0.5124671960439184	-0.14571787370335884	signed_within_dataset_zscore_mean	ok
MSCCR_reGRID_351_Biopsy_687	GSE193677	-0.6904997606600695	-0.555681899431967	-0.9999936216387205	-0.5158237609095208	signed_within_dataset_zscore_mean	ok
MSCCR_reGRID_351_Biopsy_688	GSE193677	-0.07974298220161835	0.08822850398005097	-0.04688307542618334	-0.2805743751587227	signed_within_dataset_zscore_mean	ok
MSCCR_reGRID_352_Biopsy_689	GSE193677	0.19518186680450209	-0.3457008263166238	0.3499854359223784	0.5812609908077516	signed_within_dataset_zscore_mean	ok
MSCCR_reGRID_353_Biopsy_690	GSE193677	-0.4038813431455097	-0.8014972616162452	-0.5063338218088187	0.09618705398853471	signed_within_dataset_zscore_mean	ok
MSCCR_reGRID_353_Biopsy_691	GSE193677	-0.4717850080862718	0.0688153475607077	-0.41987651855287184	-1.0642938532666513	signed_within_dataset_zscore_mean	ok
MSCCR_reGRID_354_Biopsy_692	GSE193677	-0.10144806086156054	-0.3052013630399145	-0.01328998201015832	0.014147162465391236	signed_within_dataset_zscore_mean	ok
MSCCR_reGRID_354_Biopsy_693	GSE193677	-0.01327457478905375	-0.149673559041625	-0.23091466860198748	0.3407645032764512	signed_within_dataset_zscore_mean	ok
MSCCR_reGRID_355_Biopsy_694	GSE193677	0.6157775506301243	-0.36332778253620446	1.2544649162744779	0.9561955181520996	signed_within_dataset_zscore_mean	ok
MSCCR_reGRID_355_Biopsy_695	GSE193677	1.260425360178669	0.6118970314263856	1.758456562436054	1.4109224866735672	signed_within_dataset_zscore_mean	ok
MSCCR_reGRID_355_Biopsy_696	GSE193677	0.721328544170207	-0.1659030026122614	1.6930882458268268	0.6368003892960555	signed_within_dataset_zscore_mean	ok
MSCCR_reGRID_358_Biopsy_697	GSE193677	-0.09485795277145852	-0.3565404594255416	-0.2836423952866515	0.3556089963978175	signed_within_dataset_zscore_mean	ok
MSCCR_reGRID_358_Biopsy_698	GSE193677	-0.27621745829302125	0.22128263975833112	-0.2618810179269796	-0.7880539967104152	signed_within_dataset_zscore_mean	ok
MSCCR_reGRID_359_Biopsy_699	GSE193677	-0.4620604925902172	0.030161374014052545	-0.3381028842543029	-1.0782399675304013	signed_within_dataset_zscore_mean	ok
MSCCR_reGRID_359_Biopsy_700	GSE193677	0.9663161246385527	0.784466470828483	1.8233005846677082	0.2911813184194668	signed_within_dataset_zscore_mean	ok
MSCCR_reGRID_359_Biopsy_701	GSE193677	-0.40765353962038803	0.08189971592000311	-0.3683643489967471	-0.9364959857844202	signed_within_dataset_zscore_mean	ok
MSCCR_reGRID_35_Biopsy_73	GSE193677	-0.10353171219436863	0.14548876927396295	-0.4052882532416781	-0.05079565261539077	signed_within_dataset_zscore_mean	ok
MSCCR_reGRID_35_Biopsy_74	GSE193677	-0.08202634071367092	-0.04271283463107054	0.22022709920834765	-0.4235932867182899	signed_within_dataset_zscore_mean	ok
MSCCR_reGRID_35_Biopsy_75	GSE193677	-0.10973486639439171	0.15267482366130763	-0.08805030389422223	-0.3938291189502605	signed_within_dataset_zscore_mean	ok
MSCCR_reGRID_361_Biopsy_702	GSE193677	-0.0670814799614862	0.21127089835432455	-0.4565903154647642	0.04407497722598105	signed_within_dataset_zscore_mean	ok
MSCCR_reGRID_361_Biopsy_703	GSE193677	-0.23657126155739974	-0.07897985998858767	-0.07491632457676661	-0.555817600106845	signed_within_dataset_zscore_mean	ok
MSCCR_reGRID_361_Biopsy_704	GSE193677	1.4988817999073127	1.0847069955314192	1.644604638906361	1.7673337652841576	signed_within_dataset_zscore_mean	ok
MSCCR_reGRID_362_Biopsy_705	GSE193677	0.12180763489803022	0.21518048456883365	-0.14371323204168157	0.2939556521669386	signed_within_dataset_zscore_mean	ok
MSCCR_reGRID_362_Biopsy_706	GSE193677	-0.2470382001371986	-0.2979669757020157	-0.6145227125831714	0.17137508787359126	signed_within_dataset_zscore_mean	ok
MSCCR_reGRID_362_Biopsy_707	GSE193677	1.0828358744022226	0.5476328207546607	1.7848507928064052	0.9160240096456017	signed_within_dataset_zscore_mean	ok
MSCCR_reGRID_363_Biopsy_708	GSE193677	-0.4727640749486697	-0.11503098495985524	-0.6586681071555536	-0.6445931327306004	signed_within_dataset_zscore_mean	ok
MSCCR_reGRID_363_Biopsy_709	GSE193677	-0.6143741178202791	-0.6033281772933141	-0.47794735821401757	-0.7618468179535056	signed_within_dataset_zscore_mean	ok
MSCCR_reGRID_363_Biopsy_710	GSE193677	0.07551095573105539	0.5569287607944486	0.0009143547169938926	-0.3313102483182763	signed_within_dataset_zscore_mean	ok
MSCCR_reGRID_364_Biopsy_711	GSE193677	0.5824886836593242	0.1063439567523626	0.35427748513866486	1.286844609086945	signed_within_dataset_zscore_mean	ok
MSCCR_reGRID_364_Biopsy_712	GSE193677	0.4648114297369901	0.18890554807129734	0.531140476767237	0.6743882643724358	signed_within_dataset_zscore_mean	ok
MSCCR_reGRID_364_Biopsy_713	GSE193677	-0.8153479708478301	-0.9257706903626278	-0.8625648818859739	-0.6577083402948881	signed_within_dataset_zscore_mean	ok
MSCCR_reGRID_365_Biopsy_714	GSE193677	0.2644266705561942	-0.1826357958287172	0.339712540507385	0.6362032669899148	signed_within_dataset_zscore_mean	ok
MSCCR_reGRID_365_Biopsy_715	GSE193677	-0.3659611169601204	0.01001961697247331	-0.6066245476729112	-0.5012784201799234	signed_within_dataset_zscore_mean	ok
MSCCR_reGRID_366_Biopsy_716	GSE193677	-0.23043313634178555	0.006937387107058513	-0.5580728293674883	-0.14016396676492693	signed_within_dataset_zscore_mean	ok
MSCCR_reGRID_366_Biopsy_717	GSE193677	0.39195039079230004	0.17665940162323418	0.6154814922772822	0.3837102784763837	signed_within_dataset_zscore_mean	ok
MSCCR_reGRID_366_Biopsy_718	GSE193677	-0.1994842192329812	-0.321143740553208	-0.10802028210804486	-0.1692886350376908	signed_within_dataset_zscore_mean	ok
MSCCR_reGRID_367_Biopsy_719	GSE193677	-0.6510259455208074	-0.23619057327982523	-0.7160646837971958	-1.000822579485401	signed_within_dataset_zscore_mean	ok
MSCCR_reGRID_367_Biopsy_720	GSE193677	-0.24636606935844665	-0.18616566429601222	-0.5513434594053015	-0.0015890843740262728	signed_within_dataset_zscore_mean	ok
MSCCR_reGRID_367_Biopsy_721	GSE193677	0.38037491933455675	0.33009719009612126	-0.3644573496127551	1.1754849175203042	signed_within_dataset_zscore_mean	ok
MSCCR_reGRID_368_Biopsy_722	GSE193677	-0.3532900174500893	-0.43163783599320177	-0.6118141807118863	-0.016418035645179924	signed_within_dataset_zscore_mean	ok
MSCCR_reGRID_368_Biopsy_723	GSE193677	-0.19883548160303902	0.06509197079880927	-0.10291520435458176	-0.5586832112533445	signed_within_dataset_zscore_mean	ok
MSCCR_reGRID_368_Biopsy_724	GSE193677	-0.14318479370137072	0.284446666327616	-0.5259586504069884	-0.1880423970247397	signed_within_dataset_zscore_mean	ok
MSCCR_reGRID_369_Biopsy_725	GSE193677	0.8156027295509191	0.7308122939884142	0.5688823316368932	1.1471135630274498	signed_within_dataset_zscore_mean	ok
MSCCR_reGRID_36_Biopsy_76	GSE193677	0.6616392071629066	0.10903287975031369	1.3158739103308703	0.5600108314075357	signed_within_dataset_zscore_mean	ok
MSCCR_reGRID_36_Biopsy_77	GSE193677	-0.6871955779805407	-0.7868874023933923	-0.5224046878665062	-0.7522946436817236	signed_within_dataset_zscore_mean	ok
MSCCR_reGRID_370_Biopsy_726	GSE193677	0.10525441749991522	0.18237663421297146	-0.1264163875800169	0.2598030058667911	signed_within_dataset_zscore_mean	ok
MSCCR_reGRID_370_Biopsy_727	GSE193677	-0.3688053660403316	-0.6172859060112611	-0.336461709050754	-0.15266848305897954	signed_within_dataset_zscore_mean	ok
MSCCR_reGRID_370_Biopsy_728	GSE193677	-0.17990766337672906	0.038316527487470074	-1.4724272428472973	0.8943877252296399	signed_within_dataset_zscore_mean	ok
MSCCR_reGRID_371_Biopsy_729	GSE193677	0.32606484125800383	0.4562233492944464	-0.006693651816101121	0.5286648262956662	signed_within_dataset_zscore_mean	ok
MSCCR_reGRID_371_Biopsy_730	GSE193677	-0.2919281079938969	-0.2820762503279689	-0.3051881427797027	-0.28851993087401917	signed_within_dataset_zscore_mean	ok
MSCCR_reGRID_371_Biopsy_731	GSE193677	-0.42805272952313117	0.028034695522718887	-1.0700421002017477	-0.24215078389036468	signed_within_dataset_zscore_mean	ok
MSCCR_reGRID_372_Biopsy_732	GSE193677	-0.28916725385356595	-0.6759017770797061	-0.07196959272252838	-0.11963039175846335	signed_within_dataset_zscore_mean	ok
MSCCR_reGRID_372_Biopsy_733	GSE193677	-0.3298554338903801	-0.632950203131954	-0.3755866225714707	0.018970524032284403	signed_within_dataset_zscore_mean	ok
MSCCR_reGRID_372_Biopsy_734	GSE193677	0.15255180210501088	-0.3061401812340635	0.6511641854198925	0.1126314021292036	signed_within_dataset_zscore_mean	ok
MSCCR_reGRID_373_Biopsy_735	GSE193677	-0.6608421358632365	-0.6798872028105201	-0.5082081354891165	-0.7944310692900732	signed_within_dataset_zscore_mean	ok
MSCCR_reGRID_373_Biopsy_736	GSE193677	-0.6706206155329157	-0.693027410871476	-0.8025959426068259	-0.5162384931204452	signed_within_dataset_zscore_mean	ok
MSCCR_reGRID_373_Biopsy_737	GSE193677	0.02146978783971844	-0.19843776419421205	0.5234952843944974	-0.26064815668113006	signed_within_dataset_zscore_mean	ok
MSCCR_reGRID_374_Biopsy_738	GSE193677	1.1265427798098322	1.020390614980985	1.2089489397504294	1.150288784698082	signed_within_dataset_zscore_mean	ok
MSCCR_reGRID_375_Biopsy_739	GSE193677	-0.05734566329331373	-0.08856551624324484	-0.362495976490887	0.2790245028541906	signed_within_dataset_zscore_mean	ok
MSCCR_reGRID_375_Biopsy_740	GSE193677	-0.2605392222999419	-0.048612179226062965	-0.8609313116676421	0.1279258239938794	signed_within_dataset_zscore_mean	ok
MSCCR_reGRID_376_Biopsy_741	GSE193677	-0.2729353466806077	0.2760708566104369	-0.7833940613825991	-0.3114828352696608	signed_within_dataset_zscore_mean	ok
MSCCR_reGRID_376_Biopsy_742	GSE193677	0.3129027437180307	-0.0069805386598273955	0.28523133637185716	0.6604574334420623	signed_within_dataset_zscore_mean	ok
MSCCR_reGRID_376_Biopsy_743	GSE193677	-0.006954122796993163	0.27651353187888816	-0.6731015805495371	0.3757256802796694	signed_within_dataset_zscore_mean	ok
MSCCR_reGRID_377_Biopsy_744	GSE193677	0.9519381880948243	0.527765561045784	1.1856509046187198	1.1423980986199693	signed_within_dataset_zscore_mean	ok
MSCCR_reGRID_377_Biopsy_745	GSE193677	-0.2799778990450343	0.20890654946392578	-0.44929995744774665	-0.5995402891512819	signed_within_dataset_zscore_mean	ok
MSCCR_reGRID_377_Biopsy_746	GSE193677	-0.049580931572580755	0.24476106668294523	-0.2391033904974452	-0.1544004709032423	signed_within_dataset_zscore_mean	ok
MSCCR_reGRID_378_Biopsy_747	GSE193677	-0.6101102353429996	-0.016786400740766004	-0.8233051198678962	-0.9902391854203364	signed_within_dataset_zscore_mean	ok
MSCCR_reGRID_378_Biopsy_748	GSE193677	-0.31997601353127225	-0.4304421793843968	-0.4828535547916092	-0.04663230641781082	signed_within_dataset_zscore_mean	ok
MSCCR_reGRID_378_Biopsy_749	GSE193677	-0.22762195150003586	0.08301431149926582	-0.3425593756650401	-0.4233207903343334	signed_within_dataset_zscore_mean	ok
MSCCR_reGRID_379_Biopsy_750	GSE193677	0.12502721495424704	1.10981161529953	-0.3020787974617723	-0.4326511729750167	signed_within_dataset_zscore_mean	ok
MSCCR_reGRID_379_Biopsy_751	GSE193677	0.02789539923777651	-0.11073305930565547	0.27181133344381136	-0.07739207642482636	signed_within_dataset_zscore_mean	ok
MSCCR_reGRID_379_Biopsy_752	GSE193677	0.028295922929104114	0.4724212527953823	-0.27580855041182784	-0.1117249335962421	signed_within_dataset_zscore_mean	ok
MSCCR_reGRID_37_Biopsy_78	GSE193677	0.03733154903505063	-0.4981021170535163	0.3363158988358034	0.27378086532286483	signed_within_dataset_zscore_mean	ok
MSCCR_reGRID_37_Biopsy_79	GSE193677	-0.409740981138406	0.12087481345666817	0.16025227177516976	-1.510350028647056	signed_within_dataset_zscore_mean	ok
MSCCR_reGRID_37_Biopsy_80	GSE193677	0.07985123664914623	0.27475594754875365	0.2714697233757829	-0.30667196097709787	signed_within_dataset_zscore_mean	ok
MSCCR_reGRID_380_Biopsy_753	GSE193677	0.6201644569707407	0.2704050178242258	0.5122167084107646	1.0778716446772318	signed_within_dataset_zscore_mean	ok
MSCCR_reGRID_380_Biopsy_754	GSE193677	-0.5982646912961819	-0.7848308587369954	-0.5566017844168158	-0.4533614307347345	signed_within_dataset_zscore_mean	ok
MSCCR_reGRID_380_Biopsy_755	GSE193677	0.5252846596620879	0.24423506432627545	0.4578040192176105	0.8738148954423779	signed_within_dataset_zscore_mean	ok
MSCCR_reGRID_381_Biopsy_756	GSE193677	0.20677455018789562	-0.07741821669249252	-0.22590307741480187	0.9236449446709812	signed_within_dataset_zscore_mean	ok
MSCCR_reGRID_381_Biopsy_757	GSE193677	-0.37276782346457	-0.20710551081981637	-0.41856287488235144	-0.49263508469154216	signed_within_dataset_zscore_mean	ok
MSCCR_reGRID_381_Biopsy_758	GSE193677	-0.06930825635683191	0.17836450242065002	-0.5850935033386377	0.19880423184749196	signed_within_dataset_zscore_mean	ok
MSCCR_reGRID_382_Biopsy_759	GSE193677	1.1740231513540664	1.2489522091017744	0.9922579755945637	1.2808592693658614	signed_within_dataset_zscore_mean	ok
MSCCR_reGRID_382_Biopsy_760	GSE193677	0.4494025403496294	-0.3515088696951091	1.405525731910997	0.2941907588330004	signed_within_dataset_zscore_mean	ok
MSCCR_reGRID_382_Biopsy_761	GSE193677	0.2035126120552148	-0.1760977004180394	0.3472046940134125	0.4394308425702714	signed_within_dataset_zscore_mean	ok
MSCCR_reGRID_383_Biopsy_762	GSE193677	0.09368622881227635	0.5687261245310937	-0.14698441251474895	-0.14068302557951573	signed_within_dataset_zscore_mean	ok
MSCCR_reGRID_383_Biopsy_763	GSE193677	-0.29221767570768437	-0.043442575287582795	-0.13402984720133687	-0.6991806046341335	signed_within_dataset_zscore_mean	ok
MSCCR_reGRID_383_Biopsy_764	GSE193677	-0.31938555131005686	0.5582900294074413	-0.2432460670158881	-1.2732006163217238	signed_within_dataset_zscore_mean	ok
MSCCR_reGRID_384_Biopsy_765	GSE193677	0.7070216897653344	0.06663887113857321	1.251726766053431	0.802699432103999	signed_within_dataset_zscore_mean	ok
MSCCR_reGRID_384_Biopsy_766	GSE193677	0.42371267226264697	-0.08394739937274184	0.8004925518289315	0.5545928643317511	signed_within_dataset_zscore_mean	ok
MSCCR_reGRID_384_Biopsy_767	GSE193677	0.6272545764161586	0.19223899305842368	1.0906322339778258	0.5988925022122261	signed_within_dataset_zscore_mean	ok
MSCCR_reGRID_385_Biopsy_768	GSE193677	0.1951005429971789	0.4979006912843781	0.49978067423113853	-0.4123797365239798	signed_within_dataset_zscore_mean	ok
MSCCR_reGRID_385_Biopsy_769	GSE193677	-0.0384532263968112	0.5421702809837117	-0.3784034266187987	-0.27912653355534656	signed_within_dataset_zscore_mean	ok
MSCCR_reGRID_385_Biopsy_770	GSE193677	0.595466981708351	1.3056643379929505	0.4484973635943576	0.032239243537744766	signed_within_dataset_zscore_mean	ok
MSCCR_reGRID_386_Biopsy_771	GSE193677	-0.5397802434854935	-0.9664550482332055	-0.820300281043167	0.16741459881989215	signed_within_dataset_zscore_mean	ok
MSCCR_reGRID_386_Biopsy_772	GSE193677	-0.3636560922741672	0.05390671704029961	-0.8985619540018608	-0.24631303986094036	signed_within_dataset_zscore_mean	ok
MSCCR_reGRID_387_Biopsy_773	GSE193677	-0.38993897389066584	-0.863080389893549	-0.3014617593325134	-0.005274772445935216	signed_within_dataset_zscore_mean	ok
MSCCR_reGRID_387_Biopsy_774	GSE193677	-0.7322061985767975	-0.5980641995569081	-1.4032708399856397	-0.19528355618784457	signed_within_dataset_zscore_mean	ok
MSCCR_reGRID_387_Biopsy_775	GSE193677	-0.520546160510721	-0.3784055338833411	-0.3630594002219244	-0.8201735474268976	signed_within_dataset_zscore_mean	ok
MSCCR_reGRID_388_Biopsy_776	GSE193677	0.13270912351973854	0.1379003962677658	-0.23252964349392	0.4927566177853699	signed_within_dataset_zscore_mean	ok
MSCCR_reGRID_388_Biopsy_777	GSE193677	-0.15381961207396813	-0.2832124472286517	-0.25287292320003213	0.07462653420677949	signed_within_dataset_zscore_mean	ok
MSCCR_reGRID_388_Biopsy_778	GSE193677	-0.07846367246800665	0.46306172590291234	-0.544079821663044	-0.15437292164388824	signed_within_dataset_zscore_mean	ok
MSCCR_reGRID_389_Biopsy_779	GSE193677	1.3373976459800445	0.610818792332865	2.8776493422398244	0.5237248033674443	signed_within_dataset_zscore_mean	ok
MSCCR_reGRID_389_Biopsy_780	GSE193677	-0.6648055590482461	-0.9970779582974671	-0.6444606169686925	-0.35287810187857876	signed_within_dataset_zscore_mean	ok
MSCCR_reGRID_38_Biopsy_81	GSE193677	-0.3067442426223797	0.1500655847863212	-0.8077605196054097	-0.2625377930480505	signed_within_dataset_zscore_mean	ok
MSCCR_reGRID_390_Biopsy_781	GSE193677	0.2666290489698709	0.5609252088903316	-0.6725335894136669	0.9114955274329479	signed_within_dataset_zscore_mean	ok
MSCCR_reGRID_390_Biopsy_782	GSE193677	-0.5429021321912733	-0.44838866907855035	-0.5550291224259121	-0.6252886050693572	signed_within_dataset_zscore_mean	ok
MSCCR_reGRID_390_Biopsy_783	GSE193677	-0.5127803265427716	-0.5438264610373081	-0.1970518933750024	-0.7974626252160041	signed_within_dataset_zscore_mean	ok
MSCCR_reGRID_391_Biopsy_784	GSE193677	-0.2780082926325313	-0.2718696037289815	0.1889611918833325	-0.7511164660519448	signed_within_dataset_zscore_mean	ok
MSCCR_reGRID_391_Biopsy_785	GSE193677	-0.19453845082885232	-0.07032728150043786	0.30347201162882553	-0.8167600826149446	signed_within_dataset_zscore_mean	ok
MSCCR_reGRID_392_Biopsy_786	GSE193677	1.8188145836785015	0.9081959215212324	2.4985813306279696	2.049666498886302	signed_within_dataset_zscore_mean	ok
MSCCR_reGRID_392_Biopsy_787	GSE193677	0.2475776440749112	0.02311825060856094	0.2631923393491685	0.4564223422670041	signed_within_dataset_zscore_mean	ok
MSCCR_reGRID_393_Biopsy_788	GSE193677	-0.19499246402614365	0.28421911867698396	-0.6907341880258522	-0.17846232272956264	signed_within_dataset_zscore_mean	ok
MSCCR_reGRID_393_Biopsy_789	GSE193677	0.6025923034888496	0.2128086900728668	0.4046652691829212	1.190302951210761	signed_within_dataset_zscore_mean	ok
MSCCR_reGRID_393_Biopsy_790	GSE193677	0.25261704818227865	0.07785204595543231	0.18310995657934964	0.49688914201205386	signed_within_dataset_zscore_mean	ok
MSCCR_reGRID_395_Biopsy_791	GSE193677	0.5609953940515131	0.6451967383519597	0.3263983543589086	0.711391089443671	signed_within_dataset_zscore_mean	ok
MSCCR_reGRID_395_Biopsy_792	GSE193677	0.18452330719930463	0.2708403671520159	-0.38249244026096757	0.6652219947068655	signed_within_dataset_zscore_mean	ok
MSCCR_reGRID_395_Biopsy_793	GSE193677	1.0752659201583903	0.8843223683377918	1.5584264518942281	0.7830489402431509	signed_within_dataset_zscore_mean	ok
MSCCR_reGRID_397_Biopsy_794	GSE193677	0.05105642596934165	0.3179437265815233	-0.11821864710893237	-0.04655580156456599	signed_within_dataset_zscore_mean	ok
MSCCR_reGRID_397_Biopsy_795	GSE193677	0.658077010059468	-0.0006287524463425731	1.7595839911869902	0.21527579143775644	signed_within_dataset_zscore_mean	ok
MSCCR_reGRID_397_Biopsy_796	GSE193677	0.16167307948383539	0.3579702929545847	0.2900827981482843	-0.1630338526513629	signed_within_dataset_zscore_mean	ok
MSCCR_reGRID_398_Biopsy_797	GSE193677	0.18856656878110642	0.48643112120505005	-0.3319102046008148	0.41117878973908395	signed_within_dataset_zscore_mean	ok
MSCCR_reGRID_398_Biopsy_798	GSE193677	-0.26795208306363655	-0.15189498384739514	-0.6075647098799906	-0.044396555463523946	signed_within_dataset_zscore_mean	ok
MSCCR_reGRID_398_Biopsy_799	GSE193677	-0.1923968883413604	-0.0707958223739971	-0.7699876484449949	0.2635928057949107	signed_within_dataset_zscore_mean	ok
MSCCR_reGRID_399_Biopsy_800	GSE193677	-0.7276055581284071	-0.4922649999283514	-0.753756077738528	-0.936795596718342	signed_within_dataset_zscore_mean	ok
MSCCR_reGRID_399_Biopsy_801	GSE193677	-0.3290009903123908	-0.5908255807360134	0.039341171763262614	-0.43551856196442157	signed_within_dataset_zscore_mean	ok
MSCCR_reGRID_399_Biopsy_802	GSE193677	0.02589807554342662	0.6283345102134071	-0.9567066303449476	0.40606634676182035	signed_within_dataset_zscore_mean	ok
MSCCR_reGRID_39_Biopsy_82	GSE193677	-0.1466516300416691	0.1337132979971964	-0.1407013474058127	-0.43296684071639097	signed_within_dataset_zscore_mean	ok
MSCCR_reGRID_39_Biopsy_83	GSE193677	0.8087123369023675	0.3027588042551014	1.7027369405506534	0.42064126590134787	signed_within_dataset_zscore_mean	ok
MSCCR_reGRID_39_Biopsy_84	GSE193677	-0.3026571120383276	0.0238407755906622	-0.788143834027988	-0.14366827767765714	signed_within_dataset_zscore_mean	ok
MSCCR_reGRID_3_Biopsy_4	GSE193677	-0.1748771266201008	-0.08430590057516654	0.041180918161870396	-0.48150639744700624	signed_within_dataset_zscore_mean	ok
MSCCR_reGRID_3_Biopsy_5	GSE193677	-0.014667448232510113	-0.017574920159586505	-0.29438262753071376	0.2679552029927699	signed_within_dataset_zscore_mean	ok
MSCCR_reGRID_3_Biopsy_6	GSE193677	0.26719580615900823	-0.4512138053333034	0.6212774870054442	0.6315237368048838	signed_within_dataset_zscore_mean	ok
MSCCR_reGRID_401_Biopsy_803	GSE193677	0.5185660805085168	0.0874429935390842	0.33218583511958977	1.1360694128668765	signed_within_dataset_zscore_mean	ok
MSCCR_reGRID_401_Biopsy_804	GSE193677	-0.6917866869836385	-0.4782880304185266	-1.365194045373092	-0.23187798515929703	signed_within_dataset_zscore_mean	ok
MSCCR_reGRID_401_Biopsy_805	GSE193677	-0.9213016849308935	-0.5903958374992045	-1.4968176939453066	-0.6766915233481692	signed_within_dataset_zscore_mean	ok
MSCCR_reGRID_402_Biopsy_806	GSE193677	0.19604683831745295	0.2894918821279134	-0.2440678350187595	0.542716467843205	signed_within_dataset_zscore_mean	ok
MSCCR_reGRID_402_Biopsy_807	GSE193677	-0.46489185593251703	-0.6413715863980666	-0.7752936635864371	0.02198968218695267	signed_within_dataset_zscore_mean	ok
MSCCR_reGRID_402_Biopsy_808	GSE193677	0.31313673808768455	0.1529404954389552	0.32766071555314114	0.4588090032709573	signed_within_dataset_zscore_mean	ok
MSCCR_reGRID_403_Biopsy_809	GSE193677	0.047164727473319824	-0.18513186371022955	-0.330013451677506	0.656639497807695	signed_within_dataset_zscore_mean	ok
MSCCR_reGRID_403_Biopsy_810	GSE193677	-0.7783110377404192	-0.2896212189943105	-1.0186179852818624	-1.0266939089450846	signed_within_dataset_zscore_mean	ok
MSCCR_reGRID_403_Biopsy_811	GSE193677	0.009476308682619413	-0.18937048249262703	-0.07849496442899569	0.29629437296948097	signed_within_dataset_zscore_mean	ok
MSCCR_reGRID_405_Biopsy_812	GSE193677	-0.23169970749488425	-0.16631679720395276	-0.266393915545899	-0.262388409734801	signed_within_dataset_zscore_mean	ok
MSCCR_reGRID_405_Biopsy_813	GSE193677	0.42019270774546974	0.9016202407853253	0.4643197637794037	-0.10536188132831976	signed_within_dataset_zscore_mean	ok
MSCCR_reGRID_405_Biopsy_814	GSE193677	0.2136950872664121	0.35233980583358027	0.1894569948784752	0.09928846108718077	signed_within_dataset_zscore_mean	ok
MSCCR_reGRID_406_Biopsy_815	GSE193677	-0.006518190224078531	-0.38734947741181536	0.2885498790527066	0.07924502768687314	signed_within_dataset_zscore_mean	ok
MSCCR_reGRID_406_Biopsy_816	GSE193677	-0.15600631446179533	-0.20137580574766942	-0.5462580995506343	0.27961496191291774	signed_within_dataset_zscore_mean	ok
MSCCR_reGRID_406_Biopsy_817	GSE193677	-1.1808229291960377	-1.2053125238170839	-1.2485482188771135	-1.0886080448939162	signed_within_dataset_zscore_mean	ok
MSCCR_reGRID_407_Biopsy_818	GSE193677	-0.3165070062808101	-0.4261667877090144	-0.5805081078190898	0.05715387668567392	signed_within_dataset_zscore_mean	ok
MSCCR_reGRID_407_Biopsy_819	GSE193677	-0.2979139385395355	-0.4330223392997127	-0.11072467066480762	-0.34999480565408625	signed_within_dataset_zscore_mean	ok
MSCCR_reGRID_407_Biopsy_820	GSE193677	0.652998458323473	-0.36467277606077314	1.654313226899297	0.6693549241318949	signed_within_dataset_zscore_mean	ok
MSCCR_reGRID_408_Biopsy_821	GSE193677	-0.3900918457322446	-0.045547089048455405	-1.0978617667021053	-0.026866681446172918	signed_within_dataset_zscore_mean	ok
MSCCR_reGRID_408_Biopsy_822	GSE193677	-0.8096091923799834	-0.7418667307508697	-1.1845936775468382	-0.5023671688422423	signed_within_dataset_zscore_mean	ok
MSCCR_reGRID_408_Biopsy_823	GSE193677	-0.4238116699457744	-0.12814916135281756	-0.01538690878900013	-1.1278989396955057	signed_within_dataset_zscore_mean	ok
MSCCR_reGRID_409_Biopsy_824	GSE193677	-1.1348901498584478	-0.5465127728810509	-0.8881151429350588	-1.9700425337592335	signed_within_dataset_zscore_mean	ok
MSCCR_reGRID_410_Biopsy_825	GSE193677	-0.9559100360100286	-1.2705351060405699	-0.7708088778221824	-0.8263861241673333	signed_within_dataset_zscore_mean	ok
MSCCR_reGRID_410_Biopsy_826	GSE193677	0.23457435679505403	0.33397849459203266	0.4062359965929206	-0.03649142079979115	signed_within_dataset_zscore_mean	ok
MSCCR_reGRID_410_Biopsy_827	GSE193677	0.5193897227081775	0.21736404245303884	0.6676087072098159	0.6731964184616777	signed_within_dataset_zscore_mean	ok
MSCCR_reGRID_411_Biopsy_828	GSE193677	0.3908573726958848	0.43474818521181174	-0.6013477657194042	1.3391716985952467	signed_within_dataset_zscore_mean	ok
MSCCR_reGRID_411_Biopsy_829	GSE193677	-0.9864928542173498	-0.6273798642158116	-1.1357328495991112	-1.1963658488371263	signed_within_dataset_zscore_mean	ok
MSCCR_reGRID_411_Biopsy_830	GSE193677	-0.6938800340022958	-1.3156058165081603	-0.10066152082848175	-0.6653727646702453	signed_within_dataset_zscore_mean	ok
MSCCR_reGRID_412_Biopsy_831	GSE193677	-0.15460777751243412	-0.3529302881588405	-0.09422020166485626	-0.016672842713605623	signed_within_dataset_zscore_mean	ok
MSCCR_reGRID_412_Biopsy_832	GSE193677	-0.8967641820792828	-1.3030547340323524	-0.22626282291076816	-1.1609749892947274	signed_within_dataset_zscore_mean	ok
MSCCR_reGRID_412_Biopsy_833	GSE193677	-0.6992242776187033	-0.42279555735933155	-0.4901539883782539	-1.1847232871185245	signed_within_dataset_zscore_mean	ok
MSCCR_reGRID_413_Biopsy_834	GSE193677	0.7035271797119637	0.09666153385114332	1.0235400343236871	0.9903799709610605	signed_within_dataset_zscore_mean	ok
MSCCR_reGRID_413_Biopsy_835	GSE193677	-0.2342990493989159	-0.026655663304857035	-0.12115019256653277	-0.5550912923253579	signed_within_dataset_zscore_mean	ok
MSCCR_reGRID_413_Biopsy_836	GSE193677	0.17042573894452975	0.6220961402916683	0.25605393802004456	-0.3668728614781236	signed_within_dataset_zscore_mean	ok
MSCCR_reGRID_414_Biopsy_837	GSE193677	0.9884235363725321	0.28637632368115407	1.8673416044221827	0.8115526810142594	signed_within_dataset_zscore_mean	ok
MSCCR_reGRID_414_Biopsy_838	GSE193677	1.0903305718017078	0.7264480894505339	1.1586474836761955	1.3858961422783935	signed_within_dataset_zscore_mean	ok
MSCCR_reGRID_416_Biopsy_839	GSE193677	1.1302716495912468	0.4546973698748419	2.112909567639399	0.8232080112594997	signed_within_dataset_zscore_mean	ok
MSCCR_reGRID_416_Biopsy_840	GSE193677	0.044645875512450243	0.27723376487482465	-0.13645955028847537	-0.00683658804899856	signed_within_dataset_zscore_mean	ok
MSCCR_reGRID_416_Biopsy_841	GSE193677	0.3697022598141553	0.08827909729701477	1.1279660238728406	-0.10713834172738945	signed_within_dataset_zscore_mean	ok
MSCCR_reGRID_418_Biopsy_842	GSE193677	0.11276436352257191	-0.3020024474610304	-0.7946838155466398	1.4349793535753859	signed_within_dataset_zscore_mean	ok
MSCCR_reGRID_418_Biopsy_843	GSE193677	-0.09303563627818527	-0.16101125701081936	-0.0867201677719479	-0.031375484051788506	signed_within_dataset_zscore_mean	ok
MSCCR_reGRID_418_Biopsy_844	GSE193677	-0.005603111591975148	-0.0382106261771296	-0.017459936869870442	0.0388612282710746	signed_within_dataset_zscore_mean	ok
MSCCR_reGRID_419_Biopsy_845	GSE193677	-0.5403102788361452	-0.6891229111713353	-0.21068000245163693	-0.7211279228854638	signed_within_dataset_zscore_mean	ok
MSCCR_reGRID_419_Biopsy_846	GSE193677	1.0752960456861078	1.9254286547174702	0.5390188505440128	0.7614406317968406	signed_within_dataset_zscore_mean	ok
MSCCR_reGRID_419_Biopsy_847	GSE193677	-0.46202234812646487	-0.8469211941068243	-0.2600837617175433	-0.27906208855502695	signed_within_dataset_zscore_mean	ok
MSCCR_reGRID_41_Biopsy_85	GSE193677	-0.30139872759511105	0.410962074000805	-0.9540217136398608	-0.3611365431462774	signed_within_dataset_zscore_mean	ok
MSCCR_reGRID_420_Biopsy_848	GSE193677	-0.11233523958570879	-0.26617033458078565	-0.5008562127483416	0.43002082857200086	signed_within_dataset_zscore_mean	ok
MSCCR_reGRID_420_Biopsy_849	GSE193677	-0.8524767673674298	-1.0405166351616775	-0.7363059117689518	-0.7806077551716601	signed_within_dataset_zscore_mean	ok
MSCCR_reGRID_420_Biopsy_850	GSE193677	-0.5241812028240566	-0.24663753993668794	-0.41051810372870257	-0.9153879648067792	signed_within_dataset_zscore_mean	ok
MSCCR_reGRID_422_Biopsy_851	GSE193677	0.4892832592196718	0.5785153522928853	0.8209962407912486	0.06833818457488154	signed_within_dataset_zscore_mean	ok
MSCCR_reGRID_422_Biopsy_852	GSE193677	0.4415538680726716	0.5328778146964883	0.39942556335194135	0.3923582261695852	signed_within_dataset_zscore_mean	ok
MSCCR_reGRID_424_Biopsy_853	GSE193677	-0.05165505181764529	0.319703269101936	-0.3878466007602289	-0.08682182379464298	signed_within_dataset_zscore_mean	ok
MSCCR_reGRID_424_Biopsy_854	GSE193677	0.38184829005155535	1.1173200604497808	0.15146571023567218	-0.12324090053078703	signed_within_dataset_zscore_mean	ok
MSCCR_reGRID_424_Biopsy_855	GSE193677	-0.39645051566458117	0.4107954200690111	-0.5257741115157142	-1.0743728555470404	signed_within_dataset_zscore_mean	ok
MSCCR_reGRID_425_Biopsy_856	GSE193677	-0.2106273560510056	-0.5120046835706018	0.2703289455187577	-0.3902063301011727	signed_within_dataset_zscore_mean	ok
MSCCR_reGRID_425_Biopsy_857	GSE193677	-0.3900004528528223	-0.34803299006446886	-0.33595398371393137	-0.4860143847800667	signed_within_dataset_zscore_mean	ok
MSCCR_reGRID_425_Biopsy_858	GSE193677	-0.1449359959490391	-0.02149434993055386	0.22544190321649552	-0.638755541133059	signed_within_dataset_zscore_mean	ok
MSCCR_reGRID_427_Biopsy_859	GSE193677	0.13489120514124361	0.38505664361961867	-0.7535635371288094	0.7731805089329216	signed_within_dataset_zscore_mean	ok
MSCCR_reGRID_428_Biopsy_860	GSE193677	0.9341572490929263	0.564547130118732	0.4634580749276351	1.7744665422324122	signed_within_dataset_zscore_mean	ok
MSCCR_reGRID_428_Biopsy_861	GSE193677	0.12914145624277248	-0.20297254608772372	0.6833481293896027	-0.09295121457356144	signed_within_dataset_zscore_mean	ok
MSCCR_reGRID_428_Biopsy_862	GSE193677	0.3111075785115693	0.11732068821574781	0.18146562955664736	0.6345364177623127	signed_within_dataset_zscore_mean	ok
MSCCR_reGRID_429_Biopsy_863	GSE193677	-0.24225328168386207	-0.4744483214268692	0.06087729657659915	-0.31318882020131605	signed_within_dataset_zscore_mean	ok
MSCCR_reGRID_429_Biopsy_864	GSE193677	-1.049805928985624	-0.4139955663782121	-0.922059209715519	-1.8133630108631411	signed_within_dataset_zscore_mean	ok
MSCCR_reGRID_429_Biopsy_865	GSE193677	-0.8693878338657899	-0.2480105940871627	-0.3606486925045931	-1.999504215005614	signed_within_dataset_zscore_mean	ok
MSCCR_reGRID_42_Biopsy_86	GSE193677	0.23039892874825565	0.7282164228243075	-0.2812989478762108	0.24427931129667022	signed_within_dataset_zscore_mean	ok
MSCCR_reGRID_42_Biopsy_87	GSE193677	2.2649236436564713	1.2462515111872392	2.716459175373916	2.8320602444082588	signed_within_dataset_zscore_mean	ok
MSCCR_reGRID_42_Biopsy_88	GSE193677	-0.06192804219553921	0.09016379966664126	-0.34725352131359644	0.07130559506033755	signed_within_dataset_zscore_mean	ok
MSCCR_reGRID_430_Biopsy_866	GSE193677	-0.6078574736056211	-0.02238157487744723	-0.9944471367526475	-0.8067437091867689	signed_within_dataset_zscore_mean	ok
MSCCR_reGRID_430_Biopsy_867	GSE193677	-0.13867075725677758	0.041566326192286264	-0.5225634029620698	0.06498480499945081	signed_within_dataset_zscore_mean	ok
MSCCR_reGRID_431_Biopsy_868	GSE193677	-0.4987428760576256	-0.932939644548099	-0.0020853540410086914	-0.561203629583769	signed_within_dataset_zscore_mean	ok
MSCCR_reGRID_431_Biopsy_869	GSE193677	-0.4085715236317012	-0.7027008610184493	0.008392115580439462	-0.5314058254570938	signed_within_dataset_zscore_mean	ok
MSCCR_reGRID_431_Biopsy_870	GSE193677	1.1212422714868353	0.5919913281826492	2.0954250435310646	0.6763104427467922	signed_within_dataset_zscore_mean	ok
MSCCR_reGRID_432_Biopsy_871	GSE193677	-0.4066189002694667	-0.7971904823779782	-0.16055705079545074	-0.2621091676349711	signed_within_dataset_zscore_mean	ok
MSCCR_reGRID_432_Biopsy_872	GSE193677	-0.14820018792197173	0.09807469648402818	0.2239541890553168	-0.7666294493052602	signed_within_dataset_zscore_mean	ok
MSCCR_reGRID_432_Biopsy_873	GSE193677	0.502419141394468	0.7758078467047189	0.08313421774756084	0.6483153597311241	signed_within_dataset_zscore_mean	ok
MSCCR_reGRID_433_Biopsy_874	GSE193677	-0.11296983927769123	0.03481921553527475	-0.28974592175962804	-0.08398281160872041	signed_within_dataset_zscore_mean	ok
MSCCR_reGRID_433_Biopsy_875	GSE193677	0.5517560281090536	0.5392349757281157	0.2241650347349507	0.8918680738640944	signed_within_dataset_zscore_mean	ok
MSCCR_reGRID_433_Biopsy_876	GSE193677	-0.5529188120512895	-0.5673185016626342	-0.25852597345047756	-0.8329119610407565	signed_within_dataset_zscore_mean	ok
MSCCR_reGRID_434_Biopsy_877	GSE193677	-0.46278446363669956	-1.1464481933399622	-0.6534637291396106	0.4115585315694741	signed_within_dataset_zscore_mean	ok
MSCCR_reGRID_434_Biopsy_878	GSE193677	-0.4737804871511288	-0.4728825565561293	-0.42335147431477954	-0.5251074305824774	signed_within_dataset_zscore_mean	ok
MSCCR_reGRID_434_Biopsy_879	GSE193677	-0.5638850305817331	-0.33634801520607166	-0.5966934722655821	-0.7586136042735457	signed_within_dataset_zscore_mean	ok
MSCCR_reGRID_436_Biopsy_880	GSE193677	-1.078088005947288	-1.3876837082614835	-1.0271589858009418	-0.8194213237794384	signed_within_dataset_zscore_mean	ok
MSCCR_reGRID_436_Biopsy_881	GSE193677	-0.2119500592678862	-0.7372340329226672	0.22238929986467565	-0.12100544474566714	signed_within_dataset_zscore_mean	ok
MSCCR_reGRID_436_Biopsy_882	GSE193677	0.68806174221475	0.6343092444914893	0.19458612164143638	1.2352898605113245	signed_within_dataset_zscore_mean	ok
MSCCR_reGRID_437_Biopsy_883	GSE193677	-0.27155314871266684	-0.18236266632444448	0.08178861612159732	-0.7140853959351534	signed_within_dataset_zscore_mean	ok
MSCCR_reGRID_437_Biopsy_884	GSE193677	-0.07980296095328517	-0.4145695545184151	0.40371484073226577	-0.22855416907370615	signed_within_dataset_zscore_mean	ok
MSCCR_reGRID_438_Biopsy_885	GSE193677	-0.4854948056202919	-0.5850982674994145	-0.1445232046514788	-0.7268629447099823	signed_within_dataset_zscore_mean	ok
MSCCR_reGRID_438_Biopsy_886	GSE193677	-1.1432957148008704	-1.2191682806473605	-0.10331434458634772	-2.107404519168903	signed_within_dataset_zscore_mean	ok
MSCCR_reGRID_438_Biopsy_887	GSE193677	0.16099161049619823	-0.3478733336949368	1.0372484249822143	-0.2064002597986828	signed_within_dataset_zscore_mean	ok
MSCCR_reGRID_439_Biopsy_888	GSE193677	-0.6762440147226196	-0.8399018500700658	-0.612588465073251	-0.5762417290245422	signed_within_dataset_zscore_mean	ok
MSCCR_reGRID_439_Biopsy_889	GSE193677	-0.16615216559045262	0.08327669573785731	0.1775937968783439	-0.759326989387559	signed_within_dataset_zscore_mean	ok
MSCCR_reGRID_439_Biopsy_890	GSE193677	0.15365261385151283	0.9944723828290254	0.11260976490746774	-0.6461243061819547	signed_within_dataset_zscore_mean	ok
MSCCR_reGRID_43_Biopsy_89	GSE193677	-1.3282941473354326	-0.7024360713818357	-2.051859284457258	-1.2305870861672044	signed_within_dataset_zscore_mean	ok
MSCCR_reGRID_43_Biopsy_90	GSE193677	-1.0586635195036138	-1.299514228152702	-0.9546097233379163	-0.9218666070202236	signed_within_dataset_zscore_mean	ok
MSCCR_reGRID_43_Biopsy_91	GSE193677	-0.7975192362060293	-0.3761874518425675	-0.8189177543973756	-1.1974525023781448	signed_within_dataset_zscore_mean	ok
MSCCR_reGRID_440_Biopsy_891	GSE193677	-1.0346877037881579	-0.56623491329945	-1.214454536565567	-1.3233736614994567	signed_within_dataset_zscore_mean	ok
MSCCR_reGRID_440_Biopsy_892	GSE193677	-0.07634442699628304	-0.020659536932445554	-0.06016699893174242	-0.14820674512466112	signed_within_dataset_zscore_mean	ok
MSCCR_reGRID_441_Biopsy_893	GSE193677	0.4915172909034384	0.1459727278202178	0.6563978846277376	0.6721812602623597	signed_within_dataset_zscore_mean	ok
MSCCR_reGRID_441_Biopsy_894	GSE193677	-0.7398448363089396	-0.37176088072095964	0.02858758059169304	-1.876361208797552	signed_within_dataset_zscore_mean	ok
MSCCR_reGRID_442_Biopsy_895	GSE193677	-0.3153193083583706	-0.48821325749981276	-0.5901768404343732	0.13243217285907435	signed_within_dataset_zscore_mean	ok
MSCCR_reGRID_442_Biopsy_896	GSE193677	-0.463889140735096	0.014262185202172772	-0.669775916807691	-0.7361536905997698	signed_within_dataset_zscore_mean	ok
MSCCR_reGRID_442_Biopsy_897	GSE193677	-0.6586605802545765	-0.7542484619584601	-0.6380537710002118	-0.5836795078050577	signed_within_dataset_zscore_mean	ok
MSCCR_reGRID_443_Biopsy_898	GSE193677	0.02330929869053103	0.179541297641773	-0.13768959063142874	0.02807618906124883	signed_within_dataset_zscore_mean	ok
MSCCR_reGRID_443_Biopsy_899	GSE193677	0.030970632486206937	0.1559314631828348	0.008029345480493343	-0.07104891120470731	signed_within_dataset_zscore_mean	ok
MSCCR_reGRID_443_Biopsy_900	GSE193677	0.05493294413126343	0.7704661124300006	-0.24921489653072681	-0.3564523835054835	signed_within_dataset_zscore_mean	ok
MSCCR_reGRID_444_Biopsy_901	GSE193677	0.3085487347070414	0.3279078175773362	0.30245811498466	0.295280271559128	signed_within_dataset_zscore_mean	ok
MSCCR_reGRID_444_Biopsy_902	GSE193677	-0.18002503263840489	-0.39522368801357627	0.13855465435742556	-0.28340606425906406	signed_within_dataset_zscore_mean	ok
MSCCR_reGRID_444_Biopsy_903	GSE193677	-0.7353560184895355	-0.5014354568322339	-0.994039386432279	-0.7105932122040933	signed_within_dataset_zscore_mean	ok
MSCCR_reGRID_445_Biopsy_904	GSE193677	0.48760835593127033	-0.14105525393031154	0.3747407908254373	1.2291395308986852	signed_within_dataset_zscore_mean	ok
MSCCR_reGRID_445_Biopsy_905	GSE193677	-0.29216594445572536	0.0697591705248914	-0.7605974899203917	-0.1856595139716759	signed_within_dataset_zscore_mean	ok
MSCCR_reGRID_446_Biopsy_906	GSE193677	0.4162867078713319	-0.17685900075989486	0.708527459608937	0.7171916647649533	signed_within_dataset_zscore_mean	ok
MSCCR_reGRID_446_Biopsy_907	GSE193677	-0.03585655553319384	-0.025932163561045128	0.2599189623406054	-0.3415564653791418	signed_within_dataset_zscore_mean	ok
MSCCR_reGRID_446_Biopsy_908	GSE193677	-0.8457003436387182	-0.5170735921251974	-0.4816366750571467	-1.5383907637338101	signed_within_dataset_zscore_mean	ok
MSCCR_reGRID_447_Biopsy_909	GSE193677	-0.3773419940264627	-0.14383429802644615	-0.5573226731126939	-0.43086901094024804	signed_within_dataset_zscore_mean	ok
MSCCR_reGRID_447_Biopsy_910	GSE193677	-0.035042785752257034	0.1690814535359765	-0.043233015414062284	-0.23097679537868532	signed_within_dataset_zscore_mean	ok
MSCCR_reGRID_447_Biopsy_911	GSE193677	-0.807717193321683	-0.33313415179981787	-0.7062951222393377	-1.3837223059258938	signed_within_dataset_zscore_mean	ok
MSCCR_reGRID_448_Biopsy_912	GSE193677	0.22225954549733876	0.2279745849283671	0.6096360309662486	-0.17083197940259942	signed_within_dataset_zscore_mean	ok
MSCCR_reGRID_448_Biopsy_913	GSE193677	0.21318690098759016	0.31619826190389133	1.0266769643012634	-0.7033145232423844	signed_within_dataset_zscore_mean	ok
MSCCR_reGRID_450_Biopsy_914	GSE193677	0.7561715949847403	0.43804878492611266	0.8702927395368611	0.9601732604912471	signed_within_dataset_zscore_mean	ok
MSCCR_reGRID_450_Biopsy_915	GSE193677	0.8651639063505977	0.05462560080431369	1.5376293426817267	1.003236775565753	signed_within_dataset_zscore_mean	ok
MSCCR_reGRID_450_Biopsy_916	GSE193677	1.1149957840065834	0.4989581764683371	2.2749387990416237	0.5710903765097891	signed_within_dataset_zscore_mean	ok
MSCCR_reGRID_452_Biopsy_917	GSE193677	-0.4505753499942991	0.07527876410348652	-0.9017626126381835	-0.5252422014482004	signed_within_dataset_zscore_mean	ok
MSCCR_reGRID_452_Biopsy_918	GSE193677	1.131415435134456	0.3152131188636177	1.8915233149241595	1.1875098716155914	signed_within_dataset_zscore_mean	ok
MSCCR_reGRID_453_Biopsy_919	GSE193677	0.18172516717143247	-0.13634554768184168	0.3533461612328227	0.32817488796331634	signed_within_dataset_zscore_mean	ok
MSCCR_reGRID_454_Biopsy_920	GSE193677	-0.22985108335681337	0.28104416545051575	0.1388944545904633	-1.1094918701114191	signed_within_dataset_zscore_mean	ok
MSCCR_reGRID_454_Biopsy_921	GSE193677	0.3858658011212968	0.21910113019617428	0.3863603053222917	0.5521359678454245	signed_within_dataset_zscore_mean	ok
MSCCR_reGRID_454_Biopsy_922	GSE193677	-0.5512948822592292	-0.4769489909484076	-0.657938849255496	-0.5189968065737841	signed_within_dataset_zscore_mean	ok
MSCCR_reGRID_455_Biopsy_923	GSE193677	-0.0903738550795901	-0.335025841300384	0.09700886947435547	-0.03310459341274178	signed_within_dataset_zscore_mean	ok
MSCCR_reGRID_455_Biopsy_924	GSE193677	-0.12908380969716862	-0.15607162138141611	-0.5583621726469448	0.32718236493685504	signed_within_dataset_zscore_mean	ok
MSCCR_reGRID_457_Biopsy_925	GSE193677	0.1273880140064205	0.3600548599114202	-0.5097905662646882	0.5318997483725295	signed_within_dataset_zscore_mean	ok
MSCCR_reGRID_457_Biopsy_926	GSE193677	-0.29320563968906194	-0.5541910893509	-0.5372716639858413	0.2118458342695555	signed_within_dataset_zscore_mean	ok
MSCCR_reGRID_457_Biopsy_927	GSE193677	0.3441065147888031	-0.5088577231538862	0.9678069776317709	0.5733702898885246	signed_within_dataset_zscore_mean	ok
MSCCR_reGRID_458_Biopsy_928	GSE193677	0.47913365581686634	0.28032904060465946	-0.13333081833335245	1.2904027451792919	signed_within_dataset_zscore_mean	ok
MSCCR_reGRID_458_Biopsy_929	GSE193677	-0.03104456680559949	0.7892169806801413	0.028918772396736365	-0.9112694534936762	signed_within_dataset_zscore_mean	ok
MSCCR_reGRID_459_Biopsy_930	GSE193677	0.2697772039498078	0.04139557400450465	0.22408126587509872	0.5438547719698201	signed_within_dataset_zscore_mean	ok
MSCCR_reGRID_459_Biopsy_931	GSE193677	-0.6001464836602987	-0.802603361707256	-0.8421989458546705	-0.15563714341896964	signed_within_dataset_zscore_mean	ok
MSCCR_reGRID_459_Biopsy_932	GSE193677	-0.31263527155360366	-0.28620959271182184	-0.6027553723789143	-0.04894084957007485	signed_within_dataset_zscore_mean	ok
MSCCR_reGRID_460_Biopsy_933	GSE193677	0.06560742194198126	0.16166781897121307	-0.24670169034680062	0.2818561372015313	signed_within_dataset_zscore_mean	ok
MSCCR_reGRID_460_Biopsy_934	GSE193677	-0.17178867340277218	0.24025562400341466	-0.08949095846777756	-0.6661306857439537	signed_within_dataset_zscore_mean	ok
MSCCR_reGRID_460_Biopsy_935	GSE193677	-0.5846035258873995	-0.05156703351486922	-0.993585410220261	-0.7086581339270682	signed_within_dataset_zscore_mean	ok
MSCCR_reGRID_461_Biopsy_936	GSE193677	-0.3039738970312087	-0.3592880206488819	-0.04056468162663056	-0.5120689888181137	signed_within_dataset_zscore_mean	ok
MSCCR_reGRID_463_Biopsy_937	GSE193677	-0.1744605246515	-0.29235167206806	-0.002157280226715075	-0.2288726216597249	signed_within_dataset_zscore_mean	ok
MSCCR_reGRID_463_Biopsy_938	GSE193677	-0.0495210997949142	0.10309347239398661	-0.53869194799398	0.2870351762152508	signed_within_dataset_zscore_mean	ok
MSCCR_reGRID_464_Biopsy_939	GSE193677	-0.21270389246725616	-0.2408797086771884	-0.16453553193571535	-0.23269643678886473	signed_within_dataset_zscore_mean	ok
MSCCR_reGRID_464_Biopsy_940	GSE193677	0.5039020355565288	0.1290196251813717	0.4158913550378637	0.966795126450351	signed_within_dataset_zscore_mean	ok
MSCCR_reGRID_464_Biopsy_941	GSE193677	0.8259600985901027	0.6902198091950279	1.2180233939676361	0.569637092607644	signed_within_dataset_zscore_mean	ok
MSCCR_reGRID_467_Biopsy_942	GSE193677	0.18431061362151765	-0.025043509020384113	0.3982063020490022	0.17976904783593484	signed_within_dataset_zscore_mean	ok
MSCCR_reGRID_467_Biopsy_943	GSE193677	-0.10365499671013971	-0.024342038830663614	-0.14500086390980302	-0.14162208738995252	signed_within_dataset_zscore_mean	ok
MSCCR_reGRID_468_Biopsy_944	GSE193677	-0.0446048771819433	-0.6497605870092019	0.8132416745535966	-0.2972957190902246	signed_within_dataset_zscore_mean	ok
MSCCR_reGRID_468_Biopsy_945	GSE193677	-0.24280543181150335	0.05571850551976456	-0.11727389088048035	-0.6668609100737942	signed_within_dataset_zscore_mean	ok
MSCCR_reGRID_468_Biopsy_946	GSE193677	0.4514851075801174	0.4560165786656203	1.2040259087713567	-0.30558716469662484	signed_within_dataset_zscore_mean	ok
MSCCR_reGRID_469_Biopsy_947	GSE193677	0.8309657168524097	0.2573211672162016	1.126974672131494	1.1086013112095332	signed_within_dataset_zscore_mean	ok
MSCCR_reGRID_469_Biopsy_948	GSE193677	-0.014636087409972057	0.42107755128018665	0.13447971288873853	-0.5994655263988413	signed_within_dataset_zscore_mean	ok
MSCCR_reGRID_469_Biopsy_949	GSE193677	-0.11793859634689008	0.2477400364907043	-0.4679898754901847	-0.1335659500411898	signed_within_dataset_zscore_mean	ok
MSCCR_reGRID_470_Biopsy_950	GSE193677	0.08008597307673006	-0.11630856817946267	-0.21928563353904001	0.5758521209486929	signed_within_dataset_zscore_mean	ok
MSCCR_reGRID_471_Biopsy_951	GSE193677	-0.20516485589790653	-0.23698810144143084	-0.1275997110695038	-0.25090675518278494	signed_within_dataset_zscore_mean	ok
MSCCR_reGRID_471_Biopsy_952	GSE193677	-0.4488110815114108	-0.38878550078627494	-0.290626177847062	-0.6670215659008955	signed_within_dataset_zscore_mean	ok
MSCCR_reGRID_472_Biopsy_953	GSE193677	0.7198019178434779	0.5838142956904251	0.7359256563659857	0.8396658014740229	signed_within_dataset_zscore_mean	ok
MSCCR_reGRID_472_Biopsy_954	GSE193677	0.5136055292913452	1.0824205295901626	0.1846784232943653	0.2737176349895077	signed_within_dataset_zscore_mean	ok
MSCCR_reGRID_472_Biopsy_955	GSE193677	0.31622714068095414	0.2433544406427849	-0.5575427228687564	1.262869704268834	signed_within_dataset_zscore_mean	ok
MSCCR_reGRID_472_Biopsy_956	GSE193677	0.479352490156211	0.12131553774784712	0.5933594374593567	0.7233824952614293	signed_within_dataset_zscore_mean	ok
MSCCR_reGRID_474_Biopsy_957	GSE193677	0.018605762753515293	-0.15200052793387614	0.06581608136479958	0.14200173482962244	signed_within_dataset_zscore_mean	ok
MSCCR_reGRID_474_Biopsy_958	GSE193677	0.4573459686403843	0.21307276319575016	0.8541872888472838	0.304777853878119	signed_within_dataset_zscore_mean	ok
MSCCR_reGRID_475_Biopsy_959	GSE193677	0.5678585396598471	0.3492659282277211	0.9115381085358907	0.4427715822159297	signed_within_dataset_zscore_mean	ok
MSCCR_reGRID_475_Biopsy_960	GSE193677	0.8593593966751897	0.34962225201061964	1.3272571077861874	0.9011988302287621	signed_within_dataset_zscore_mean	ok
MSCCR_reGRID_476_Biopsy_961	GSE193677	-0.5277195397374113	-0.7875545816630641	-0.30893279964049086	-0.48667123790867883	signed_within_dataset_zscore_mean	ok
MSCCR_reGRID_476_Biopsy_962	GSE193677	-0.7162403554580599	-0.743718938122693	-0.48468538484843576	-0.9203167434030508	signed_within_dataset_zscore_mean	ok
MSCCR_reGRID_476_Biopsy_963	GSE193677	-0.7064471061571599	-0.2025075369701189	-0.5703201602511874	-1.3465136212501736	signed_within_dataset_zscore_mean	ok
MSCCR_reGRID_477_Biopsy_964	GSE193677	0.7790372152269368	0.623837365807753	-0.26554563057403857	1.9788199104470958	signed_within_dataset_zscore_mean	ok
MSCCR_reGRID_477_Biopsy_965	GSE193677	0.20422382917950488	0.24004990978258367	0.2594382612632085	0.11318331649272244	signed_within_dataset_zscore_mean	ok
MSCCR_reGRID_477_Biopsy_966	GSE193677	0.10642936381932376	0.2974253021216178	0.41835374706340955	-0.39649095772705606	signed_within_dataset_zscore_mean	ok
MSCCR_reGRID_478_Biopsy_967	GSE193677	-0.30498336369726886	-0.32514947847245174	-0.10126451143749937	-0.4885361011818555	signed_within_dataset_zscore_mean	ok
MSCCR_reGRID_478_Biopsy_968	GSE193677	-0.03480849076278722	0.036843042866395156	-0.33783847601779426	0.19656996086303744	signed_within_dataset_zscore_mean	ok
MSCCR_reGRID_47_Biopsy_92	GSE193677	-0.2541461510181068	0.028095455485938524	-0.7891048986269332	-0.0014290099133255814	signed_within_dataset_zscore_mean	ok
MSCCR_reGRID_47_Biopsy_93	GSE193677	0.3226398433709168	-0.04072351566602241	-0.012321794825733257	1.020964840604506	signed_within_dataset_zscore_mean	ok
MSCCR_reGRID_480_Biopsy_969	GSE193677	0.045911993431800656	-0.15434745869639097	-0.13767760241315488	0.4297610414049478	signed_within_dataset_zscore_mean	ok
MSCCR_reGRID_480_Biopsy_970	GSE193677	-0.2603751029486654	-0.2574754360816275	-0.7295666150416555	0.20591674227728687	signed_within_dataset_zscore_mean	ok
MSCCR_reGRID_480_Biopsy_971	GSE193677	-0.4178644613195525	0.08248612573252487	-0.8583279463854991	-0.4777515633056832	signed_within_dataset_zscore_mean	ok
MSCCR_reGRID_481_Biopsy_972	GSE193677	-0.5718939927299687	-0.43447323083935635	-0.7931779441127562	-0.48803080323779335	signed_within_dataset_zscore_mean	ok
MSCCR_reGRID_481_Biopsy_973	GSE193677	-0.5034804377128478	-0.8030947972382789	0.19679848066553335	-0.9041449965657976	signed_within_dataset_zscore_mean	ok
MSCCR_reGRID_482_Biopsy_974	GSE193677	-0.3045752707184547	-0.49047204014600554	-0.4940763853535385	0.0708226133441799	signed_within_dataset_zscore_mean	ok
MSCCR_reGRID_482_Biopsy_975	GSE193677	0.8188694033001441	0.9268326741975492	1.1731968792481697	0.35657865645471337	signed_within_dataset_zscore_mean	ok
MSCCR_reGRID_482_Biopsy_976	GSE193677	-0.09779287103508377	-0.007346313436511887	0.14693380817489649	-0.43296610784363593	signed_within_dataset_zscore_mean	ok
MSCCR_reGRID_483_Biopsy_977	GSE193677	-0.9679786040431996	-0.7863985388888682	-0.8261207455154835	-1.2914165277252467	signed_within_dataset_zscore_mean	ok
MSCCR_reGRID_483_Biopsy_978	GSE193677	0.05615876512236987	0.37540654431208215	-0.4731155301502964	0.26618528120532386	signed_within_dataset_zscore_mean	ok
MSCCR_reGRID_483_Biopsy_979	GSE193677	0.4645638676066323	0.4471541319154196	-0.4775975511432854	1.4241350220477627	signed_within_dataset_zscore_mean	ok
MSCCR_reGRID_484_Biopsy_980	GSE193677	-0.7804064297944873	-0.4818294064328302	-0.10780667693877817	-1.7515832060118532	signed_within_dataset_zscore_mean	ok
MSCCR_reGRID_484_Biopsy_981	GSE193677	0.6202480499433345	0.27144059420855926	1.1519768319292067	0.43732672369223735	signed_within_dataset_zscore_mean	ok
MSCCR_reGRID_486_Biopsy_982	GSE193677	-0.18912272342399047	0.8194917077981876	-0.7140420899400122	-0.6728177881301468	signed_within_dataset_zscore_mean	ok
MSCCR_reGRID_486_Biopsy_983	GSE193677	-0.11702013605531257	-0.4907277603279156	0.18718201336007587	-0.04751466119809795	signed_within_dataset_zscore_mean	ok
MSCCR_reGRID_487_Biopsy_984	GSE193677	-0.0014464368908273795	0.028290284826422818	-0.2753044296413664	0.24267483414246147	signed_within_dataset_zscore_mean	ok
MSCCR_reGRID_487_Biopsy_985	GSE193677	-0.6020122842425905	-0.8663281488101255	-0.4795778534825795	-0.46013085043506635	signed_within_dataset_zscore_mean	ok
MSCCR_reGRID_487_Biopsy_986	GSE193677	-0.22477613919876285	-0.3364581559796525	0.3279583225193969	-0.665828584136033	signed_within_dataset_zscore_mean	ok
MSCCR_reGRID_488_Biopsy_987	GSE193677	-0.6105443105847611	-0.1613046942795409	-1.3578693621299107	-0.3124588753448316	signed_within_dataset_zscore_mean	ok
MSCCR_reGRID_488_Biopsy_988	GSE193677	-0.4818927166994776	-0.13214606616194768	-0.020398018536681863	-1.2931340653998034	signed_within_dataset_zscore_mean	ok
MSCCR_reGRID_489_Biopsy_989	GSE193677	-1.028323690941356	-1.0936889280955753	-0.583206730711683	-1.4080754140168097	signed_within_dataset_zscore_mean	ok
MSCCR_reGRID_489_Biopsy_990	GSE193677	-0.312734707817394	-0.4296760180869863	-0.19322990415568567	-0.31529820120951	signed_within_dataset_zscore_mean	ok
MSCCR_reGRID_489_Biopsy_991	GSE193677	-0.2812194504652397	-0.44090952726425503	-0.39635946945648176	-0.006389354674982434	signed_within_dataset_zscore_mean	ok
MSCCR_reGRID_48_Biopsy_94	GSE193677	0.8290266342736324	0.2549136519101272	1.3116871004781765	0.9204791504325934	signed_within_dataset_zscore_mean	ok
MSCCR_reGRID_48_Biopsy_95	GSE193677	0.6455859857559382	0.30688321450189215	1.1384453210228815	0.4914294217430409	signed_within_dataset_zscore_mean	ok
MSCCR_reGRID_48_Biopsy_96	GSE193677	0.8652765945970952	0.5217835375985912	1.0942628954345284	0.9797833507581658	signed_within_dataset_zscore_mean	ok
MSCCR_reGRID_490_Biopsy_992	GSE193677	-0.6566865753301693	-0.7743660040966756	-1.090434531719096	-0.10525919017473606	signed_within_dataset_zscore_mean	ok
MSCCR_reGRID_490_Biopsy_993	GSE193677	0.5151860113443356	0.942791773848308	-0.5181773587163215	1.1209436189010205	signed_within_dataset_zscore_mean	ok
MSCCR_reGRID_491_Biopsy_994	GSE193677	1.494711475819506	1.2578059021019325	1.5882526179851184	1.6380759073714668	signed_within_dataset_zscore_mean	ok
MSCCR_reGRID_491_Biopsy_995	GSE193677	0.2059356703853544	0.5686825468888186	-0.23144753976760554	0.2805720040348501	signed_within_dataset_zscore_mean	ok
MSCCR_reGRID_491_Biopsy_996	GSE193677	-0.16962364772271296	0.6356191944480214	-0.5374087203796336	-0.6070814172365266	signed_within_dataset_zscore_mean	ok
MSCCR_reGRID_492_Biopsy_997	GSE193677	0.8920213623933284	0.38588334099447347	1.316631744893736	0.9735490012917757	signed_within_dataset_zscore_mean	ok
MSCCR_reGRID_492_Biopsy_998	GSE193677	-0.41856915948799395	-0.20509144498243748	-0.9247892188014122	-0.12582681468013232	signed_within_dataset_zscore_mean	ok
MSCCR_reGRID_492_Biopsy_999	GSE193677	-0.5190118404608212	-0.04308242626436998	-0.9707783819369334	-0.5431747131811598	signed_within_dataset_zscore_mean	ok
MSCCR_reGRID_493_Biopsy_1000	GSE193677	0.027920919389135917	-0.4611913992215551	0.07544079403341844	0.4695133633555444	signed_within_dataset_zscore_mean	ok
MSCCR_reGRID_493_Biopsy_1001	GSE193677	-0.33754071027894844	-0.08432783260344497	-0.15133489403470515	-0.7769594041986951	signed_within_dataset_zscore_mean	ok
MSCCR_reGRID_493_Biopsy_1002	GSE193677	0.6914606417661001	-0.009929010686964102	1.3834086307705489	0.7009023052147155	signed_within_dataset_zscore_mean	ok
MSCCR_reGRID_495_Biopsy_1003	GSE193677	0.6284752365738041	0.26989286886129654	0.8799501300419287	0.735582710818187	signed_within_dataset_zscore_mean	ok
MSCCR_reGRID_495_Biopsy_1004	GSE193677	-0.439227311103908	0.08291432812461605	-0.4645546191281694	-0.9360416423081707	signed_within_dataset_zscore_mean	ok
MSCCR_reGRID_496_Biopsy_1005	GSE193677	-0.26885240325438425	-0.23049062932122158	-0.36462138942536104	-0.2114451910165701	signed_within_dataset_zscore_mean	ok
MSCCR_reGRID_496_Biopsy_1006	GSE193677	2.8349508324107524	1.8049029777707428	3.9304559528696523	2.7694935665918625	signed_within_dataset_zscore_mean	ok
MSCCR_reGRID_496_Biopsy_1007	GSE193677	-0.364005129013256	0.24323540862907259	-0.6449395037033414	-0.6903112919654991	signed_within_dataset_zscore_mean	ok
MSCCR_reGRID_497_Biopsy_1008	GSE193677	-0.1944127631294171	-0.737381240825472	0.2332168450694608	-0.07907389363224016	signed_within_dataset_zscore_mean	ok
MSCCR_reGRID_497_Biopsy_1009	GSE193677	0.3731169165702994	0.5170148590850165	0.010316131280258123	0.5920197593456235	signed_within_dataset_zscore_mean	ok
MSCCR_reGRID_497_Biopsy_1010	GSE193677	-0.06079795526566947	0.10141319336419743	0.025479931829669504	-0.30928699099087537	signed_within_dataset_zscore_mean	ok
MSCCR_reGRID_498_Biopsy_1011	GSE193677	-0.6322778557445363	-0.5591864515667198	-0.34622204294017256	-0.9914250727267168	signed_within_dataset_zscore_mean	ok
MSCCR_reGRID_498_Biopsy_1012	GSE193677	-0.23901415799721185	-0.17452580456047767	-0.21701090697170575	-0.3255057624594522	signed_within_dataset_zscore_mean	ok
MSCCR_reGRID_498_Biopsy_1013	GSE193677	-1.1510976108556472	-1.2662046673544882	-1.0539902219608597	-1.1330979432515942	signed_within_dataset_zscore_mean	ok
MSCCR_reGRID_4_Biopsy_7	GSE193677	0.4271470778501995	-0.5479472508884186	1.6757984004253328	0.15359008401368443	signed_within_dataset_zscore_mean	ok
MSCCR_reGRID_4_Biopsy_8	GSE193677	0.012723880271068152	0.5505742708583096	0.0890357312594997	-0.6014383613046048	signed_within_dataset_zscore_mean	ok
MSCCR_reGRID_4_Biopsy_9	GSE193677	-0.17667929399679919	-0.4501238512629288	-0.3138193578857089	0.2339053271582402	signed_within_dataset_zscore_mean	ok
MSCCR_reGRID_500_Biopsy_1014	GSE193677	-0.21334352612183616	-0.6109624152344908	-0.6032617553732431	0.5741935922422254	signed_within_dataset_zscore_mean	ok
MSCCR_reGRID_500_Biopsy_1015	GSE193677	-0.8319288673224531	-0.6799419149140254	-1.079283219328924	-0.7365614677244098	signed_within_dataset_zscore_mean	ok
MSCCR_reGRID_501_Biopsy_1016	GSE193677	-0.06696838444195957	0.4072846394397005	-0.3357363791076432	-0.272453413657936	signed_within_dataset_zscore_mean	ok
MSCCR_reGRID_502_Biopsy_1017	GSE193677	-0.4239831980060898	-0.5972678539612655	-0.6287218470915995	-0.045959892965404626	signed_within_dataset_zscore_mean	ok
MSCCR_reGRID_502_Biopsy_1018	GSE193677	-0.0220952164639872	-0.3448047507101061	0.24209495395054584	0.03642414736759864	signed_within_dataset_zscore_mean	ok
MSCCR_reGRID_502_Biopsy_1019	GSE193677	0.505424968070986	-0.3250320376130591	1.4903790037232603	0.350927938102757	signed_within_dataset_zscore_mean	ok
MSCCR_reGRID_503_Biopsy_1020	GSE193677	-0.072805679113585	-0.3133654579291676	0.06483107171550632	0.03011734887290625	signed_within_dataset_zscore_mean	ok
MSCCR_reGRID_503_Biopsy_1021	GSE193677	0.8583476831676838	0.5335387523589293	0.7129817352531171	1.328522561891005	signed_within_dataset_zscore_mean	ok
MSCCR_reGRID_504_Biopsy_1022	GSE193677	-0.23165728653419523	-0.25802053163482036	-0.28871587242226326	-0.14823545554550197	signed_within_dataset_zscore_mean	ok
MSCCR_reGRID_505_Biopsy_1023	GSE193677	0.15618192550570428	0.2926521091304283	0.18438845591506675	-0.008494788528382166	signed_within_dataset_zscore_mean	ok
MSCCR_reGRID_505_Biopsy_1024	GSE193677	0.14227614251925283	-0.41748859607266153	0.47263689020766986	0.3716801334227502	signed_within_dataset_zscore_mean	ok
MSCCR_reGRID_505_Biopsy_1025	GSE193677	0.11816242455929776	0.0738483233791845	0.38665683096249565	-0.10601788066378688	signed_within_dataset_zscore_mean	ok
MSCCR_reGRID_507_Biopsy_1026	GSE193677	0.20110166283125566	-0.003648088707400049	0.38696957153775463	0.2199835056634124	signed_within_dataset_zscore_mean	ok
MSCCR_reGRID_507_Biopsy_1027	GSE193677	-0.06887967138060742	0.051552460150150345	-0.3122816422402626	0.05409016794828997	signed_within_dataset_zscore_mean	ok
MSCCR_reGRID_507_Biopsy_1028	GSE193677	-0.6066276456814718	-0.6167545618104333	-0.3689441111142213	-0.8341842641197608	signed_within_dataset_zscore_mean	ok
MSCCR_reGRID_508_Biopsy_1029	GSE193677	-0.4872036033717107	0.5674111301024037	-0.9783777296859828	-1.050644210531553	signed_within_dataset_zscore_mean	ok
MSCCR_reGRID_508_Biopsy_1030	GSE193677	-0.24272698558293637	0.5508921352711483	-0.6236566650897926	-0.6554164269301649	signed_within_dataset_zscore_mean	ok
MSCCR_reGRID_508_Biopsy_1031	GSE193677	-0.22088520121796998	0.318215982234055	-0.5997035676234835	-0.38116801826448143	signed_within_dataset_zscore_mean	ok
MSCCR_reGRID_509_Biopsy_1032	GSE193677	0.5164277595707439	0.2729183340834933	1.1014081295456355	0.17495681508310304	signed_within_dataset_zscore_mean	ok
MSCCR_reGRID_509_Biopsy_1033	GSE193677	-0.045541972667292784	0.013607446530206313	-0.04438247221835667	-0.10585089231372798	signed_within_dataset_zscore_mean	ok
MSCCR_reGRID_50_Biopsy_97	GSE193677	1.077179776329782	0.22827687135007446	1.1497299310809563	1.8535325265583147	signed_within_dataset_zscore_mean	ok
MSCCR_reGRID_50_Biopsy_98	GSE193677	-0.10115554995967317	-0.3186775499619039	-0.21799370173345248	0.23320460181633682	signed_within_dataset_zscore_mean	ok
MSCCR_reGRID_510_Biopsy_1034	GSE193677	-0.7180883179430305	-0.5639676658627929	-0.94509585809848	-0.6452014298678187	signed_within_dataset_zscore_mean	ok
MSCCR_reGRID_510_Biopsy_1035	GSE193677	-0.5872175442932251	-0.04491630090606045	-1.0263327863306544	-0.6904035456429606	signed_within_dataset_zscore_mean	ok
MSCCR_reGRID_510_Biopsy_1036	GSE193677	-0.594393744992021	-0.535880461328935	-0.8269699826565488	-0.4203307909905793	signed_within_dataset_zscore_mean	ok
MSCCR_reGRID_513_Biopsy_1037	GSE193677	0.01499419432262894	0.1683538543970409	-0.2537474426466642	0.13037617121751013	signed_within_dataset_zscore_mean	ok
MSCCR_reGRID_513_Biopsy_1038	GSE193677	-0.04199888551152028	0.17712529225183088	-0.20973738730418728	-0.09338456148220442	signed_within_dataset_zscore_mean	ok
MSCCR_reGRID_514_Biopsy_1039	GSE193677	-0.02753200182163401	0.47401739547043215	-0.40477848893076007	-0.1518349120045741	signed_within_dataset_zscore_mean	ok
MSCCR_reGRID_514_Biopsy_1040	GSE193677	1.5440220554553914	0.9045797457903039	2.4374457798471534	1.2900406407287175	signed_within_dataset_zscore_mean	ok
MSCCR_reGRID_515_Biopsy_1041	GSE193677	-0.5080592452050575	0.1325137423443305	-0.3929346529572509	-1.2637568250022524	signed_within_dataset_zscore_mean	ok
MSCCR_reGRID_515_Biopsy_1042	GSE193677	0.43078079206955805	0.7022706238664013	0.7935292946041085	-0.20345754226183557	signed_within_dataset_zscore_mean	ok
MSCCR_reGRID_516_Biopsy_1043	GSE193677	0.44575593110879624	0.1490255221161528	0.7206836674907842	0.46755860371945174	signed_within_dataset_zscore_mean	ok
MSCCR_reGRID_516_Biopsy_1044	GSE193677	-0.7537919201679575	-1.1944445433634499	-0.016431390030823768	-1.050499827109599	signed_within_dataset_zscore_mean	ok
MSCCR_reGRID_519_Biopsy_1045	GSE193677	0.680265083394085	0.4266418690035108	1.398193147807889	0.21596023337085532	signed_within_dataset_zscore_mean	ok
MSCCR_reGRID_51_Biopsy_100	GSE193677	-0.10864720248474265	-0.26814261566091424	-0.10831087528432919	0.050511883491015465	signed_within_dataset_zscore_mean	ok
MSCCR_reGRID_51_Biopsy_101	GSE193677	-0.526161538301738	-0.8141801358438926	-0.06993137767691975	-0.6943731013844014	signed_within_dataset_zscore_mean	ok
MSCCR_reGRID_51_Biopsy_99	GSE193677	0.014664937511692714	-0.43711000128692107	-0.04830067378386693	0.5294054876058661	signed_within_dataset_zscore_mean	ok
MSCCR_reGRID_520_Biopsy_1046	GSE193677	-0.4644122490221731	-0.06945560145505876	-0.7805703410825412	-0.5432108045289191	signed_within_dataset_zscore_mean	ok
MSCCR_reGRID_520_Biopsy_1047	GSE193677	0.12567959199588444	-0.31057394825400186	0.43294333595038437	0.2546693882912708	signed_within_dataset_zscore_mean	ok
MSCCR_reGRID_522_Biopsy_1048	GSE193677	0.521605627269791	0.7223663674339875	0.108977308929828	0.7334732054455574	signed_within_dataset_zscore_mean	ok
MSCCR_reGRID_522_Biopsy_1049	GSE193677	0.3840712838701903	0.9803586126763616	0.36317044689875866	-0.19131520796454934	signed_within_dataset_zscore_mean	ok
MSCCR_reGRID_523_Biopsy_1050	GSE193677	1.4508212690816495	2.6041778429676063	0.6224061133836016	1.1258798508937407	signed_within_dataset_zscore_mean	ok
MSCCR_reGRID_523_Biopsy_1051	GSE193677	0.3769538610893041	2.5694123154804283	-0.38449369520407994	-1.054057037008436	signed_within_dataset_zscore_mean	ok
MSCCR_reGRID_524_Biopsy_1052	GSE193677	0.9461421505437291	1.55303214254488	1.3471944750179308	-0.06180016593162326	signed_within_dataset_zscore_mean	ok
MSCCR_reGRID_524_Biopsy_1053	GSE193677	-0.20045916067379452	-0.38416639362679067	0.5268108361989291	-0.7440219245935219	signed_within_dataset_zscore_mean	ok
MSCCR_reGRID_525_Biopsy_1054	GSE193677	-0.2861940532669698	-0.4710021685522909	-0.15840214125297153	-0.22917784999564694	signed_within_dataset_zscore_mean	ok
MSCCR_reGRID_525_Biopsy_1055	GSE193677	-0.22449709807436502	-0.33607311699388076	-0.0896309875386577	-0.2477871896905566	signed_within_dataset_zscore_mean	ok
MSCCR_reGRID_528_Biopsy_1056	GSE193677	-0.5975047435130462	-0.38288244426179396	-0.7672311294071453	-0.6424006568701995	signed_within_dataset_zscore_mean	ok
MSCCR_reGRID_52_Biopsy_102	GSE193677	0.22900025465227133	0.41911441037692476	-0.35554466242364435	0.6234310160035336	signed_within_dataset_zscore_mean	ok
MSCCR_reGRID_52_Biopsy_103	GSE193677	-0.10428661863428569	-0.10721460375672268	-0.5374704470721348	0.3318251949260003	signed_within_dataset_zscore_mean	ok
MSCCR_reGRID_530_Biopsy_1057	GSE193677	0.8338570724070452	0.7393727507926595	1.398377474375371	0.3638209920531051	signed_within_dataset_zscore_mean	ok
MSCCR_reGRID_530_Biopsy_1058	GSE193677	0.4779408889497825	0.02087033194597874	1.1930255261689675	0.2199268087344013	signed_within_dataset_zscore_mean	ok
MSCCR_reGRID_531_Biopsy_1059	GSE193677	-1.0464770671767882	-1.3046785859253305	-0.7392018481309324	-1.095550767474102	signed_within_dataset_zscore_mean	ok
MSCCR_reGRID_531_Biopsy_1060	GSE193677	-0.9934225368452245	-0.9503819497125097	-0.9952639582268933	-1.0346217025962705	signed_within_dataset_zscore_mean	ok
MSCCR_reGRID_532_Biopsy_1061	GSE193677	-0.3647688633541129	-0.6469485335642422	-0.44397791269407516	-0.0033801438040212037	signed_within_dataset_zscore_mean	ok
MSCCR_reGRID_532_Biopsy_1062	GSE193677	0.18006846696892062	-0.15762903097540412	0.34109096510317227	0.35674346677899366	signed_within_dataset_zscore_mean	ok
MSCCR_reGRID_533_Biopsy_1063	GSE193677	-0.3268582690209319	-0.4679146283717495	-0.3376971582894221	-0.17496302040162406	signed_within_dataset_zscore_mean	ok
MSCCR_reGRID_533_Biopsy_1064	GSE193677	0.12420938147095911	-0.200372763586044	0.5428442873082819	0.030156620690639402	signed_within_dataset_zscore_mean	ok
MSCCR_reGRID_535_Biopsy_1065	GSE193677	-1.1773346040080388	-0.3560113334310482	-0.9666805598198339	-2.2093119187732344	signed_within_dataset_zscore_mean	ok
MSCCR_reGRID_535_Biopsy_1066	GSE193677	-1.1158580903340538	-0.5738102959221809	-0.38528226357192696	-2.3884817115080534	signed_within_dataset_zscore_mean	ok
MSCCR_reGRID_536_Biopsy_1067	GSE193677	0.21238118936937248	0.5828014886228675	-0.15925253694566174	0.2135946164309117	signed_within_dataset_zscore_mean	ok
MSCCR_reGRID_536_Biopsy_1068	GSE193677	-0.19129022344180904	0.044834178318214214	0.033629230823577064	-0.6523340794672184	signed_within_dataset_zscore_mean	ok
MSCCR_reGRID_538_Biopsy_1069	GSE193677	-0.034385837944068666	0.23230387960549087	-0.5847205744640602	0.24925918102636335	signed_within_dataset_zscore_mean	ok
MSCCR_reGRID_538_Biopsy_1070	GSE193677	-0.46496425516766066	0.3110432139505591	-0.971810601244998	-0.734125378208543	signed_within_dataset_zscore_mean	ok
MSCCR_reGRID_539_Biopsy_1071	GSE193677	0.016204418002897143	-0.06292598033489065	-0.20638224606778613	0.3179214804113682	signed_within_dataset_zscore_mean	ok
MSCCR_reGRID_539_Biopsy_1072	GSE193677	0.46297293601652195	-0.425633413067031	1.5095387615580083	0.30501345955858844	signed_within_dataset_zscore_mean	ok
MSCCR_reGRID_53_Biopsy_104	GSE193677	-0.685492100293942	-0.8531034313763177	-0.9195308087055368	-0.2838420607999718	signed_within_dataset_zscore_mean	ok
MSCCR_reGRID_53_Biopsy_105	GSE193677	0.02215686862720881	-0.43199893136414075	0.31067880336742154	0.18779073387834563	signed_within_dataset_zscore_mean	ok
MSCCR_reGRID_540_Biopsy_1073	GSE193677	-0.37998805871488966	0.10557692755776657	-0.1792210273502624	-1.0663200763521732	signed_within_dataset_zscore_mean	ok
MSCCR_reGRID_541_Biopsy_1074	GSE193677	1.0145309964261242	0.5908720176691084	1.5864833656890138	0.8662376059202502	signed_within_dataset_zscore_mean	ok
MSCCR_reGRID_541_Biopsy_1075	GSE193677	-0.1045382258506013	-0.5426545691458721	0.7015425501781962	-0.47250265858412804	signed_within_dataset_zscore_mean	ok
MSCCR_reGRID_542_Biopsy_1076	GSE193677	0.8801931646297051	0.16691209751790073	1.331458472780018	1.1422089235911963	signed_within_dataset_zscore_mean	ok
MSCCR_reGRID_542_Biopsy_1077	GSE193677	0.026805305478288122	-0.12475567169439047	0.10486602781096206	0.10030556031829278	signed_within_dataset_zscore_mean	ok
MSCCR_reGRID_544_Biopsy_1078	GSE193677	-0.27618906939285365	0.43305919956940403	-0.5598996090845723	-0.7017267986633927	signed_within_dataset_zscore_mean	ok
MSCCR_reGRID_544_Biopsy_1079	GSE193677	-0.37297845356746445	0.5587572625058377	-0.3453652895180316	-1.3323273336901995	signed_within_dataset_zscore_mean	ok
MSCCR_reGRID_545_Biopsy_1080	GSE193677	0.34637084106780774	0.1967210143238814	-0.043656134715681374	0.8860476435952233	signed_within_dataset_zscore_mean	ok
MSCCR_reGRID_545_Biopsy_1081	GSE193677	-0.2619511643560568	-0.40687738714278393	0.10299066858101844	-0.4819667745064049	signed_within_dataset_zscore_mean	ok
MSCCR_reGRID_546_Biopsy_1082	GSE193677	1.0485007330802023	1.2734562709177055	0.7926390899244857	1.0794068383984154	signed_within_dataset_zscore_mean	ok
MSCCR_reGRID_546_Biopsy_1083	GSE193677	-0.5646709527241874	-0.4552960931250228	-0.7662136973696643	-0.4725030676778755	signed_within_dataset_zscore_mean	ok
MSCCR_reGRID_547_Biopsy_1084	GSE193677	0.5754596661819338	0.20638565112096496	0.10618199340127381	1.4138113540235626	signed_within_dataset_zscore_mean	ok
MSCCR_reGRID_547_Biopsy_1085	GSE193677	-0.08746278664654579	-0.1010720812913489	-0.10307072619027417	-0.05824555245801433	signed_within_dataset_zscore_mean	ok
MSCCR_reGRID_548_Biopsy_1086	GSE193677	-0.5934101202821512	-2.0540480463987683	0.5417441619258307	-0.26792647637351613	signed_within_dataset_zscore_mean	ok
MSCCR_reGRID_548_Biopsy_1087	GSE193677	0.2884792264219816	0.019338195059538377	0.389829193461102	0.4562702907453044	signed_within_dataset_zscore_mean	ok
MSCCR_reGRID_54_Biopsy_106	GSE193677	0.14220710099629338	0.4973205945268712	0.051079132536196926	-0.12177842407418797	signed_within_dataset_zscore_mean	ok
MSCCR_reGRID_54_Biopsy_107	GSE193677	0.32121534991830564	0.15027141507748104	0.24050132361048976	0.5728733110669461	signed_within_dataset_zscore_mean	ok
MSCCR_reGRID_54_Biopsy_108	GSE193677	0.6786677826869626	0.27355613157986525	0.8366380500829983	0.9258091663980242	signed_within_dataset_zscore_mean	ok
MSCCR_reGRID_550_Biopsy_1088	GSE193677	-0.38002173961342417	0.2764427174232454	-0.6838236190253716	-0.7326843172381463	signed_within_dataset_zscore_mean	ok
MSCCR_reGRID_551_Biopsy_1089	GSE193677	-0.026345900413674586	0.15315648476002724	-0.33500053069705116	0.10280634469600015	signed_within_dataset_zscore_mean	ok
MSCCR_reGRID_551_Biopsy_1090	GSE193677	-0.6882730562906264	-0.26133377664582647	-0.7981544732519078	-1.0053309189741446	signed_within_dataset_zscore_mean	ok
MSCCR_reGRID_552_Biopsy_1091	GSE193677	-0.5292861599075394	-0.26534105833612737	-1.0156743029438429	-0.30684311844264794	signed_within_dataset_zscore_mean	ok
MSCCR_reGRID_552_Biopsy_1092	GSE193677	-0.6728313518990982	-0.20102495301364046	-1.160206804134816	-0.657262298548838	signed_within_dataset_zscore_mean	ok
MSCCR_reGRID_552_Biopsy_1093	GSE193677	-0.09373338519949892	-0.10278974629772564	-0.3270108528214263	0.14860044352065513	signed_within_dataset_zscore_mean	ok
MSCCR_reGRID_553_Biopsy_1094	GSE193677	0.11516758912911496	0.5181869041886642	0.2693062885289651	-0.44199042533028443	signed_within_dataset_zscore_mean	ok
MSCCR_reGRID_553_Biopsy_1095	GSE193677	-0.3282698933556217	0.3166655365851499	-0.7990101199561851	-0.50246509669583	signed_within_dataset_zscore_mean	ok
MSCCR_reGRID_555_Biopsy_1096	GSE193677	0.5582100881978985	0.20145653072923703	1.0032585929680415	0.46991514089641684	signed_within_dataset_zscore_mean	ok
MSCCR_reGRID_555_Biopsy_1097	GSE193677	-0.6069908514555963	-0.6468653075233115	-0.7750281277291883	-0.39907911911428906	signed_within_dataset_zscore_mean	ok
MSCCR_reGRID_558_Biopsy_1098	GSE193677	0.5861326722478104	0.0996502529648833	1.2145703855458403	0.4441773782327077	signed_within_dataset_zscore_mean	ok
MSCCR_reGRID_558_Biopsy_1099	GSE193677	0.47476491343770083	-0.031234360379426774	1.3551569182974494	0.10037218239507983	signed_within_dataset_zscore_mean	ok
MSCCR_reGRID_559_Biopsy_1100	GSE193677	0.49964433220967086	-0.1374981935834271	1.1825926943473524	0.4538384958650874	signed_within_dataset_zscore_mean	ok
MSCCR_reGRID_559_Biopsy_1101	GSE193677	-1.3144701569829318	-0.8416289037345965	-1.4278268641744711	-1.673954703039728	signed_within_dataset_zscore_mean	ok
MSCCR_reGRID_55_Biopsy_109	GSE193677	-0.15085724103223855	-0.19705729305799075	-0.2489262487742426	-0.006588181264482351	signed_within_dataset_zscore_mean	ok
MSCCR_reGRID_55_Biopsy_110	GSE193677	0.7066731369432144	0.4942188390320711	0.3492632949614954	1.2765372768360768	signed_within_dataset_zscore_mean	ok
MSCCR_reGRID_55_Biopsy_111	GSE193677	-0.21698761999299118	-0.2551938301782501	0.18070001541517128	-0.5764690452158947	signed_within_dataset_zscore_mean	ok
MSCCR_reGRID_560_Biopsy_1102	GSE193677	-0.059351411777277284	-0.2766169304335516	0.10009346221687279	-0.0015307671151530238	signed_within_dataset_zscore_mean	ok
MSCCR_reGRID_560_Biopsy_1103	GSE193677	0.2564356237639302	0.4479408455978492	0.43481119201170404	-0.11344516631776262	signed_within_dataset_zscore_mean	ok
MSCCR_reGRID_561_Biopsy_1104	GSE193677	0.6592359508641824	0.8191245913105046	-0.16235332513711764	1.3209365864191602	signed_within_dataset_zscore_mean	ok
MSCCR_reGRID_561_Biopsy_1105	GSE193677	-0.13867092744388423	0.4759049406805498	-0.5717492073012819	-0.32016851571092064	signed_within_dataset_zscore_mean	ok
MSCCR_reGRID_564_Biopsy_1106	GSE193677	0.8511665894952042	0.6941266107415072	1.6338229469178696	0.22555021082623572	signed_within_dataset_zscore_mean	ok
MSCCR_reGRID_564_Biopsy_1107	GSE193677	0.24461442207630998	0.05455685211277378	0.1732747916244636	0.5060116224916925	signed_within_dataset_zscore_mean	ok
MSCCR_reGRID_566_Biopsy_1108	GSE193677	0.503103665649283	0.49817780419061963	0.3191837907061247	0.6919494020511046	signed_within_dataset_zscore_mean	ok
MSCCR_reGRID_566_Biopsy_1109	GSE193677	-0.3138211750397976	0.20455614305414307	-0.4587716702885206	-0.6872479978850152	signed_within_dataset_zscore_mean	ok
MSCCR_reGRID_567_Biopsy_1110	GSE193677	-0.763854086299176	-0.0395062418749649	-1.5730304568691813	-0.6790255601533816	signed_within_dataset_zscore_mean	ok
MSCCR_reGRID_569_Biopsy_1111	GSE193677	0.2582415701679401	0.16475879632960788	0.5623244124986965	0.04764150167551584	signed_within_dataset_zscore_mean	ok
MSCCR_reGRID_569_Biopsy_1112	GSE193677	0.13925812598716383	0.27560011782407035	-0.33947430792270905	0.4816485680601302	signed_within_dataset_zscore_mean	ok
MSCCR_reGRID_569_Biopsy_1113	GSE193677	0.883698750445893	0.30420724051586995	1.627641977630041	0.7192470331917681	signed_within_dataset_zscore_mean	ok
MSCCR_reGRID_56_Biopsy_112	GSE193677	-0.6966737419764986	-0.5416472693791163	-0.7907862344385427	-0.7575877221118364	signed_within_dataset_zscore_mean	ok
MSCCR_reGRID_56_Biopsy_113	GSE193677	-0.13091239010358505	-0.7131881483110778	0.5976069120740478	-0.2771559340737252	signed_within_dataset_zscore_mean	ok
MSCCR_reGRID_56_Biopsy_114	GSE193677	-0.2981091858911377	-0.08382608971103378	-0.182288983377773	-0.6282124845846063	signed_within_dataset_zscore_mean	ok
MSCCR_reGRID_570_Biopsy_1114	GSE193677	-0.02144504546182091	-0.23586749441560179	-0.378963812612748	0.550496170642887	signed_within_dataset_zscore_mean	ok
MSCCR_reGRID_570_Biopsy_1115	GSE193677	0.47773034880525594	0.6157103620681974	0.39507210249041363	0.42240858185715685	signed_within_dataset_zscore_mean	ok
MSCCR_reGRID_573_Biopsy_1116	GSE193677	1.1540468359847738	0.9767006174108006	1.2024684067137428	1.2829714838297777	signed_within_dataset_zscore_mean	ok
MSCCR_reGRID_573_Biopsy_1117	GSE193677	-0.12153216577424507	0.29875997109193014	-0.007346161624451808	-0.6560103067902135	signed_within_dataset_zscore_mean	ok
MSCCR_reGRID_574_Biopsy_1118	GSE193677	-0.21369505417536647	-0.5154036092467257	-0.3693724179554703	0.2436908646760967	signed_within_dataset_zscore_mean	ok
MSCCR_reGRID_574_Biopsy_1119	GSE193677	-0.0072649237546842564	-0.15452345363245396	-0.32867018393691544	0.4613988663053166	signed_within_dataset_zscore_mean	ok
MSCCR_reGRID_575_Biopsy_1120	GSE193677	0.41365089301206437	0.5366065134373258	-0.48860735089564733	1.1929535164945146	signed_within_dataset_zscore_mean	ok
MSCCR_reGRID_575_Biopsy_1121	GSE193677	-0.3887896116937604	-0.32833098245270964	-0.3306382831544075	-0.5073995694741641	signed_within_dataset_zscore_mean	ok
MSCCR_reGRID_575_Biopsy_1122	GSE193677	-1.0277272682111818	-1.2035298870051359	-0.14464581482784325	-1.7350061028005659	signed_within_dataset_zscore_mean	ok
MSCCR_reGRID_576_Biopsy_1123	GSE193677	-0.5005934847793201	0.33123536430176914	-0.9078064787488789	-0.9252093398908506	signed_within_dataset_zscore_mean	ok
MSCCR_reGRID_576_Biopsy_1124	GSE193677	0.7388094100105546	0.5024187259840913	1.2534897124684894	0.4605197915790828	signed_within_dataset_zscore_mean	ok
MSCCR_reGRID_577_Biopsy_1125	GSE193677	-0.3855938221978464	0.24121212876648207	-0.9536874069912068	-0.44430618836881447	signed_within_dataset_zscore_mean	ok
MSCCR_reGRID_577_Biopsy_1126	GSE193677	-0.5943451683315258	0.3500737109759335	-0.3989909249137223	-1.734118291056789	signed_within_dataset_zscore_mean	ok
MSCCR_reGRID_578_Biopsy_1127	GSE193677	1.4548584297713976	0.6710284598411208	2.32217354864798	1.3713732808250916	signed_within_dataset_zscore_mean	ok
MSCCR_reGRID_578_Biopsy_1128	GSE193677	-0.25057974168292424	-0.28526272307594097	-0.35087103738614944	-0.11560546458668215	signed_within_dataset_zscore_mean	ok
MSCCR_reGRID_578_Biopsy_1129	GSE193677	-0.14732557973433044	0.02896077812287186	-0.3101596358290631	-0.16077788149680003	signed_within_dataset_zscore_mean	ok
MSCCR_reGRID_57_Biopsy_115	GSE193677	0.34011214797432654	0.07858888580897351	0.43648519476294334	0.5052623633510628	signed_within_dataset_zscore_mean	ok
MSCCR_reGRID_57_Biopsy_116	GSE193677	0.07880413687612677	0.4500892705355362	-0.26326842857131394	0.049591568664158	signed_within_dataset_zscore_mean	ok
MSCCR_reGRID_580_Biopsy_1130	GSE193677	-0.33173336889124855	0.3463233708923287	-0.6088466323223538	-0.7326768452437206	signed_within_dataset_zscore_mean	ok
MSCCR_reGRID_580_Biopsy_1131	GSE193677	-0.16902207298699676	-0.21745056932226978	-0.07590469239720277	-0.21371095724151767	signed_within_dataset_zscore_mean	ok
MSCCR_reGRID_581_Biopsy_1132	GSE193677	0.5198693106644922	0.39984940174123296	0.6807579442935354	0.4790005859587079	signed_within_dataset_zscore_mean	ok
MSCCR_reGRID_581_Biopsy_1133	GSE193677	0.8946643241374281	0.27241154785423377	1.8538375165886307	0.5577439079694201	signed_within_dataset_zscore_mean	ok
MSCCR_reGRID_582_Biopsy_1134	GSE193677	-0.7556271833623849	0.18177726953905549	-1.0506977553117716	-1.3979610643144385	signed_within_dataset_zscore_mean	ok
MSCCR_reGRID_582_Biopsy_1135	GSE193677	-0.7957607845485036	-0.42940974383312386	-0.8008588288941146	-1.1570137809182723	signed_within_dataset_zscore_mean	ok
MSCCR_reGRID_583_Biopsy_1136	GSE193677	0.5236453380150811	0.42459258568567726	0.13003663388569792	1.016306794473868	signed_within_dataset_zscore_mean	ok
MSCCR_reGRID_584_Biopsy_1137	GSE193677	-0.1531739584669545	-0.05274866694491487	0.2843102506799045	-0.6910834591358531	signed_within_dataset_zscore_mean	ok
MSCCR_reGRID_584_Biopsy_1138	GSE193677	-0.41464205599549936	0.07532769022773578	-1.1627889527939994	-0.15646490542023458	signed_within_dataset_zscore_mean	ok
MSCCR_reGRID_585_Biopsy_1139	GSE193677	-0.6206737061166246	-0.08723846562769126	-1.1461684817075182	-0.6286141710146645	signed_within_dataset_zscore_mean	ok
MSCCR_reGRID_585_Biopsy_1140	GSE193677	-0.03773111506877883	0.3605208829960989	-0.4186377387236841	-0.05507648947875132	signed_within_dataset_zscore_mean	ok
MSCCR_reGRID_585_Biopsy_1141	GSE193677	-0.09272339418055564	-0.2589096290184846	0.6491478129650206	-0.6684083664882029	signed_within_dataset_zscore_mean	ok
MSCCR_reGRID_586_Biopsy_1142	GSE193677	-0.11064186427105244	-0.29327514816931055	-0.37174912002779376	0.33309867538394705	signed_within_dataset_zscore_mean	ok
MSCCR_reGRID_586_Biopsy_1143	GSE193677	0.1393844371748145	0.5408347781092532	0.0791732702489909	-0.20185473683380065	signed_within_dataset_zscore_mean	ok
MSCCR_reGRID_587_Biopsy_1144	GSE193677	0.042903660195687386	0.18851549051686844	-0.4622917066681418	0.4024871967383355	signed_within_dataset_zscore_mean	ok
MSCCR_reGRID_587_Biopsy_1145	GSE193677	-0.7804632621126784	-0.3833249632582497	-0.7896826973787225	-1.1683821257010625	signed_within_dataset_zscore_mean	ok
MSCCR_reGRID_587_Biopsy_1146	GSE193677	0.7239852308604262	-0.11511835364599018	1.0628053574466523	1.2242686887806165	signed_within_dataset_zscore_mean	ok
MSCCR_reGRID_588_Biopsy_1147	GSE193677	0.5184911590187222	0.47506424907268296	0.8434098752063959	0.23699935277708797	signed_within_dataset_zscore_mean	ok
MSCCR_reGRID_588_Biopsy_1148	GSE193677	-0.025029756094410004	0.09745805249428871	-0.1145740800603177	-0.05797324071720102	signed_within_dataset_zscore_mean	ok
MSCCR_reGRID_589_Biopsy_1149	GSE193677	-0.05428872273847545	0.17037067421661423	-0.3619816256785292	0.02874478324648862	signed_within_dataset_zscore_mean	ok
MSCCR_reGRID_589_Biopsy_1150	GSE193677	1.087028008946212	0.614547313045392	1.4007902928929474	1.2457464209002973	signed_within_dataset_zscore_mean	ok
MSCCR_reGRID_58_Biopsy_117	GSE193677	0.6703074459060497	0.6834018591598106	0.8785853104059294	0.4489351681524094	signed_within_dataset_zscore_mean	ok
MSCCR_reGRID_58_Biopsy_118	GSE193677	-0.16917451967385166	-0.006042660457932625	-0.10076415872770239	-0.40071673983592	signed_within_dataset_zscore_mean	ok
MSCCR_reGRID_590_Biopsy_1151	GSE193677	0.6119007652164524	0.16508505264859616	0.45701858152520225	1.213598661475559	signed_within_dataset_zscore_mean	ok
MSCCR_reGRID_590_Biopsy_1152	GSE193677	-0.34514937335864143	-0.5952064320200499	-0.29208905876140695	-0.14815262929446757	signed_within_dataset_zscore_mean	ok
MSCCR_reGRID_591_Biopsy_1153	GSE193677	-0.29436985043320024	-0.18595709303629993	0.21649545374966425	-0.9136479120129651	signed_within_dataset_zscore_mean	ok
MSCCR_reGRID_591_Biopsy_1154	GSE193677	-0.23595612296713228	-0.6120663136298672	-0.30288621063714105	0.20708415536561142	signed_within_dataset_zscore_mean	ok
MSCCR_reGRID_592_Biopsy_1155	GSE193677	-0.36772539312045915	-0.5405554934146068	-0.6521058855289276	0.08948519958215702	signed_within_dataset_zscore_mean	ok
MSCCR_reGRID_592_Biopsy_1156	GSE193677	-0.31603663218900974	-0.08049087533880905	-0.7311887859747133	-0.13643023525350695	signed_within_dataset_zscore_mean	ok
MSCCR_reGRID_593_Biopsy_1157	GSE193677	-0.15791610898419486	0.575683200014495	-1.0442337512565807	-0.005197775710498953	signed_within_dataset_zscore_mean	ok
MSCCR_reGRID_593_Biopsy_1158	GSE193677	-0.3901566013996794	-0.13907133257923046	-0.7482650037036095	-0.28313346791619826	signed_within_dataset_zscore_mean	ok
MSCCR_reGRID_594_Biopsy_1159	GSE193677	0.4432766475002919	0.575979262055135	0.626816101172126	0.12703457927361458	signed_within_dataset_zscore_mean	ok
MSCCR_reGRID_594_Biopsy_1160	GSE193677	-0.13537427014311307	0.10772178616109436	0.3310887236407775	-0.844933320231211	signed_within_dataset_zscore_mean	ok
MSCCR_reGRID_595_Biopsy_1161	GSE193677	0.0389662714334858	-0.2311850415588272	-0.15094560716248653	0.49902946302177115	signed_within_dataset_zscore_mean	ok
MSCCR_reGRID_595_Biopsy_1162	GSE193677	-0.37002828305261265	-0.30774979628296684	-0.6605968132333272	-0.14173823964154383	signed_within_dataset_zscore_mean	ok
MSCCR_reGRID_596_Biopsy_1163	GSE193677	-0.009072868684824173	0.19022718202967015	-0.5463932370538986	0.328947448969756	signed_within_dataset_zscore_mean	ok
MSCCR_reGRID_598_Biopsy_1164	GSE193677	-0.4793008888444099	-0.16579270877272814	-0.9033889215582829	-0.36872103620221863	signed_within_dataset_zscore_mean	ok
MSCCR_reGRID_598_Biopsy_1165	GSE193677	-0.526181019152926	-0.016013004474434035	-0.8726291728451863	-0.6899008801391577	signed_within_dataset_zscore_mean	ok
MSCCR_reGRID_59_Biopsy_119	GSE193677	-0.5295748041754585	-0.796942754330481	-0.6151051203966551	-0.17667653779923945	signed_within_dataset_zscore_mean	ok
MSCCR_reGRID_59_Biopsy_120	GSE193677	0.09830135131474055	0.12595325408990582	0.07830375148167885	0.090647048372637	signed_within_dataset_zscore_mean	ok
MSCCR_reGRID_59_Biopsy_121	GSE193677	0.021535552225456094	-0.024215121503108006	0.1850750985701583	-0.09625332039068202	signed_within_dataset_zscore_mean	ok
MSCCR_reGRID_5_Biopsy_10	GSE193677	-0.4416539672682665	-0.46471300222203016	-0.5721609173778307	-0.2880879822049387	signed_within_dataset_zscore_mean	ok
MSCCR_reGRID_5_Biopsy_11	GSE193677	-0.11852023175132821	-0.334416610080376	0.7259379814250678	-0.7470820665986765	signed_within_dataset_zscore_mean	ok
MSCCR_reGRID_5_Biopsy_12	GSE193677	0.9827680482679589	0.2865108516122523	1.8224282971929981	0.8393649959986264	signed_within_dataset_zscore_mean	ok
MSCCR_reGRID_600_Biopsy_1166	GSE193677	-0.795036696124543	-1.0035209296976313	-0.6162500683595781	-0.7653390903164196	signed_within_dataset_zscore_mean	ok
MSCCR_reGRID_600_Biopsy_1167	GSE193677	-0.32929600818526356	0.18807144255325328	-0.06918966383725836	-1.1067698032717856	signed_within_dataset_zscore_mean	ok
MSCCR_reGRID_601_Biopsy_1168	GSE193677	3.2406620946718996	1.1566097802958388	4.170939753355188	4.394436750364673	signed_within_dataset_zscore_mean	ok
MSCCR_reGRID_601_Biopsy_1169	GSE193677	-0.10596578331551576	-0.03617679898889396	-0.03992882340431284	-0.24179172755334047	signed_within_dataset_zscore_mean	ok
MSCCR_reGRID_602_Biopsy_1170	GSE193677	0.4126270910603829	-0.07477352142487134	0.2838755232722718	1.0287792713337485	signed_within_dataset_zscore_mean	ok
MSCCR_reGRID_602_Biopsy_1171	GSE193677	-0.2743133528930157	-0.07957943361853136	-0.32981056430589434	-0.4135500607546215	signed_within_dataset_zscore_mean	ok
MSCCR_reGRID_603_Biopsy_1172	GSE193677	0.13225696908548062	0.6268736704719265	0.04934619352878568	-0.27944895674427034	signed_within_dataset_zscore_mean	ok
MSCCR_reGRID_603_Biopsy_1173	GSE193677	0.3114740427205087	0.3896548660936797	-0.33928782044314043	0.8840550825109869	signed_within_dataset_zscore_mean	ok
MSCCR_reGRID_604_Biopsy_1174	GSE193677	0.7039175864968796	0.5982066861707788	0.6254337924529935	0.8881122808668668	signed_within_dataset_zscore_mean	ok
MSCCR_reGRID_604_Biopsy_1175	GSE193677	-0.8145185361325686	-0.5699109324633763	-1.2707275396590776	-0.602917136275252	signed_within_dataset_zscore_mean	ok
MSCCR_reGRID_604_Biopsy_1176	GSE193677	-0.7855187315777751	-0.37472161827173	-0.9233643700628728	-1.0584702063987226	signed_within_dataset_zscore_mean	ok
MSCCR_reGRID_605_Biopsy_1177	GSE193677	0.5332489719463046	0.2823483388664262	0.5507144900758674	0.7666840868966202	signed_within_dataset_zscore_mean	ok
MSCCR_reGRID_605_Biopsy_1178	GSE193677	0.8192737208201816	0.36874237250374287	0.969184946915003	1.1198938430417986	signed_within_dataset_zscore_mean	ok
MSCCR_reGRID_605_Biopsy_1179	GSE193677	0.03584162309407709	0.04847031364457326	0.37479786847510355	-0.31574331283744556	signed_within_dataset_zscore_mean	ok
MSCCR_reGRID_606_Biopsy_1180	GSE193677	-0.10500832537810402	0.004830770010277962	-0.25843498219539984	-0.061420763949190195	signed_within_dataset_zscore_mean	ok
MSCCR_reGRID_606_Biopsy_1181	GSE193677	-0.482738684652208	-0.29004671816484956	-0.2845211919620373	-0.8736481438297372	signed_within_dataset_zscore_mean	ok
MSCCR_reGRID_607_Biopsy_1182	GSE193677	0.5636549590027764	0.46970319261351745	1.0516354265439485	0.16962625785086335	signed_within_dataset_zscore_mean	ok
MSCCR_reGRID_608_Biopsy_1183	GSE193677	-0.6192969878699887	-0.6125332046562255	-0.8060932690908673	-0.4392644898628732	signed_within_dataset_zscore_mean	ok
MSCCR_reGRID_608_Biopsy_1184	GSE193677	-0.31911962916979364	-0.07252137949437935	-0.3331813715462832	-0.5516561364687184	signed_within_dataset_zscore_mean	ok
MSCCR_reGRID_609_Biopsy_1185	GSE193677	0.40153627348295545	0.1353710316524533	0.4083325614087664	0.6609052273876466	signed_within_dataset_zscore_mean	ok
MSCCR_reGRID_609_Biopsy_1186	GSE193677	0.25138728645724123	-0.02252431676534843	0.8540838105847339	-0.0773976344476619	signed_within_dataset_zscore_mean	ok
MSCCR_reGRID_610_Biopsy_1187	GSE193677	-0.43344629552772823	-0.8324390355226994	-0.21794905284420563	-0.24995079821627955	signed_within_dataset_zscore_mean	ok
MSCCR_reGRID_610_Biopsy_1188	GSE193677	-0.11459068114013514	-0.32182122186112033	-0.10132275291386653	0.07937193135458147	signed_within_dataset_zscore_mean	ok
MSCCR_reGRID_611_Biopsy_1189	GSE193677	0.922269016504974	0.7659815851034939	0.8511972694533393	1.1496281949580889	signed_within_dataset_zscore_mean	ok
MSCCR_reGRID_611_Biopsy_1190	GSE193677	-0.5937307428554087	-0.38417787518324237	-0.5669886668681612	-0.8300256865148227	signed_within_dataset_zscore_mean	ok
MSCCR_reGRID_612_Biopsy_1191	GSE193677	0.36456054017070744	0.641098702353491	-0.5634660494982081	1.0160489676568394	signed_within_dataset_zscore_mean	ok
MSCCR_reGRID_612_Biopsy_1192	GSE193677	0.6874451716731528	0.19845434402493928	1.2202190699663351	0.6436621010281837	signed_within_dataset_zscore_mean	ok
MSCCR_reGRID_612_Biopsy_1193	GSE193677	-0.1583648190716859	0.0906426152457823	-0.4019870767830958	-0.16374999567774415	signed_within_dataset_zscore_mean	ok
MSCCR_reGRID_613_Biopsy_1194	GSE193677	-0.7807560797347377	-0.25340574101931773	-0.9669314187655671	-1.1219310794193282	signed_within_dataset_zscore_mean	ok
MSCCR_reGRID_613_Biopsy_1195	GSE193677	-0.6966573517943577	-0.32114452838915225	-0.47033537257583263	-1.2984921544180883	signed_within_dataset_zscore_mean	ok
MSCCR_reGRID_614_Biopsy_1196	GSE193677	-0.3879396270164133	0.002280557342517195	0.08777074235479913	-1.2538701807465564	signed_within_dataset_zscore_mean	ok
MSCCR_reGRID_615_Biopsy_1197	GSE193677	-0.3317427737930341	0.34549347270246517	-0.45677945715340307	-0.8839423369281644	signed_within_dataset_zscore_mean	ok
MSCCR_reGRID_616_Biopsy_1198	GSE193677	-0.09127790510519919	-0.32354321664912866	-0.23063864242979476	0.2803481437633258	signed_within_dataset_zscore_mean	ok
MSCCR_reGRID_616_Biopsy_1199	GSE193677	-0.046715111938753655	0.14488562751435236	-0.06814772829231322	-0.2168832350383001	signed_within_dataset_zscore_mean	ok
MSCCR_reGRID_617_Biopsy_1200	GSE193677	0.808256092201145	0.37760321608397224	0.881639801395715	1.165525259123748	signed_within_dataset_zscore_mean	ok
MSCCR_reGRID_617_Biopsy_1201	GSE193677	-0.08637593871859676	-0.24288531787852108	-0.1693876892905706	0.15314519101330137	signed_within_dataset_zscore_mean	ok
MSCCR_reGRID_618_Biopsy_1202	GSE193677	-0.41206305753311806	-0.23704534032474753	-0.7094517775154551	-0.2896920547591515	signed_within_dataset_zscore_mean	ok
MSCCR_reGRID_618_Biopsy_1203	GSE193677	0.5063589518466923	0.6947654313615839	0.5878784512017912	0.23643297297670215	signed_within_dataset_zscore_mean	ok
MSCCR_reGRID_619_Biopsy_1204	GSE193677	0.41823722405567976	0.18575834786104795	0.4221765511964989	0.6467767731094923	signed_within_dataset_zscore_mean	ok
MSCCR_reGRID_620_Biopsy_1205	GSE193677	0.03025675530155954	0.6158130521814422	0.24976517118405103	-0.7748079574608147	signed_within_dataset_zscore_mean	ok
MSCCR_reGRID_620_Biopsy_1206	GSE193677	0.2018596859434395	0.3786202681520775	0.47443672609965226	-0.24747793642141128	signed_within_dataset_zscore_mean	ok
MSCCR_reGRID_621_Biopsy_1207	GSE193677	0.24828963439688598	0.4179306568428949	-0.010313381514692344	0.3372516278624553	signed_within_dataset_zscore_mean	ok
MSCCR_reGRID_621_Biopsy_1208	GSE193677	-0.32362635136556933	-0.3142588412365845	-0.404520315192204	-0.2520998976679197	signed_within_dataset_zscore_mean	ok
MSCCR_reGRID_622_Biopsy_1209	GSE193677	-0.451516345952772	0.2967938748831821	-0.21383508752802888	-1.4375078252134692	signed_within_dataset_zscore_mean	ok
MSCCR_reGRID_623_Biopsy_1210	GSE193677	0.018542075601672748	-0.5435074366543732	0.7473020754518567	-0.14816841199246525	signed_within_dataset_zscore_mean	ok
MSCCR_reGRID_623_Biopsy_1211	GSE193677	-0.12874983345631028	-0.053848783453004256	-0.3039094280977681	-0.028491288818158406	signed_within_dataset_zscore_mean	ok
MSCCR_reGRID_624_Biopsy_1212	GSE193677	-0.01698423416533849	0.4080201733554274	-0.2527925776259202	-0.20618029822552264	signed_within_dataset_zscore_mean	ok
MSCCR_reGRID_625_Biopsy_1213	GSE193677	-0.7576627696717315	-0.5479441328232497	-0.5135244343489385	-1.2115197418430066	signed_within_dataset_zscore_mean	ok
MSCCR_reGRID_625_Biopsy_1214	GSE193677	1.1432302836741413	1.4197729713998015	0.8537570223182238	1.156160857304399	signed_within_dataset_zscore_mean	ok
MSCCR_reGRID_627_Biopsy_1215	GSE193677	-0.07830620137570944	0.11234626710193014	-0.016344682000320066	-0.3309201892287384	signed_within_dataset_zscore_mean	ok
MSCCR_reGRID_627_Biopsy_1216	GSE193677	0.9115809047230976	0.47864420212843806	1.3609336054507484	0.8951649065901064	signed_within_dataset_zscore_mean	ok
MSCCR_reGRID_627_Biopsy_1217	GSE193677	-0.19978934934418457	0.3584967068444001	-0.6088754376007772	-0.3489893172761766	signed_within_dataset_zscore_mean	ok
MSCCR_reGRID_628_Biopsy_1218	GSE193677	1.4965165499641955	0.7998245561270274	1.0748477098733786	2.6148773838921797	signed_within_dataset_zscore_mean	ok
MSCCR_reGRID_628_Biopsy_1219	GSE193677	-0.3119091992221858	-0.029894881552487828	-0.2542174787536115	-0.6516152373604581	signed_within_dataset_zscore_mean	ok
MSCCR_reGRID_629_Biopsy_1220	GSE193677	-0.000478215618153847	0.4896968365177624	-0.04183189740226643	-0.4492995859699575	signed_within_dataset_zscore_mean	ok
MSCCR_reGRID_629_Biopsy_1221	GSE193677	0.0889578430511281	-0.24304641552057257	0.3497469393973135	0.16017300527664338	signed_within_dataset_zscore_mean	ok
MSCCR_reGRID_631_Biopsy_1222	GSE193677	-0.017051484133426664	0.19109370758057706	0.19110365098311793	-0.43335181096397496	signed_within_dataset_zscore_mean	ok
MSCCR_reGRID_631_Biopsy_1223	GSE193677	0.7386761846221533	0.5214836707306041	0.15441854810800454	1.5401263350278516	signed_within_dataset_zscore_mean	ok
MSCCR_reGRID_632_Biopsy_1224	GSE193677	-0.08327852082277691	-0.13619269286064667	-0.2204362022320165	0.10679333262433244	signed_within_dataset_zscore_mean	ok
MSCCR_reGRID_633_Biopsy_1225	GSE193677	-0.08293830041016155	-0.41004576419271455	0.016512728873515202	0.1447181340887147	signed_within_dataset_zscore_mean	ok
MSCCR_reGRID_633_Biopsy_1226	GSE193677	-0.30819015151445367	-0.6056033727067945	-0.08887044153501225	-0.23009664030155433	signed_within_dataset_zscore_mean	ok
MSCCR_reGRID_633_Biopsy_1227	GSE193677	-0.799410758701535	-0.4255870911568708	-0.7276631974309635	-1.2449819875167705	signed_within_dataset_zscore_mean	ok
MSCCR_reGRID_634_Biopsy_1228	GSE193677	-0.279222682161587	-0.0837696420825921	-0.7474613688768447	-0.006437035525324375	signed_within_dataset_zscore_mean	ok
MSCCR_reGRID_634_Biopsy_1229	GSE193677	-0.35498687106604176	0.09047097149977122	-0.5850833537209964	-0.5703482309769002	signed_within_dataset_zscore_mean	ok
MSCCR_reGRID_635_Biopsy_1230	GSE193677	0.1014506074352235	-0.2686301838073301	0.18932330332536654	0.3836587027876341	signed_within_dataset_zscore_mean	ok
MSCCR_reGRID_636_Biopsy_1231	GSE193677	-0.42056761565873707	-0.08310369636549877	-0.9287458705681984	-0.24985328004251414	signed_within_dataset_zscore_mean	ok
MSCCR_reGRID_636_Biopsy_1232	GSE193677	-0.35887934855319586	-0.44164995629379833	-0.13495476412684806	-0.5000333252389414	signed_within_dataset_zscore_mean	ok
MSCCR_reGRID_637_Biopsy_1233	GSE193677	-0.17546399211601604	-0.06289870276716675	-0.20103849041210883	-0.2624547831687726	signed_within_dataset_zscore_mean	ok
MSCCR_reGRID_637_Biopsy_1234	GSE193677	0.3234434791756655	0.29129400916252524	0.665071573838215	0.013964854526256287	signed_within_dataset_zscore_mean	ok
MSCCR_reGRID_638_Biopsy_1235	GSE193677	-0.4898974321652038	0.06170375140059849	-0.4415430663144425	-1.0898529815817675	signed_within_dataset_zscore_mean	ok
MSCCR_reGRID_638_Biopsy_1236	GSE193677	0.9016876453364165	0.35940001282107154	1.163946211737314	1.1817167114508638	signed_within_dataset_zscore_mean	ok
MSCCR_reGRID_639_Biopsy_1237	GSE193677	-0.6060031354504025	-0.5867358847659686	-0.6568201269915016	-0.5744533945937373	signed_within_dataset_zscore_mean	ok
MSCCR_reGRID_63_Biopsy_122	GSE193677	0.8092065636247993	0.2636979752097439	1.3836375684247124	0.7802841472399412	signed_within_dataset_zscore_mean	ok
MSCCR_reGRID_63_Biopsy_123	GSE193677	0.6623657414562781	0.5508688728688476	0.6871541950099248	0.749074156490062	signed_within_dataset_zscore_mean	ok
MSCCR_reGRID_641_Biopsy_1238	GSE193677	0.12290284036855864	-0.2257998970101333	0.3251743892893237	0.26933402882648555	signed_within_dataset_zscore_mean	ok
MSCCR_reGRID_641_Biopsy_1239	GSE193677	-0.008959680289469122	-0.6058297285327766	0.9265711340691178	-0.3476204464047486	signed_within_dataset_zscore_mean	ok
MSCCR_reGRID_643_Biopsy_1240	GSE193677	-0.13282908044590244	-0.145333019283106	-0.39906141120632854	0.14590718915172732	signed_within_dataset_zscore_mean	ok
MSCCR_reGRID_644_Biopsy_1241	GSE193677	0.7859259106934098	0.4733290011895875	-0.027185360100290667	1.9116340909909324	signed_within_dataset_zscore_mean	ok
MSCCR_reGRID_644_Biopsy_1242	GSE193677	-0.31349685498153074	0.3752930603584511	-0.8582922872342508	-0.45749133806879255	signed_within_dataset_zscore_mean	ok
MSCCR_reGRID_645_Biopsy_1243	GSE193677	-0.5499992622818243	-0.3840721583760352	-1.1169502429504374	-0.14897538551900028	signed_within_dataset_zscore_mean	ok
MSCCR_reGRID_645_Biopsy_1244	GSE193677	0.15037880260337605	0.2899135522415789	-0.37945420273413405	0.5406770583026833	signed_within_dataset_zscore_mean	ok
MSCCR_reGRID_646_Biopsy_1245	GSE193677	0.22639421590934253	0.4593473374777144	-0.0061586030806839	0.22599391333099716	signed_within_dataset_zscore_mean	ok
MSCCR_reGRID_646_Biopsy_1246	GSE193677	-0.10005888006438331	0.2574099015895092	-0.1350669382702329	-0.4225196035124263	signed_within_dataset_zscore_mean	ok
MSCCR_reGRID_647_Biopsy_1247	GSE193677	-0.7274414987056	-0.8217763391625781	-1.2052268461075268	-0.15532131084669532	signed_within_dataset_zscore_mean	ok
MSCCR_reGRID_647_Biopsy_1248	GSE193677	-0.18335749259541012	0.10338163190496052	-0.4577187664299863	-0.19573534326120456	signed_within_dataset_zscore_mean	ok
MSCCR_reGRID_648_Biopsy_1249	GSE193677	-0.3327182799182614	-0.23988849774825444	-0.9736991252704186	0.2154327832638888	signed_within_dataset_zscore_mean	ok
MSCCR_reGRID_648_Biopsy_1250	GSE193677	-0.3497581248429212	0.0019758641252121565	-0.5131130984373684	-0.5381371402166072	signed_within_dataset_zscore_mean	ok
MSCCR_reGRID_649_Biopsy_1251	GSE193677	-0.717542531206842	-1.1831812363848686	-0.34121093016398074	-0.6282354270716767	signed_within_dataset_zscore_mean	ok
MSCCR_reGRID_649_Biopsy_1252	GSE193677	-0.4197828359185547	-0.24641821379016285	-0.3932622594181526	-0.6196680345473486	signed_within_dataset_zscore_mean	ok
MSCCR_reGRID_64_Biopsy_124	GSE193677	-0.6173448891017678	-1.0756318207309605	0.017393088508565756	-0.7937959350829084	signed_within_dataset_zscore_mean	ok
MSCCR_reGRID_64_Biopsy_125	GSE193677	-0.4296640337299893	-0.29444055404160135	-0.2272879441102479	-0.7672636030381185	signed_within_dataset_zscore_mean	ok
MSCCR_reGRID_64_Biopsy_126	GSE193677	0.24305637435257169	0.101287583899575	0.6119234402436541	0.01595809891448596	signed_within_dataset_zscore_mean	ok
MSCCR_reGRID_650_Biopsy_1253	GSE193677	0.7073360252338686	0.03349182548411637	0.7920369735061139	1.2964792767113755	signed_within_dataset_zscore_mean	ok
MSCCR_reGRID_650_Biopsy_1254	GSE193677	0.0898142583607572	-0.2620579913407735	0.3851899259046069	0.14631084051843823	signed_within_dataset_zscore_mean	ok
MSCCR_reGRID_651_Biopsy_1255	GSE193677	-0.20735907047560467	0.2815271961285163	-0.6215324758387275	-0.2820719317166028	signed_within_dataset_zscore_mean	ok
MSCCR_reGRID_651_Biopsy_1256	GSE193677	-0.2849761761583946	-0.4387574041112886	0.025594693842868256	-0.44176581820676336	signed_within_dataset_zscore_mean	ok
MSCCR_reGRID_652_Biopsy_1257	GSE193677	0.3474891234463828	0.2925663002137872	0.3176077312346287	0.4322933388907324	signed_within_dataset_zscore_mean	ok
MSCCR_reGRID_652_Biopsy_1258	GSE193677	0.23397023370832395	0.3079326495946926	0.35673611408397554	0.03724193744630374	signed_within_dataset_zscore_mean	ok
MSCCR_reGRID_653_Biopsy_1259	GSE193677	-0.6164620601953966	-0.5268297810945344	-0.9450043767747548	-0.3775520227169007	signed_within_dataset_zscore_mean	ok
MSCCR_reGRID_654_Biopsy_1260	GSE193677	0.5850565308287554	-0.2559943287727099	1.1478322364799034	0.8633316847790727	signed_within_dataset_zscore_mean	ok
MSCCR_reGRID_654_Biopsy_1261	GSE193677	0.5315820453189833	-0.12313147072960895	0.6090844442597934	1.1087931624267657	signed_within_dataset_zscore_mean	ok
MSCCR_reGRID_654_Biopsy_1262	GSE193677	-0.24166180663574377	0.16178805709711924	-0.7063397554923799	-0.18043372151197057	signed_within_dataset_zscore_mean	ok
MSCCR_reGRID_655_Biopsy_1263	GSE193677	0.45769598090262287	0.20225687457976266	0.6238012029070606	0.5470298652210454	signed_within_dataset_zscore_mean	ok
MSCCR_reGRID_655_Biopsy_1264	GSE193677	0.6662103523340114	0.5014549373608433	0.7911403462494433	0.7060357733917474	signed_within_dataset_zscore_mean	ok
MSCCR_reGRID_656_Biopsy_1265	GSE193677	-0.5709008057993706	-0.6463672835083999	-0.941730136993554	-0.12460499689615807	signed_within_dataset_zscore_mean	ok
MSCCR_reGRID_656_Biopsy_1266	GSE193677	1.0581679612564332	0.19830785525071554	2.0858623935231515	0.8903336349954328	signed_within_dataset_zscore_mean	ok
MSCCR_reGRID_657_Biopsy_1267	GSE193677	0.157490766552312	-0.5363598697521746	0.32874373077146624	0.6800884386376445	signed_within_dataset_zscore_mean	ok
MSCCR_reGRID_657_Biopsy_1268	GSE193677	-0.3112256477012337	-0.03656057701482777	-0.5988843514283497	-0.29823201466052357	signed_within_dataset_zscore_mean	ok
MSCCR_reGRID_658_Biopsy_1269	GSE193677	-0.8531205459833258	-0.1067308222162188	-1.5351680777203291	-0.9174627380134295	signed_within_dataset_zscore_mean	ok
MSCCR_reGRID_658_Biopsy_1270	GSE193677	0.0028940722821102862	-0.29516951969932104	-0.35721788709663366	0.6610696236422856	signed_within_dataset_zscore_mean	ok
MSCCR_reGRID_659_Biopsy_1271	GSE193677	0.061020087563064644	0.05667213134370832	-0.3041535848090977	0.4305417161545833	signed_within_dataset_zscore_mean	ok
MSCCR_reGRID_659_Biopsy_1272	GSE193677	-0.5760123335789992	-0.18629299337436772	-0.5310614202000071	-1.0106825871626228	signed_within_dataset_zscore_mean	ok
MSCCR_reGRID_65_Biopsy_127	GSE193677	-0.14536089837076863	0.30149117043205764	-0.5107744586423271	-0.22679940690203645	signed_within_dataset_zscore_mean	ok
MSCCR_reGRID_65_Biopsy_128	GSE193677	-0.4812097354107334	-0.43524484650467093	-0.5496677250715729	-0.45871663465595636	signed_within_dataset_zscore_mean	ok
MSCCR_reGRID_65_Biopsy_129	GSE193677	0.61118723790463	0.014866274126356372	1.3708872160398147	0.44780822354771915	signed_within_dataset_zscore_mean	ok
MSCCR_reGRID_660_Biopsy_1273	GSE193677	-0.33354791763880115	-0.18972681675899433	-0.8145011712998883	0.003584235142479223	signed_within_dataset_zscore_mean	ok
MSCCR_reGRID_660_Biopsy_1274	GSE193677	-0.015890156730798244	0.2164084912365567	-0.27253239391037726	0.008453432481425827	signed_within_dataset_zscore_mean	ok
MSCCR_reGRID_661_Biopsy_1275	GSE193677	-0.6114341900247076	-0.039567670316960936	-0.913377197085933	-0.8813577026712288	signed_within_dataset_zscore_mean	ok
MSCCR_reGRID_661_Biopsy_1276	GSE193677	-0.07331128941493385	0.4477529638598853	-0.7739720971675936	0.1062852650629068	signed_within_dataset_zscore_mean	ok
MSCCR_reGRID_662_Biopsy_1277	GSE193677	-0.19588561109833302	0.07618169367233425	-0.20656037584918568	-0.4572781511181476	signed_within_dataset_zscore_mean	ok
MSCCR_reGRID_662_Biopsy_1278	GSE193677	0.014699625124909391	0.22720238898943426	0.18488317222805833	-0.36798668584276445	signed_within_dataset_zscore_mean	ok
MSCCR_reGRID_664_Biopsy_1279	GSE193677	-0.16281097541421494	0.10448924569794804	-0.2791697599895895	-0.3137524119510034	signed_within_dataset_zscore_mean	ok
MSCCR_reGRID_664_Biopsy_1280	GSE193677	0.32454863602189793	0.6626378301426629	-0.20645652704513656	0.5174646049681675	signed_within_dataset_zscore_mean	ok
MSCCR_reGRID_665_Biopsy_1281	GSE193677	-1.0976698262141147	-0.7343862027658629	-1.457278473459812	-1.1013448024166694	signed_within_dataset_zscore_mean	ok
MSCCR_reGRID_665_Biopsy_1282	GSE193677	-0.05384170227888102	0.013171313736246627	-0.44355896310905896	0.26886254253616926	signed_within_dataset_zscore_mean	ok
MSCCR_reGRID_666_Biopsy_1283	GSE193677	-0.23930908210596538	-0.015107676642528396	-0.49927799702758585	-0.20354157264778192	signed_within_dataset_zscore_mean	ok
MSCCR_reGRID_666_Biopsy_1284	GSE193677	-0.26310070369844357	0.042886432414142917	-0.4093372568302791	-0.42285128667919447	signed_within_dataset_zscore_mean	ok
MSCCR_reGRID_667_Biopsy_1285	GSE193677	-0.253900931555932	-0.4223554393892351	-0.3694676498950116	0.030120294616450567	signed_within_dataset_zscore_mean	ok
MSCCR_reGRID_667_Biopsy_1286	GSE193677	-0.3568893089508247	-0.08783559919443183	-0.5309583662164318	-0.45187396144161046	signed_within_dataset_zscore_mean	ok
MSCCR_reGRID_668_Biopsy_1287	GSE193677	-0.47375411384839405	-0.6062098553977571	-0.9185749861393919	0.10352249999196683	signed_within_dataset_zscore_mean	ok
MSCCR_reGRID_668_Biopsy_1288	GSE193677	0.1719324495237796	0.21234448284288696	0.15086899712709553	0.1525838686013562	signed_within_dataset_zscore_mean	ok
MSCCR_reGRID_66_Biopsy_130	GSE193677	-0.25984759225400916	-1.9480684549301372	0.9933558997319064	0.1751697784362033	signed_within_dataset_zscore_mean	ok
MSCCR_reGRID_670_Biopsy_1289	GSE193677	-0.6833322023111305	-0.3398233362319414	-0.7461234631403839	-0.9640498075610658	signed_within_dataset_zscore_mean	ok
MSCCR_reGRID_670_Biopsy_1290	GSE193677	-0.31624791734178875	0.4159766590018821	-0.7030092181445491	-0.6617111928826992	signed_within_dataset_zscore_mean	ok
MSCCR_reGRID_671_Biopsy_1291	GSE193677	-0.420084027047559	-0.2961179581985637	-0.41646227865138813	-0.5476718442927252	signed_within_dataset_zscore_mean	ok
MSCCR_reGRID_671_Biopsy_1292	GSE193677	0.42053370997492046	-0.3156113185170907	0.8532543774629142	0.7239580709789378	signed_within_dataset_zscore_mean	ok
MSCCR_reGRID_672_Biopsy_1293	GSE193677	-0.6006774981076157	-0.5436433162366452	-0.4363004854266661	-0.8220886926595358	signed_within_dataset_zscore_mean	ok
MSCCR_reGRID_672_Biopsy_1294	GSE193677	-0.2618353705912167	-0.006256570172649159	-0.2669751795048005	-0.5122743620962006	signed_within_dataset_zscore_mean	ok
MSCCR_reGRID_673_Biopsy_1295	GSE193677	0.15794889528803113	-0.04785219515939856	-0.3958035965064025	0.9175024775298944	signed_within_dataset_zscore_mean	ok
MSCCR_reGRID_673_Biopsy_1296	GSE193677	0.3820005217694517	0.2219728726840357	0.5871705072952124	0.33685818532910705	signed_within_dataset_zscore_mean	ok
MSCCR_reGRID_674_Biopsy_1297	GSE193677	-0.45642769059347094	-0.2493884100806107	-0.7399728243519693	-0.37992183734783286	signed_within_dataset_zscore_mean	ok
MSCCR_reGRID_674_Biopsy_1298	GSE193677	-0.24261730982680837	0.25448645665624053	-0.32388592420508705	-0.6584524619315786	signed_within_dataset_zscore_mean	ok
MSCCR_reGRID_675_Biopsy_1299	GSE193677	0.23217906856404605	0.11743912387129815	-0.330407641643398	0.909505723464238	signed_within_dataset_zscore_mean	ok
MSCCR_reGRID_675_Biopsy_1300	GSE193677	0.06727678487033174	0.40603064940267136	0.12161934635433054	-0.32581964114600664	signed_within_dataset_zscore_mean	ok
MSCCR_reGRID_676_Biopsy_1301	GSE193677	0.07592698685934987	0.026590036039587827	-0.0009419121356729537	0.20213283667413473	signed_within_dataset_zscore_mean	ok
MSCCR_reGRID_676_Biopsy_1302	GSE193677	-0.05510860365500705	0.1750972555784362	-0.04562705935754758	-0.29479600718590976	signed_within_dataset_zscore_mean	ok
MSCCR_reGRID_678_Biopsy_1303	GSE193677	-0.9814637295323775	-0.15784610233372023	-1.1468634461877592	-1.639681640075653	signed_within_dataset_zscore_mean	ok
MSCCR_reGRID_678_Biopsy_1304	GSE193677	-0.3285740101052308	0.2716029729521498	-1.0238380647402452	-0.23348693852759705	signed_within_dataset_zscore_mean	ok
MSCCR_reGRID_678_Biopsy_1305	GSE193677	-0.06157430581420605	0.286881404415858	-0.786033124868752	0.3144288030102758	signed_within_dataset_zscore_mean	ok
MSCCR_reGRID_680_Biopsy_1306	GSE193677	0.7039827328613929	0.35603034202210254	0.7640991108194035	0.9918187457426727	signed_within_dataset_zscore_mean	ok
MSCCR_reGRID_680_Biopsy_1307	GSE193677	-0.44621990170768483	0.12388889483801055	0.13989768897852867	-1.6024462889395936	signed_within_dataset_zscore_mean	ok
MSCCR_reGRID_680_Biopsy_1308	GSE193677	0.016716905572891072	0.011964826422815102	-0.43214792112537576	0.47033381142123387	signed_within_dataset_zscore_mean	ok
MSCCR_reGRID_681_Biopsy_1309	GSE193677	1.2055200484692792	0.1254254766317047	2.3519310509757916	1.139203617800341	signed_within_dataset_zscore_mean	ok
MSCCR_reGRID_681_Biopsy_1310	GSE193677	0.31483266144852656	0.11510005575962834	0.30977474273792593	0.5196231858480255	signed_within_dataset_zscore_mean	ok
MSCCR_reGRID_682_Biopsy_1311	GSE193677	0.12358337731837911	0.05440096257358366	-0.31074785596353316	0.6270970253450868	signed_within_dataset_zscore_mean	ok
MSCCR_reGRID_682_Biopsy_1312	GSE193677	-0.8936681199106192	-0.28840433627041395	-0.892368903409064	-1.50023112005238	signed_within_dataset_zscore_mean	ok
MSCCR_reGRID_684_Biopsy_1313	GSE193677	0.2697146506157511	-0.07743337131500375	0.6423521051225312	0.24422521803972594	signed_within_dataset_zscore_mean	ok
MSCCR_reGRID_684_Biopsy_1314	GSE193677	0.21089496179509024	0.33315418737154634	0.04311018777895352	0.2564205102347708	signed_within_dataset_zscore_mean	ok
MSCCR_reGRID_686_Biopsy_1315	GSE193677	0.21165335885505734	-0.02296500554680152	-0.08992770780472166	0.7478527899166952	signed_within_dataset_zscore_mean	ok
MSCCR_reGRID_686_Biopsy_1316	GSE193677	-1.3566455730568763	-0.6905335212525506	-1.264218451350058	-2.1151847465680205	signed_within_dataset_zscore_mean	ok
MSCCR_reGRID_688_Biopsy_1317	GSE193677	0.22505454881512657	0.6760442792323362	0.05308529103396644	-0.05396592382092293	signed_within_dataset_zscore_mean	ok
MSCCR_reGRID_688_Biopsy_1318	GSE193677	-0.13240252193847105	0.33415626339890886	0.028761860319671807	-0.7601256895339938	signed_within_dataset_zscore_mean	ok
MSCCR_reGRID_689_Biopsy_1319	GSE193677	0.2493204629094431	0.30973321488891625	0.1547612306986244	0.28346694314078863	signed_within_dataset_zscore_mean	ok
MSCCR_reGRID_689_Biopsy_1320	GSE193677	0.1845448331215074	0.33922684031392314	0.2697540248387991	-0.055346365788199924	signed_within_dataset_zscore_mean	ok
MSCCR_reGRID_68_Biopsy_131	GSE193677	-0.2736037012242778	-0.31677895439279224	-0.8768007724130662	0.3727686231330249	signed_within_dataset_zscore_mean	ok
MSCCR_reGRID_68_Biopsy_132	GSE193677	-0.0829048611602364	-0.12727028548708036	-0.298373462138456	0.17692916414482715	signed_within_dataset_zscore_mean	ok
MSCCR_reGRID_68_Biopsy_133	GSE193677	-0.25349038403793306	0.23123195549452985	-0.5095368200265525	-0.4821662875817765	signed_within_dataset_zscore_mean	ok
MSCCR_reGRID_691_Biopsy_1321	GSE193677	-0.3044498994289307	0.6524460889206609	-0.8885509046295142	-0.6772448825779387	signed_within_dataset_zscore_mean	ok
MSCCR_reGRID_691_Biopsy_1322	GSE193677	0.9536802992310666	0.5514182099665492	1.2072634020801416	1.1023592856465088	signed_within_dataset_zscore_mean	ok
MSCCR_reGRID_692_Biopsy_1323	GSE193677	-0.11302303987237772	-0.0327396185528311	-0.5507603944361752	0.2444308933718732	signed_within_dataset_zscore_mean	ok
MSCCR_reGRID_692_Biopsy_1324	GSE193677	0.29901466988130715	-0.057189852459975786	0.4765194843131872	0.47771437779070997	signed_within_dataset_zscore_mean	ok
MSCCR_reGRID_693_Biopsy_1325	GSE193677	-0.6068070410697938	-0.692447514086779	-0.372557697005049	-0.7554159121175535	signed_within_dataset_zscore_mean	ok
MSCCR_reGRID_693_Biopsy_1326	GSE193677	-0.5612756893127072	0.1274534836956825	-0.9723304436863616	-0.8389501079474426	signed_within_dataset_zscore_mean	ok
MSCCR_reGRID_694_Biopsy_1327	GSE193677	0.5217230182395629	-0.361936081691717	1.3000139827374453	0.6270911536729603	signed_within_dataset_zscore_mean	ok
MSCCR_reGRID_694_Biopsy_1328	GSE193677	-0.35676917333418356	0.02063519055758034	-0.8668714446877868	-0.2240712658723442	signed_within_dataset_zscore_mean	ok
MSCCR_reGRID_694_Biopsy_1329	GSE193677	0.22521861506852212	0.023416182283463993	0.15672906105713497	0.4955106018649673	signed_within_dataset_zscore_mean	ok
MSCCR_reGRID_695_Biopsy_1330	GSE193677	-0.17941165027452113	0.33020457017163735	-0.7141927600047532	-0.1542467609904476	signed_within_dataset_zscore_mean	ok
MSCCR_reGRID_695_Biopsy_1331	GSE193677	1.6624785715897492	0.7282200021974886	2.169534962603648	2.089680749968111	signed_within_dataset_zscore_mean	ok
MSCCR_reGRID_696_Biopsy_1332	GSE193677	-0.5502003790512678	-0.5082496710640781	-0.9811195437449918	-0.1612319223447334	signed_within_dataset_zscore_mean	ok
MSCCR_reGRID_696_Biopsy_1333	GSE193677	0.07050353960150803	0.3039591284212097	-0.03691714063078968	-0.055531368985895946	signed_within_dataset_zscore_mean	ok
MSCCR_reGRID_697_Biopsy_1334	GSE193677	0.5214044003638962	-0.08004473246130338	1.1296156883852284	0.5146422451677638	signed_within_dataset_zscore_mean	ok
MSCCR_reGRID_697_Biopsy_1335	GSE193677	2.344834053237875	1.202255316084357	3.1869570679483923	2.6452897756808764	signed_within_dataset_zscore_mean	ok
MSCCR_reGRID_698_Biopsy_1336	GSE193677	0.4624608619308724	0.12234565492016772	0.95486140722145	0.3101755236509995	signed_within_dataset_zscore_mean	ok
MSCCR_reGRID_698_Biopsy_1337	GSE193677	0.6549658841871676	0.2451025192231234	0.5981923881910788	1.1216027451473005	signed_within_dataset_zscore_mean	ok
MSCCR_reGRID_69_Biopsy_134	GSE193677	0.036891960050398485	-0.20992900706894124	-0.42950230071194256	0.7501071879320792	signed_within_dataset_zscore_mean	ok
MSCCR_reGRID_69_Biopsy_135	GSE193677	-0.24381611812925388	-0.07674321876482812	-0.8243131984998886	0.1696080628769551	signed_within_dataset_zscore_mean	ok
MSCCR_reGRID_69_Biopsy_136	GSE193677	-0.31526885557174755	-0.18935031022354382	-0.702712551410374	-0.05374370508132479	signed_within_dataset_zscore_mean	ok
MSCCR_reGRID_6_Biopsy_13	GSE193677	-1.0058885411121925	-0.9548470153705688	-1.5755779707729223	-0.48724063719308625	signed_within_dataset_zscore_mean	ok
MSCCR_reGRID_6_Biopsy_14	GSE193677	-0.8874746901196814	-0.9981347811029332	-0.4556220084199304	-1.2086672808361805	signed_within_dataset_zscore_mean	ok
MSCCR_reGRID_700_Biopsy_1338	GSE193677	-0.1956723307929716	-0.33239525324511854	-0.12135075700288814	-0.13327098213090813	signed_within_dataset_zscore_mean	ok
MSCCR_reGRID_701_Biopsy_1339	GSE193677	-0.04069495614092653	-0.5019984324087535	0.36121119902269566	0.018702364963278276	signed_within_dataset_zscore_mean	ok
MSCCR_reGRID_701_Biopsy_1340	GSE193677	-0.48044288439393606	-1.1850236985733256	0.33679446324361295	-0.5930994178520955	signed_within_dataset_zscore_mean	ok
MSCCR_reGRID_702_Biopsy_1341	GSE193677	-0.11307745423629566	-0.13161761981950648	0.3178052781977378	-0.5254200210871183	signed_within_dataset_zscore_mean	ok
MSCCR_reGRID_702_Biopsy_1342	GSE193677	-0.15161598012291302	-1.2555851344786275	0.6566196170458375	0.1441175770640509	signed_within_dataset_zscore_mean	ok
MSCCR_reGRID_703_Biopsy_1343	GSE193677	-0.1552003046223181	0.37519160272391927	-0.5323434715354597	-0.3084490450554139	signed_within_dataset_zscore_mean	ok
MSCCR_reGRID_704_Biopsy_1344	GSE193677	-0.13159657953775106	-0.3850435749288542	0.18566842060132233	-0.1954145842857213	signed_within_dataset_zscore_mean	ok
MSCCR_reGRID_704_Biopsy_1345	GSE193677	-0.25401600170869704	-0.19206335207026665	0.3185186164133537	-0.8885032694691781	signed_within_dataset_zscore_mean	ok
MSCCR_reGRID_705_Biopsy_1346	GSE193677	-0.33021015679545623	-0.08332741169901595	-0.5918623382332495	-0.31544072045410326	signed_within_dataset_zscore_mean	ok
MSCCR_reGRID_705_Biopsy_1347	GSE193677	-1.2167700460389335	-0.49293590395893927	-1.1047953476758317	-2.0525788864820296	signed_within_dataset_zscore_mean	ok
MSCCR_reGRID_706_Biopsy_1348	GSE193677	0.44646266689204134	-0.047773894903495505	0.6591208045339375	0.7280410910456819	signed_within_dataset_zscore_mean	ok
MSCCR_reGRID_706_Biopsy_1349	GSE193677	0.6773201300866661	0.25224823054941303	1.2179027160452853	0.5618094436653	signed_within_dataset_zscore_mean	ok
MSCCR_reGRID_706_Biopsy_1350	GSE193677	-0.3547942140217785	-0.33911633154563414	-0.199309365621858	-0.5259569448978434	signed_within_dataset_zscore_mean	ok
MSCCR_reGRID_707_Biopsy_1351	GSE193677	-0.5632054757173184	-0.3848637702979009	-0.22671972284701916	-1.078032934007035	signed_within_dataset_zscore_mean	ok
MSCCR_reGRID_707_Biopsy_1352	GSE193677	-0.41037491098331663	0.05928761878229812	-0.3902429307078779	-0.90016942102437	signed_within_dataset_zscore_mean	ok
MSCCR_reGRID_708_Biopsy_1353	GSE193677	0.3331812219333942	0.09378246541444081	0.1452147369953536	0.7605464633903883	signed_within_dataset_zscore_mean	ok
MSCCR_reGRID_708_Biopsy_1354	GSE193677	-0.2267511785993226	-0.22152906087581128	-0.2520912948609003	-0.20663318006125617	signed_within_dataset_zscore_mean	ok
MSCCR_reGRID_709_Biopsy_1355	GSE193677	0.8738756320580349	0.745216934498132	1.2355401890038307	0.6408697726721424	signed_within_dataset_zscore_mean	ok
MSCCR_reGRID_709_Biopsy_1356	GSE193677	-0.2374703310676293	0.41928908624772393	-0.3946746203259477	-0.7370254591246642	signed_within_dataset_zscore_mean	ok
MSCCR_reGRID_70_Biopsy_137	GSE193677	-0.48509708055336653	-0.8885107692206298	-0.43882859232000626	-0.1279518801194637	signed_within_dataset_zscore_mean	ok
MSCCR_reGRID_710_Biopsy_1357	GSE193677	-0.2541300469927134	0.17961206089979892	-1.0098737903416917	0.0678715884637525	signed_within_dataset_zscore_mean	ok
MSCCR_reGRID_710_Biopsy_1358	GSE193677	-0.2274177580082066	0.48098766989062713	-0.8539190346392855	-0.30932190927596137	signed_within_dataset_zscore_mean	ok
MSCCR_reGRID_711_Biopsy_1359	GSE193677	0.8292570009920595	0.37804944557800885	1.9142697240917161	0.1954518333064533	signed_within_dataset_zscore_mean	ok
MSCCR_reGRID_711_Biopsy_1360	GSE193677	0.8356595072113423	0.690688235581346	0.9521654269152785	0.8641248591374024	signed_within_dataset_zscore_mean	ok
MSCCR_reGRID_711_Biopsy_1361	GSE193677	-0.048298386064170425	0.01687619907847983	0.02113954159484478	-0.1829108988658359	signed_within_dataset_zscore_mean	ok
MSCCR_reGRID_712_Biopsy_1362	GSE193677	-0.16152737154999083	-0.18300156334575282	-0.5821928715281404	0.28061232022392063	signed_within_dataset_zscore_mean	ok
MSCCR_reGRID_712_Biopsy_1363	GSE193677	-0.2707355467705806	0.3090763784174254	-0.5880482209402206	-0.5332347977889466	signed_within_dataset_zscore_mean	ok
MSCCR_reGRID_713_Biopsy_1364	GSE193677	-0.8387486216746364	-0.8448276167935861	-0.5854270356881657	-1.085991212542157	signed_within_dataset_zscore_mean	ok
MSCCR_reGRID_713_Biopsy_1365	GSE193677	-0.6901881549801314	-0.18535723165288345	-0.9439473137555987	-0.9412599195319119	signed_within_dataset_zscore_mean	ok
MSCCR_reGRID_714_Biopsy_1366	GSE193677	-0.21332069080525337	0.2623004495085214	-0.2076088307703455	-0.6946536911539359	signed_within_dataset_zscore_mean	ok
MSCCR_reGRID_715_Biopsy_1367	GSE193677	-0.1790547184080856	0.2477636127984586	-0.48078537029586565	-0.30414239772684976	signed_within_dataset_zscore_mean	ok
MSCCR_reGRID_715_Biopsy_1368	GSE193677	-0.18318149624126645	-0.07767841430439341	-0.3291060117305461	-0.14276006268885985	signed_within_dataset_zscore_mean	ok
MSCCR_reGRID_716_Biopsy_1369	GSE193677	0.0549886929273126	0.1805785972696613	-0.385576746502995	0.3699642280152715	signed_within_dataset_zscore_mean	ok
MSCCR_reGRID_716_Biopsy_1370	GSE193677	-0.3690544905942689	-1.0660096813124402	0.39051941892583075	-0.4316732093961973	signed_within_dataset_zscore_mean	ok
MSCCR_reGRID_718_Biopsy_1371	GSE193677	0.12687582108548634	0.37865783718721435	-0.6822838592438571	0.6842534853131018	signed_within_dataset_zscore_mean	ok
MSCCR_reGRID_718_Biopsy_1372	GSE193677	-0.08389140393500738	0.2355026629924371	-0.7165206216262925	0.2293437468288332	signed_within_dataset_zscore_mean	ok
MSCCR_reGRID_719_Biopsy_1373	GSE193677	-0.19475481322556254	-0.0840666569914342	-0.5710205024336129	0.07082271974835957	signed_within_dataset_zscore_mean	ok
MSCCR_reGRID_719_Biopsy_1374	GSE193677	-0.050233638672647796	0.3226512796892492	0.10081232893086382	-0.5741645246380565	signed_within_dataset_zscore_mean	ok
MSCCR_reGRID_71_Biopsy_138	GSE193677	-0.09593638851078862	-0.205119916225685	-0.5120851320579491	0.42939588275126833	signed_within_dataset_zscore_mean	ok
MSCCR_reGRID_71_Biopsy_139	GSE193677	0.2933710787973747	-0.38213854227476124	0.5746912813735015	0.6875604972933838	signed_within_dataset_zscore_mean	ok
MSCCR_reGRID_71_Biopsy_140	GSE193677	0.1678492575185352	-0.13035732278343728	0.06530242164007143	0.5686026736989714	signed_within_dataset_zscore_mean	ok
MSCCR_reGRID_720_Biopsy_1375	GSE193677	-0.05270254340712499	0.09604810504088307	-0.33194235458968635	0.0777866193274283	signed_within_dataset_zscore_mean	ok
MSCCR_reGRID_720_Biopsy_1376	GSE193677	-0.1594907190856184	-0.1837244237793115	-0.6456747027704788	0.3509269692929351	signed_within_dataset_zscore_mean	ok
MSCCR_reGRID_721_Biopsy_1377	GSE193677	-0.21470117964092886	0.05457456795916421	-0.8982473282544507	0.19956922137249988	signed_within_dataset_zscore_mean	ok
MSCCR_reGRID_721_Biopsy_1378	GSE193677	-0.6453080863559834	-0.28286782020743445	-0.7255986496021732	-0.9274577892583422	signed_within_dataset_zscore_mean	ok
MSCCR_reGRID_722_Biopsy_1379	GSE193677	-0.04073375847825148	0.1367484165023545	-0.25073828462618214	-0.008211407310926807	signed_within_dataset_zscore_mean	ok
MSCCR_reGRID_722_Biopsy_1380	GSE193677	-0.24808730323713024	0.6760242783872423	-1.030573208140598	-0.389712979958035	signed_within_dataset_zscore_mean	ok
MSCCR_reGRID_723_Biopsy_1381	GSE193677	-0.00013413962797922488	-0.24035349265875022	0.32749121552792637	-0.08754014175311382	signed_within_dataset_zscore_mean	ok
MSCCR_reGRID_723_Biopsy_1382	GSE193677	0.2447566656061625	0.2638119181435761	0.6905898267806787	-0.22013174810576727	signed_within_dataset_zscore_mean	ok
MSCCR_reGRID_724_Biopsy_1383	GSE193677	0.5325665380003031	0.19620550889766708	0.4202226887230771	0.981271416380165	signed_within_dataset_zscore_mean	ok
MSCCR_reGRID_724_Biopsy_1384	GSE193677	-0.0829396619571986	-0.02884595257858429	-0.23599433517682433	0.016021301883812854	signed_within_dataset_zscore_mean	ok
MSCCR_reGRID_725_Biopsy_1385	GSE193677	0.5698260303427097	0.39525118309620105	0.8478517955102254	0.46637511242170265	signed_within_dataset_zscore_mean	ok
MSCCR_reGRID_725_Biopsy_1386	GSE193677	0.0833459089229557	0.8481586452734902	-0.18331864942584816	-0.4148022690787749	signed_within_dataset_zscore_mean	ok
MSCCR_reGRID_726_Biopsy_1387	GSE193677	-0.1462531061792442	0.19881564904292387	-0.42485546251951767	-0.2127195050611388	signed_within_dataset_zscore_mean	ok
MSCCR_reGRID_726_Biopsy_1388	GSE193677	-0.09433444479299491	-0.23775099303040878	0.28301504398438365	-0.32826738533295957	signed_within_dataset_zscore_mean	ok
MSCCR_reGRID_727_Biopsy_1389	GSE193677	0.13732817758682295	-0.032582602157809726	0.023976595379728672	0.4205905395385499	signed_within_dataset_zscore_mean	ok
MSCCR_reGRID_727_Biopsy_1390	GSE193677	0.9443933523892815	0.11360472018302481	1.7098743956893383	1.0097009412954814	signed_within_dataset_zscore_mean	ok
MSCCR_reGRID_728_Biopsy_1391	GSE193677	0.7304635621614137	-0.16827822949971225	1.3752133297900164	0.9844555861939369	signed_within_dataset_zscore_mean	ok
MSCCR_reGRID_728_Biopsy_1392	GSE193677	-1.2052405652614662	-0.9485779196962969	-0.871235619718474	-1.7959081563696273	signed_within_dataset_zscore_mean	ok
MSCCR_reGRID_72_Biopsy_141	GSE193677	0.2451211062866406	0.02184308177476644	0.061024623838195825	0.6524956132469595	signed_within_dataset_zscore_mean	ok
MSCCR_reGRID_72_Biopsy_142	GSE193677	-0.3819113409170336	-0.43247860560136997	-0.3615501436636957	-0.35170527348603503	signed_within_dataset_zscore_mean	ok
MSCCR_reGRID_72_Biopsy_143	GSE193677	0.8883908284697913	0.7424762146800817	0.5350608497491895	1.387635420980103	signed_within_dataset_zscore_mean	ok
MSCCR_reGRID_730_Biopsy_1393	GSE193677	0.22643269572872546	0.10784390640577204	0.47040129797948255	0.10105288280092173	signed_within_dataset_zscore_mean	ok
MSCCR_reGRID_730_Biopsy_1394	GSE193677	0.4319402472494555	0.30457741971907243	0.6302770396686912	0.36096628236060274	signed_within_dataset_zscore_mean	ok
MSCCR_reGRID_731_Biopsy_1395	GSE193677	0.05365671956080668	-0.31252527715552875	-0.05590949430029095	0.5294049301382397	signed_within_dataset_zscore_mean	ok
MSCCR_reGRID_731_Biopsy_1396	GSE193677	-0.713595649724429	-0.6237097022444807	-0.8979474125443344	-0.619129834384472	signed_within_dataset_zscore_mean	ok
MSCCR_reGRID_732_Biopsy_1397	GSE193677	1.0064233525278308	0.6645496753723318	1.532132756687309	0.8225876255238513	signed_within_dataset_zscore_mean	ok
MSCCR_reGRID_732_Biopsy_1398	GSE193677	-0.7427932180767977	-0.9516970048514317	-0.6937141618403142	-0.5829684875386467	signed_within_dataset_zscore_mean	ok
MSCCR_reGRID_733_Biopsy_1399	GSE193677	0.1575181439315464	0.5147209103860908	-0.20979470366821196	0.16762822507676037	signed_within_dataset_zscore_mean	ok
MSCCR_reGRID_733_Biopsy_1400	GSE193677	-0.6031070981339012	0.03935613280625268	-1.0783099575951283	-0.7703674696128281	signed_within_dataset_zscore_mean	ok
MSCCR_reGRID_734_Biopsy_1401	GSE193677	-0.1440199402525071	-0.2867570539420437	-0.41510460442114044	0.26980183760566284	signed_within_dataset_zscore_mean	ok
MSCCR_reGRID_734_Biopsy_1402	GSE193677	-0.3339404561605619	-0.085603836752368	-0.23747773434427422	-0.6787397973850435	signed_within_dataset_zscore_mean	ok
MSCCR_reGRID_735_Biopsy_1403	GSE193677	-0.47804702943384153	-0.7919395529361962	-0.010138319037932341	-0.6320632163273959	signed_within_dataset_zscore_mean	ok
MSCCR_reGRID_735_Biopsy_1404	GSE193677	-0.38505835754364615	-0.4699145758212172	-0.817920837456237	0.13266034064651588	signed_within_dataset_zscore_mean	ok
MSCCR_reGRID_736_Biopsy_1405	GSE193677	-0.6078385012931354	-0.04159480596231748	-1.0455348442036754	-0.7363858537134136	signed_within_dataset_zscore_mean	ok
MSCCR_reGRID_736_Biopsy_1406	GSE193677	-0.13798686536742713	-0.1173493759544529	-0.19279370006575386	-0.10381752008207466	signed_within_dataset_zscore_mean	ok
MSCCR_reGRID_738_Biopsy_1407	GSE193677	-0.42966273475001926	-0.5355713836386758	-1.1168543672919968	0.36343754668061506	signed_within_dataset_zscore_mean	ok
MSCCR_reGRID_738_Biopsy_1408	GSE193677	0.45904767646132544	0.9083038638071118	0.04198519850143249	0.4268539670754321	signed_within_dataset_zscore_mean	ok
MSCCR_reGRID_739_Biopsy_1409	GSE193677	0.600454196524185	0.13913023852491896	1.356320237928762	0.30591211311887395	signed_within_dataset_zscore_mean	ok
MSCCR_reGRID_739_Biopsy_1410	GSE193677	0.7447112115854994	0.7570276134849941	1.9267365335348425	-0.44963051226333883	signed_within_dataset_zscore_mean	ok
MSCCR_reGRID_73_Biopsy_144	GSE193677	-0.3541525709620499	-0.4231692800603108	-0.23711158030673327	-0.4021768525191057	signed_within_dataset_zscore_mean	ok
MSCCR_reGRID_73_Biopsy_145	GSE193677	-0.02722122088669519	0.11166385095248446	-0.20848616484187285	0.015158651229302822	signed_within_dataset_zscore_mean	ok
MSCCR_reGRID_741_Biopsy_1411	GSE193677	-0.17860313149933427	-0.05234406270634771	-0.5652231491398743	0.08175781734821923	signed_within_dataset_zscore_mean	ok
MSCCR_reGRID_741_Biopsy_1412	GSE193677	-0.38753592749125043	0.04660592087076325	-1.1054415618334867	-0.10377214151102783	signed_within_dataset_zscore_mean	ok
MSCCR_reGRID_742_Biopsy_1413	GSE193677	0.5393152320314746	-0.3400380708622068	1.346257201968657	0.6117265649879735	signed_within_dataset_zscore_mean	ok
MSCCR_reGRID_742_Biopsy_1414	GSE193677	-0.002394811591424804	0.026685747466318983	0.1951972376564593	-0.2290674198970527	signed_within_dataset_zscore_mean	ok
MSCCR_reGRID_745_Biopsy_1415	GSE193677	0.26837727918067017	0.08526547219410227	0.6154818765778434	0.10438448877006494	signed_within_dataset_zscore_mean	ok
MSCCR_reGRID_745_Biopsy_1416	GSE193677	-0.6456194714902698	-0.02774797083733387	-0.6542362278370936	-1.2548742157963817	signed_within_dataset_zscore_mean	ok
MSCCR_reGRID_748_Biopsy_1417	GSE193677	0.29882535629447227	0.510344004762413	0.03505635448040193	0.35107570964060186	signed_within_dataset_zscore_mean	ok
MSCCR_reGRID_748_Biopsy_1418	GSE193677	-0.052399165738684174	-0.2089033514730086	0.4595162540492298	-0.40781039979227374	signed_within_dataset_zscore_mean	ok
MSCCR_reGRID_750_Biopsy_1419	GSE193677	-0.1634495928533536	-0.17270579372211536	-0.14911608986785985	-0.16852689497008555	signed_within_dataset_zscore_mean	ok
MSCCR_reGRID_750_Biopsy_1420	GSE193677	0.5431078007737248	0.3881049475479065	0.28368168181813536	0.9575367729551325	signed_within_dataset_zscore_mean	ok
MSCCR_reGRID_750_Biopsy_1421	GSE193677	0.003982727733970293	0.04091052325856771	-0.4873238792120847	0.4583615391554279	signed_within_dataset_zscore_mean	ok
MSCCR_reGRID_751_Biopsy_1422	GSE193677	0.5975201919704917	0.06176196673547476	1.1664836787234005	0.5643149304525995	signed_within_dataset_zscore_mean	ok
MSCCR_reGRID_751_Biopsy_1423	GSE193677	0.2355004902267476	0.7671082486690095	-0.050227877488068715	-0.01037890050069797	signed_within_dataset_zscore_mean	ok
MSCCR_reGRID_754_Biopsy_1424	GSE193677	0.0008452107834534169	-0.1014127798884065	0.6182421323350484	-0.5142937200962817	signed_within_dataset_zscore_mean	ok
MSCCR_reGRID_755_Biopsy_1425	GSE193677	-0.5461717917578931	-0.1639269698709842	-0.9523897128210367	-0.5221986925816583	signed_within_dataset_zscore_mean	ok
MSCCR_reGRID_755_Biopsy_1426	GSE193677	-0.23127296805490274	0.18867717582488006	-0.6235653213309713	-0.2589307586586171	signed_within_dataset_zscore_mean	ok
MSCCR_reGRID_758_Biopsy_1427	GSE193677	0.21003954730799848	0.6158120387069255	0.2970859942217504	-0.28277939100468036	signed_within_dataset_zscore_mean	ok
MSCCR_reGRID_758_Biopsy_1428	GSE193677	-0.2539941280427595	0.17437454884891482	-0.38400255461107535	-0.552354378366118	signed_within_dataset_zscore_mean	ok
MSCCR_reGRID_75_Biopsy_146	GSE193677	-0.041374525194145875	0.11043000473758424	-0.2999741369132487	0.06542055659322683	signed_within_dataset_zscore_mean	ok
MSCCR_reGRID_75_Biopsy_147	GSE193677	1.6311057614941127	0.9822637977415256	2.6133851236759873	1.2976683630648254	signed_within_dataset_zscore_mean	ok
MSCCR_reGRID_760_Biopsy_1429	GSE193677	-0.12590463044323788	-0.43071210622383826	-0.13690168316316506	0.18989989805728966	signed_within_dataset_zscore_mean	ok
MSCCR_reGRID_760_Biopsy_1430	GSE193677	-0.2006450011792528	0.03339208971807874	-0.3000394386838354	-0.33528765457200177	signed_within_dataset_zscore_mean	ok
MSCCR_reGRID_761_Biopsy_1431	GSE193677	0.3225348536248071	0.34049055401469136	0.44703868236696265	0.1800753244927673	signed_within_dataset_zscore_mean	ok
MSCCR_reGRID_761_Biopsy_1432	GSE193677	1.385966229653582	0.09524848346061629	2.8426131829685404	1.2200370225315893	signed_within_dataset_zscore_mean	ok
MSCCR_reGRID_762_Biopsy_1433	GSE193677	0.5752610531318051	0.5163728964713858	0.2788257598051133	0.9305845031189159	signed_within_dataset_zscore_mean	ok
MSCCR_reGRID_762_Biopsy_1434	GSE193677	0.21350323613118485	0.2703283476786799	1.185456576004415	-0.8152752152895403	signed_within_dataset_zscore_mean	ok
MSCCR_reGRID_763_Biopsy_1435	GSE193677	-0.4284211887665459	-0.4861904601586734	-0.7004652502538382	-0.09860785588712613	signed_within_dataset_zscore_mean	ok
MSCCR_reGRID_763_Biopsy_1436	GSE193677	-0.04342973185635971	0.3896170135704999	-0.5846075637149252	0.06470135457534616	signed_within_dataset_zscore_mean	ok
MSCCR_reGRID_764_Biopsy_1437	GSE193677	0.38954638541047143	-0.4416978190303569	0.8097482805330387	0.8005886947287323	signed_within_dataset_zscore_mean	ok
MSCCR_reGRID_764_Biopsy_1438	GSE193677	-0.19410079487901374	0.29442282957859506	-0.31236399561179706	-0.5643612186038393	signed_within_dataset_zscore_mean	ok
MSCCR_reGRID_764_Biopsy_1439	GSE193677	1.0931555615350161	1.0453955582944832	1.3176876312562882	0.9163834950542774	signed_within_dataset_zscore_mean	ok
MSCCR_reGRID_765_Biopsy_1440	GSE193677	0.916999512319092	0.5242331896065912	0.4697493016268387	1.757016045723846	signed_within_dataset_zscore_mean	ok
MSCCR_reGRID_765_Biopsy_1441	GSE193677	-0.8296901047579296	0.43406235337291077	-1.211457206744901	-1.7116754609017983	signed_within_dataset_zscore_mean	ok
MSCCR_reGRID_766_Biopsy_1442	GSE193677	0.488225991618704	0.8492055778566104	-0.03510141822691574	0.6505738152264173	signed_within_dataset_zscore_mean	ok
MSCCR_reGRID_766_Biopsy_1443	GSE193677	-0.35444200301428624	0.039658465083936334	-0.6644019066261949	-0.4385825675006001	signed_within_dataset_zscore_mean	ok
MSCCR_reGRID_767_Biopsy_1444	GSE193677	-0.17318133363960575	-0.12105346700123976	-0.47923591977276664	0.0807453858551892	signed_within_dataset_zscore_mean	ok
MSCCR_reGRID_767_Biopsy_1445	GSE193677	2.39876374709942	1.3350326907801624	3.104116127635686	2.7571424228824113	signed_within_dataset_zscore_mean	ok
MSCCR_reGRID_769_Biopsy_1446	GSE193677	-0.25516222163012053	0.20962739375377107	-0.1866966912274648	-0.7884173674166678	signed_within_dataset_zscore_mean	ok
MSCCR_reGRID_770_Biopsy_1447	GSE193677	-0.33204946231791044	-0.32143396236180805	-0.7908378230602446	0.11612339846832138	signed_within_dataset_zscore_mean	ok
MSCCR_reGRID_770_Biopsy_1448	GSE193677	-0.14562327698160418	-0.6190203892726467	0.33287712309343487	-0.15072656476560078	signed_within_dataset_zscore_mean	ok
MSCCR_reGRID_771_Biopsy_1449	GSE193677	0.4286953656693407	0.28682431130245817	0.27679973372687894	0.722462051978685	signed_within_dataset_zscore_mean	ok
MSCCR_reGRID_771_Biopsy_1450	GSE193677	0.018271467942809722	-0.4444947743538748	0.05390276262511495	0.445406415557189	signed_within_dataset_zscore_mean	ok
MSCCR_reGRID_773_Biopsy_1451	GSE193677	-0.8382640232408799	-0.6620124561883397	-1.1597003893855495	-0.6930792241487502	signed_within_dataset_zscore_mean	ok
MSCCR_reGRID_773_Biopsy_1452	GSE193677	-0.12997942781075825	0.35933098092496696	-0.32585474509997575	-0.423414519257266	signed_within_dataset_zscore_mean	ok
MSCCR_reGRID_775_Biopsy_1453	GSE193677	0.6170064633601402	-0.5153998000815962	1.1422176857683635	1.2242015043936534	signed_within_dataset_zscore_mean	ok
MSCCR_reGRID_775_Biopsy_1454	GSE193677	-0.10099829506252407	0.0219741482909196	0.4262843507412696	-0.7512533842197614	signed_within_dataset_zscore_mean	ok
MSCCR_reGRID_776_Biopsy_1455	GSE193677	0.006866149141061484	-0.1871722157194107	0.10543289706914769	0.10233776607344747	signed_within_dataset_zscore_mean	ok
MSCCR_reGRID_779_Biopsy_1456	GSE193677	-0.5157715797012953	-0.12824157306092746	-0.6988052065024078	-0.7202679595405503	signed_within_dataset_zscore_mean	ok
MSCCR_reGRID_779_Biopsy_1457	GSE193677	-0.7459748120071036	-0.5092189127109474	-1.2736716586338934	-0.4550338646764698	signed_within_dataset_zscore_mean	ok
MSCCR_reGRID_77_Biopsy_148	GSE193677	-0.5151689365780255	-0.5086484015160654	-1.1833819290580851	0.14652352084007392	signed_within_dataset_zscore_mean	ok
MSCCR_reGRID_77_Biopsy_149	GSE193677	-0.36993940066405345	-0.058032993318082496	-0.7394500227236818	-0.312335185950396	signed_within_dataset_zscore_mean	ok
MSCCR_reGRID_780_Biopsy_1458	GSE193677	0.011299006250605684	-0.3960460183050528	-0.1568732021497609	0.5868162392066307	signed_within_dataset_zscore_mean	ok
MSCCR_reGRID_780_Biopsy_1459	GSE193677	-0.12499792927611185	0.007047089907775939	0.08149897354261447	-0.46353985127872593	signed_within_dataset_zscore_mean	ok
MSCCR_reGRID_781_Biopsy_1460	GSE193677	-0.0680031623517255	-0.19557481911650712	-0.4274601226551876	0.4190254547165182	signed_within_dataset_zscore_mean	ok
MSCCR_reGRID_781_Biopsy_1461	GSE193677	-0.5475878589307576	-0.1702123301965603	-0.7694457941144706	-0.7031054524812418	signed_within_dataset_zscore_mean	ok
MSCCR_reGRID_782_Biopsy_1462	GSE193677	-0.3635319063720033	-0.6377133101312744	0.37453091281397033	-0.8274133217987059	signed_within_dataset_zscore_mean	ok
MSCCR_reGRID_782_Biopsy_1463	GSE193677	0.44681792582427243	0.13196209476125	0.672581282359727	0.5359104003518405	signed_within_dataset_zscore_mean	ok
MSCCR_reGRID_783_Biopsy_1464	GSE193677	0.24816883877033158	0.3024811861224236	-0.25916577019374876	0.7011911003823199	signed_within_dataset_zscore_mean	ok
MSCCR_reGRID_783_Biopsy_1465	GSE193677	-0.3613477223474724	0.3987076173412922	-0.8063885818736978	-0.6763622025100117	signed_within_dataset_zscore_mean	ok
MSCCR_reGRID_784_Biopsy_1466	GSE193677	0.12447867649514048	-0.31234369739548057	0.11229996330960838	0.5734797635712936	signed_within_dataset_zscore_mean	ok
MSCCR_reGRID_784_Biopsy_1467	GSE193677	0.951454581943269	0.4869282614526574	0.15429273034548308	2.2131427540316664	signed_within_dataset_zscore_mean	ok
MSCCR_reGRID_785_Biopsy_1468	GSE193677	0.27362861934107013	0.1028691010256981	0.052841102588190705	0.6651756544093215	signed_within_dataset_zscore_mean	ok
MSCCR_reGRID_785_Biopsy_1469	GSE193677	-0.04549080514584331	-0.1736743586282258	0.42159529064096646	-0.3843933474502706	signed_within_dataset_zscore_mean	ok
MSCCR_reGRID_787_Biopsy_1470	GSE193677	0.38394079536137543	0.18851624437658593	0.7589683881744322	0.2043377535331081	signed_within_dataset_zscore_mean	ok
MSCCR_reGRID_788_Biopsy_1471	GSE193677	-0.14674787353063298	-0.029721038391623145	-0.003585866965752649	-0.4069367152345232	signed_within_dataset_zscore_mean	ok
MSCCR_reGRID_788_Biopsy_1472	GSE193677	-0.3037282961102798	-0.17629780104414267	-0.7876247606092404	0.05273767332254364	signed_within_dataset_zscore_mean	ok
MSCCR_reGRID_789_Biopsy_1473	GSE193677	0.1934847497996501	-0.09328771430330259	0.15550316653283103	0.5182387971694219	signed_within_dataset_zscore_mean	ok
MSCCR_reGRID_78_Biopsy_150	GSE193677	0.12104599578175264	0.4620382085383653	-0.24740515826650739	0.14850493707340004	signed_within_dataset_zscore_mean	ok
MSCCR_reGRID_78_Biopsy_151	GSE193677	-0.4246788688654323	-0.755813944302941	-0.3980778707521998	-0.12014479154115605	signed_within_dataset_zscore_mean	ok
MSCCR_reGRID_790_Biopsy_1474	GSE193677	0.19948776962565265	-0.23435432840931592	0.21792144048068335	0.6148961968055905	signed_within_dataset_zscore_mean	ok
MSCCR_reGRID_791_Biopsy_1475	GSE193677	-0.052511631588241146	0.32587926547280377	-0.14442230461128885	-0.33899185562623835	signed_within_dataset_zscore_mean	ok
MSCCR_reGRID_791_Biopsy_1476	GSE193677	0.36560059166267295	0.19822692656117852	0.734020449785748	0.1645543986410922	signed_within_dataset_zscore_mean	ok
MSCCR_reGRID_793_Biopsy_1477	GSE193677	-0.11952987226072143	-0.5136874468906155	0.047761691798881165	0.10733613830957006	signed_within_dataset_zscore_mean	ok
MSCCR_reGRID_793_Biopsy_1478	GSE193677	-1.1734392433735488	-0.8834923419961827	-0.3167511490509085	-2.3200742390735547	signed_within_dataset_zscore_mean	ok
MSCCR_reGRID_795_Biopsy_1479	GSE193677	-0.6069202621249136	-0.3940732623519656	-0.7830778488477993	-0.643609675174976	signed_within_dataset_zscore_mean	ok
MSCCR_reGRID_795_Biopsy_1480	GSE193677	-0.22563936960230846	-0.49036287023212954	0.5370589215659376	-0.7236141601407334	signed_within_dataset_zscore_mean	ok
MSCCR_reGRID_796_Biopsy_1481	GSE193677	0.7172549881580653	0.465875281976648	0.3906089125505835	1.2952807699469646	signed_within_dataset_zscore_mean	ok
MSCCR_reGRID_796_Biopsy_1482	GSE193677	-0.05883317641629626	0.13626712348701306	0.2826835746749857	-0.5954502274108876	signed_within_dataset_zscore_mean	ok
MSCCR_reGRID_797_Biopsy_1483	GSE193677	-0.343795933203195	0.15314379916403548	-0.7262980642083804	-0.45823353456524013	signed_within_dataset_zscore_mean	ok
MSCCR_reGRID_797_Biopsy_1484	GSE193677	0.1638890393538945	0.004310221058178051	-0.5499258639792753	1.0372827609827808	signed_within_dataset_zscore_mean	ok
MSCCR_reGRID_798_Biopsy_1485	GSE193677	0.3948620580274706	-0.30606138255373133	0.2545795678976435	1.2360679887384995	signed_within_dataset_zscore_mean	ok
MSCCR_reGRID_798_Biopsy_1486	GSE193677	-0.4446270781507327	-0.3113059938113244	-1.153599368025248	0.1310241273843745	signed_within_dataset_zscore_mean	ok
MSCCR_reGRID_79_Biopsy_152	GSE193677	0.6852198719521992	0.7053720169667667	0.7498408833895569	0.600446715500274	signed_within_dataset_zscore_mean	ok
MSCCR_reGRID_79_Biopsy_153	GSE193677	0.14788453737515264	0.44929990713081425	0.4261753988405118	-0.4318216938458681	signed_within_dataset_zscore_mean	ok
MSCCR_reGRID_7_Biopsy_15	GSE193677	0.6058489472292782	0.6575343930625446	0.9779775836906666	0.1820348649346233	signed_within_dataset_zscore_mean	ok
MSCCR_reGRID_7_Biopsy_16	GSE193677	0.6107363993994307	0.5800205599156076	0.6579958415417517	0.5941927967409328	signed_within_dataset_zscore_mean	ok
MSCCR_reGRID_800_Biopsy_1487	GSE193677	0.2500626408837084	0.44006094815077984	-0.8114324452123922	1.1215594197127376	signed_within_dataset_zscore_mean	ok
MSCCR_reGRID_800_Biopsy_1488	GSE193677	-0.5981486212595954	-0.024823770779837218	-1.195831881507036	-0.573790211491913	signed_within_dataset_zscore_mean	ok
MSCCR_reGRID_801_Biopsy_1489	GSE193677	0.13910471315915096	0.341144465887258	-0.13386230054279724	0.21003197413299213	signed_within_dataset_zscore_mean	ok
MSCCR_reGRID_801_Biopsy_1490	GSE193677	0.2089827099187758	0.19330677683707254	0.39411561659504785	0.03952573632420712	signed_within_dataset_zscore_mean	ok
MSCCR_reGRID_803_Biopsy_1491	GSE193677	-0.14729669393771197	-0.15587254052737276	-0.25742420197425264	-0.028593339311510535	signed_within_dataset_zscore_mean	ok
MSCCR_reGRID_803_Biopsy_1492	GSE193677	-0.5606281708644313	-0.23641229537991276	-0.5343652137891894	-0.9111070034241916	signed_within_dataset_zscore_mean	ok
MSCCR_reGRID_804_Biopsy_1493	GSE193677	0.9073852210999155	0.5058066621622908	1.511683166659337	0.704665834478119	signed_within_dataset_zscore_mean	ok
MSCCR_reGRID_804_Biopsy_1494	GSE193677	0.5353532103446325	-0.41301470010303765	1.2014136874268462	0.8176606437100887	signed_within_dataset_zscore_mean	ok
MSCCR_reGRID_805_Biopsy_1495	GSE193677	-0.2348776532179445	-0.24276682400817143	-0.291539394770331	-0.17032674087533103	signed_within_dataset_zscore_mean	ok
MSCCR_reGRID_805_Biopsy_1496	GSE193677	-0.07131479048933038	0.32393308643204716	-0.4201961093537828	-0.11768134854625552	signed_within_dataset_zscore_mean	ok
MSCCR_reGRID_806_Biopsy_1497	GSE193677	-0.23479111304988884	-0.3467968699391145	0.16243939925992623	-0.5200158684704782	signed_within_dataset_zscore_mean	ok
MSCCR_reGRID_806_Biopsy_1498	GSE193677	-0.3054579751257027	0.1639128886479208	-0.16617146305164995	-0.914115350973379	signed_within_dataset_zscore_mean	ok
MSCCR_reGRID_807_Biopsy_1499	GSE193677	-0.3057114833877221	-0.6015905356796634	-0.30526395146842034	-0.010279963015082568	signed_within_dataset_zscore_mean	ok
MSCCR_reGRID_807_Biopsy_1500	GSE193677	0.2413841210569129	0.2546244778708604	0.5240607293376791	-0.05453284403780074	signed_within_dataset_zscore_mean	ok
MSCCR_reGRID_809_Biopsy_1501	GSE193677	-0.22595145488482093	-0.35463471083232173	-0.5985083154323655	0.27528866161022436	signed_within_dataset_zscore_mean	ok
MSCCR_reGRID_809_Biopsy_1502	GSE193677	0.1371501544236499	0.6902108112160956	-0.04265051474934537	-0.23610983319580056	signed_within_dataset_zscore_mean	ok
MSCCR_reGRID_80_Biopsy_154	GSE193677	2.17165260160821	1.314491455657441	3.5968081661314444	1.603658183035744	signed_within_dataset_zscore_mean	ok
MSCCR_reGRID_80_Biopsy_155	GSE193677	-0.4743428780646514	-0.12782202449196217	-0.050719064233712904	-1.244487545468279	signed_within_dataset_zscore_mean	ok
MSCCR_reGRID_80_Biopsy_156	GSE193677	0.2818370159591229	0.9922932491528892	-0.3041165693954381	0.1573343681199176	signed_within_dataset_zscore_mean	ok
MSCCR_reGRID_810_Biopsy_1503	GSE193677	-0.4065519800858343	-0.2776543107184106	-0.5592858574173627	-0.3827157721217295	signed_within_dataset_zscore_mean	ok
MSCCR_reGRID_810_Biopsy_1504	GSE193677	-0.01568695785120987	-0.04033373885895612	0.2163248589664076	-0.2230519936610811	signed_within_dataset_zscore_mean	ok
MSCCR_reGRID_811_Biopsy_1505	GSE193677	0.19752267811021332	0.37812643255281897	-0.006955127937392081	0.2213967297152131	signed_within_dataset_zscore_mean	ok
MSCCR_reGRID_811_Biopsy_1506	GSE193677	-0.36677649354375746	0.23569851782057497	-0.7874048019598039	-0.5486231964920436	signed_within_dataset_zscore_mean	ok
MSCCR_reGRID_812_Biopsy_1507	GSE193677	-0.26933172107831244	0.3743001024901026	-0.2949820320004023	-0.8873132337246377	signed_within_dataset_zscore_mean	ok
MSCCR_reGRID_812_Biopsy_1508	GSE193677	-0.5873976465936765	-0.19432751617954885	-0.9715597911000202	-0.5963056325014607	signed_within_dataset_zscore_mean	ok
MSCCR_reGRID_813_Biopsy_1509	GSE193677	0.07366801508080568	-0.5689641757242995	0.3625872870766681	0.42738093389004844	signed_within_dataset_zscore_mean	ok
MSCCR_reGRID_813_Biopsy_1510	GSE193677	-0.9320339540011929	-0.44320357963505624	-1.0314520560038776	-1.3214462263646454	signed_within_dataset_zscore_mean	ok
MSCCR_reGRID_815_Biopsy_1511	GSE193677	0.16489297478066248	0.5377362788459996	0.1583177910496238	-0.20137514555363598	signed_within_dataset_zscore_mean	ok
MSCCR_reGRID_816_Biopsy_1512	GSE193677	-0.27747573044756035	0.04587290947844295	-0.248583708603847	-0.629716392217277	signed_within_dataset_zscore_mean	ok
MSCCR_reGRID_817_Biopsy_1513	GSE193677	0.07173706335622809	-0.24222552716846035	-0.6412863910598471	1.0987231082969917	signed_within_dataset_zscore_mean	ok
MSCCR_reGRID_817_Biopsy_1514	GSE193677	-0.14921345459368657	0.10783636335805932	-0.5228028320142426	-0.03267389512487647	signed_within_dataset_zscore_mean	ok
MSCCR_reGRID_818_Biopsy_1515	GSE193677	1.020719655473599	0.4086827323377806	2.0208108443239228	0.6326653897590943	signed_within_dataset_zscore_mean	ok
MSCCR_reGRID_819_Biopsy_1516	GSE193677	-0.41982912589859495	0.29774160280580436	-0.9974953684077222	-0.5597336120938669	signed_within_dataset_zscore_mean	ok
MSCCR_reGRID_819_Biopsy_1517	GSE193677	0.29782853391202174	0.36116267993062506	0.26947656715926377	0.2628463546461764	signed_within_dataset_zscore_mean	ok
MSCCR_reGRID_81_Biopsy_157	GSE193677	-0.4714588280132444	-0.34113557333029443	-0.9343578343874508	-0.13888307632198785	signed_within_dataset_zscore_mean	ok
MSCCR_reGRID_81_Biopsy_158	GSE193677	-0.4893982176542968	0.09028898301883734	-0.6928134566568425	-0.8656701793248854	signed_within_dataset_zscore_mean	ok
MSCCR_reGRID_81_Biopsy_159	GSE193677	-0.6157646031024412	-0.04970875506220074	-0.7264201627822644	-1.0711648914628582	signed_within_dataset_zscore_mean	ok
MSCCR_reGRID_820_Biopsy_1518	GSE193677	0.13479975202668926	0.34883630686248557	-0.36754380229657113	0.42310675151415333	signed_within_dataset_zscore_mean	ok
MSCCR_reGRID_820_Biopsy_1519	GSE193677	-0.4447766240571182	0.39848228205160635	-1.0353075674315817	-0.697504586791379	signed_within_dataset_zscore_mean	ok
MSCCR_reGRID_821_Biopsy_1520	GSE193677	-0.9649675239258837	-0.7025294579216392	-1.2416011142903711	-0.9507719995656408	signed_within_dataset_zscore_mean	ok
MSCCR_reGRID_821_Biopsy_1521	GSE193677	-0.48377138919604046	0.15033917505406993	-0.6460622093912401	-0.9555911332509511	signed_within_dataset_zscore_mean	ok
MSCCR_reGRID_822_Biopsy_1522	GSE193677	-0.23509565209065478	-0.42110911489344716	-0.00993068998044786	-0.27424715139806927	signed_within_dataset_zscore_mean	ok
MSCCR_reGRID_822_Biopsy_1523	GSE193677	0.0950841805903041	0.0037221519569376	0.5045597818662118	-0.22302939205223707	signed_within_dataset_zscore_mean	ok
MSCCR_reGRID_823_Biopsy_1524	GSE193677	0.5455480544061758	0.25114293196551324	0.35467303248033666	1.0308281987726777	signed_within_dataset_zscore_mean	ok
MSCCR_reGRID_823_Biopsy_1525	GSE193677	0.04899311013161637	0.17652837787605102	0.26553013265773173	-0.29507918013893364	signed_within_dataset_zscore_mean	ok
MSCCR_reGRID_824_Biopsy_1526	GSE193677	-0.22057501503442237	-0.09895906625154191	-0.20415435355606978	-0.35861162529565543	signed_within_dataset_zscore_mean	ok
MSCCR_reGRID_824_Biopsy_1527	GSE193677	0.809261925313507	0.4245373649499471	0.7790686931185657	1.2241797178720084	signed_within_dataset_zscore_mean	ok
MSCCR_reGRID_825_Biopsy_1528	GSE193677	-0.0067162373880474595	0.3124796041144037	-1.0222326786389442	0.6896043623603981	signed_within_dataset_zscore_mean	ok
MSCCR_reGRID_825_Biopsy_1529	GSE193677	0.029144748074977817	0.4727695937279056	-0.2310303360758655	-0.15430501342710665	signed_within_dataset_zscore_mean	ok
MSCCR_reGRID_826_Biopsy_1530	GSE193677	-0.5561838721531022	-0.32525509502518823	-0.8186264120011035	-0.5246701094330147	signed_within_dataset_zscore_mean	ok
MSCCR_reGRID_826_Biopsy_1531	GSE193677	-0.4671618859143953	-0.03530072842228893	-0.510130810425928	-0.8560541188949689	signed_within_dataset_zscore_mean	ok
MSCCR_reGRID_827_Biopsy_1532	GSE193677	0.5859840150218533	0.1392691442436879	0.17084852876760617	1.4478343720542657	signed_within_dataset_zscore_mean	ok
MSCCR_reGRID_827_Biopsy_1533	GSE193677	0.4785149108776725	-0.30581345937299176	1.0275685830039563	0.713789609002053	signed_within_dataset_zscore_mean	ok
MSCCR_reGRID_828_Biopsy_1534	GSE193677	0.6771735992255737	0.23930734918536856	1.7627357602854548	0.02947768820589791	signed_within_dataset_zscore_mean	ok
MSCCR_reGRID_828_Biopsy_1535	GSE193677	0.5641602405835207	-0.17287713396499477	1.9047374103572168	-0.03937955464165995	signed_within_dataset_zscore_mean	ok
MSCCR_reGRID_829_Biopsy_1536	GSE193677	1.1734992594754872	0.635254084753027	1.7174259103798994	1.167817783293535	signed_within_dataset_zscore_mean	ok
MSCCR_reGRID_82_Biopsy_160	GSE193677	0.6881218406300622	0.5442928774380236	0.9808976484467111	0.539174996005452	signed_within_dataset_zscore_mean	ok
MSCCR_reGRID_82_Biopsy_161	GSE193677	0.5733751900282544	0.34216970454103335	0.9763589551437869	0.4015969103999431	signed_within_dataset_zscore_mean	ok
MSCCR_reGRID_831_Biopsy_1537	GSE193677	-0.45731059998264767	0.004682662698376444	-0.8692505124792259	-0.5073639501670937	signed_within_dataset_zscore_mean	ok
MSCCR_reGRID_832_Biopsy_1538	GSE193677	0.14375392176764695	-0.025843426577890228	0.5497689015879411	-0.09266370970711006	signed_within_dataset_zscore_mean	ok
MSCCR_reGRID_832_Biopsy_1539	GSE193677	0.4894481646393753	0.44820654208118427	0.2501178951757688	0.7700200566611728	signed_within_dataset_zscore_mean	ok
MSCCR_reGRID_832_Biopsy_1540	GSE193677	0.7307837679459194	0.0026136171408954745	1.7024065797495993	0.48733110694726317	signed_within_dataset_zscore_mean	ok
MSCCR_reGRID_834_Biopsy_1541	GSE193677	-0.16914274859153133	0.23448633284018677	-0.8390888953848347	0.09717431677005388	signed_within_dataset_zscore_mean	ok
MSCCR_reGRID_834_Biopsy_1542	GSE193677	-0.35341658440474943	0.1715813559024564	-0.6025615854600849	-0.6292695236566198	signed_within_dataset_zscore_mean	ok
MSCCR_reGRID_836_Biopsy_1543	GSE193677	-0.28028997696036634	-0.054009388936604716	0.19641376929276944	-0.9832743112372637	signed_within_dataset_zscore_mean	ok
MSCCR_reGRID_836_Biopsy_1544	GSE193677	-0.3421973037306835	-0.16348513887994404	-0.5108532475948897	-0.35225352471721666	signed_within_dataset_zscore_mean	ok
MSCCR_reGRID_841_Biopsy_1545	GSE193677	1.0116954543383252	0.25428910105864083	1.3328221863266934	1.4479750756296415	signed_within_dataset_zscore_mean	ok
MSCCR_reGRID_841_Biopsy_1546	GSE193677	-0.4440545116231241	-0.46800301743727585	-0.11978153929171236	-0.744378978140384	signed_within_dataset_zscore_mean	ok
MSCCR_reGRID_844_Biopsy_1547	GSE193677	-0.14892857994191236	0.01447590981342386	0.0077351020576889125	-0.4689967516968499	signed_within_dataset_zscore_mean	ok
MSCCR_reGRID_845_Biopsy_1548	GSE193677	-0.21348307332220737	-0.520863998491216	0.23587397069849456	-0.3554591921739007	signed_within_dataset_zscore_mean	ok
MSCCR_reGRID_845_Biopsy_1549	GSE193677	0.03528317121735149	0.13922464907995727	0.0032496663849315155	-0.036624801812834305	signed_within_dataset_zscore_mean	ok
MSCCR_reGRID_846_Biopsy_1550	GSE193677	-0.253687585142749	-0.10483025291131964	-0.012574453661697604	-0.6436580488552296	signed_within_dataset_zscore_mean	ok
MSCCR_reGRID_846_Biopsy_1551	GSE193677	-0.14348054927653933	0.11100912188785332	0.10053450438076716	-0.6419852740982385	signed_within_dataset_zscore_mean	ok
MSCCR_reGRID_847_Biopsy_1552	GSE193677	1.0466882455212756	-0.028177916953020122	2.140759658967102	1.0274829945497448	signed_within_dataset_zscore_mean	ok
MSCCR_reGRID_848_Biopsy_1553	GSE193677	-0.22783236100683202	-0.19270099042834557	-0.35384804843596457	-0.1369480441561859	signed_within_dataset_zscore_mean	ok
MSCCR_reGRID_848_Biopsy_1554	GSE193677	-0.5177372733762597	0.1041787023965571	-0.3768764084734945	-1.2805141140518417	signed_within_dataset_zscore_mean	ok
MSCCR_reGRID_849_Biopsy_1555	GSE193677	-0.3072416994088713	-0.22216171396905904	-0.6783553687487575	-0.021208015508797324	signed_within_dataset_zscore_mean	ok
MSCCR_reGRID_849_Biopsy_1556	GSE193677	0.4081201169831484	0.3517136776720474	0.0629009522192762	0.8097457210581216	signed_within_dataset_zscore_mean	ok
MSCCR_reGRID_84_Biopsy_162	GSE193677	-0.03784458570699208	-0.04806125153311278	-0.4487663411751404	0.383293835587277	signed_within_dataset_zscore_mean	ok
MSCCR_reGRID_84_Biopsy_163	GSE193677	0.04660325469440459	0.6106056015244684	-0.42801781973257624	-0.0427780177086784	signed_within_dataset_zscore_mean	ok
MSCCR_reGRID_850_Biopsy_1557	GSE193677	0.9344910509730794	0.9536422336382593	1.0791929811683754	0.7706379381126035	signed_within_dataset_zscore_mean	ok
MSCCR_reGRID_850_Biopsy_1558	GSE193677	1.9282556784825395	1.4337121202470406	2.667576595438981	1.6834783197615968	signed_within_dataset_zscore_mean	ok
MSCCR_reGRID_851_Biopsy_1559	GSE193677	0.494134704646999	0.18915108379555065	0.5972959334447573	0.6959570967006888	signed_within_dataset_zscore_mean	ok
MSCCR_reGRID_851_Biopsy_1560	GSE193677	-0.1531143464117419	-0.02528490657422608	-0.10787970702174335	-0.3261784256392563	signed_within_dataset_zscore_mean	ok
MSCCR_reGRID_852_Biopsy_1561	GSE193677	-0.6275064104381384	0.12204490247756339	-1.028969739095304	-0.9755943946966742	signed_within_dataset_zscore_mean	ok
MSCCR_reGRID_852_Biopsy_1562	GSE193677	-0.01825089213719197	0.048118749273853	0.11689639599700019	-0.21976782168242912	signed_within_dataset_zscore_mean	ok
MSCCR_reGRID_853_Biopsy_1563	GSE193677	-0.4128230071751988	-0.30795454735283273	-0.5082505622503033	-0.42226391192246054	signed_within_dataset_zscore_mean	ok
MSCCR_reGRID_853_Biopsy_1564	GSE193677	0.11064240776126995	0.23715434593966278	-0.44205648198958325	0.5368293593337303	signed_within_dataset_zscore_mean	ok
MSCCR_reGRID_854_Biopsy_1565	GSE193677	0.276901650435301	0.3103363993546074	-0.2700040300784887	0.7903725820297843	signed_within_dataset_zscore_mean	ok
MSCCR_reGRID_854_Biopsy_1566	GSE193677	-0.4836527787949138	0.1992553174085062	-1.1221673285734588	-0.5280463252197887	signed_within_dataset_zscore_mean	ok
MSCCR_reGRID_855_Biopsy_1567	GSE193677	0.4793225795734816	0.46201391644928885	-0.3260593948930687	1.3020132171642247	signed_within_dataset_zscore_mean	ok
MSCCR_reGRID_855_Biopsy_1568	GSE193677	-0.1433475466011041	-0.028247599693525083	-0.4503026350601518	0.04850759495036457	signed_within_dataset_zscore_mean	ok
MSCCR_reGRID_856_Biopsy_1569	GSE193677	1.2604791737787033	1.0716951174696978	1.7186957943152492	0.9910466095511629	signed_within_dataset_zscore_mean	ok
MSCCR_reGRID_856_Biopsy_1570	GSE193677	1.2475130138359356	0.5520806085124147	1.6441720428246005	1.5462863901707917	signed_within_dataset_zscore_mean	ok
MSCCR_reGRID_857_Biopsy_1571	GSE193677	-0.18056060899643253	-0.20415834617490694	0.21154648052718739	-0.549069961341578	signed_within_dataset_zscore_mean	ok
MSCCR_reGRID_858_Biopsy_1572	GSE193677	0.15612189985217836	0.06700164843927195	-0.27610713220465466	0.6774711833219178	signed_within_dataset_zscore_mean	ok
MSCCR_reGRID_858_Biopsy_1573	GSE193677	-0.5107746599096589	-0.4829029842461128	-0.160750403013805	-0.8886705924690587	signed_within_dataset_zscore_mean	ok
MSCCR_reGRID_859_Biopsy_1574	GSE193677	-0.391414909181798	0.4292511255333576	-0.701145143548271	-0.9023507095304807	signed_within_dataset_zscore_mean	ok
MSCCR_reGRID_859_Biopsy_1575	GSE193677	-0.9814862656593258	-0.7659119030941804	-1.2058586094262875	-0.9726882844575094	signed_within_dataset_zscore_mean	ok
MSCCR_reGRID_85_Biopsy_164	GSE193677	0.49785719535610645	0.3823333159413061	0.35630221741159546	0.754936052715418	signed_within_dataset_zscore_mean	ok
MSCCR_reGRID_85_Biopsy_165	GSE193677	-0.4250825434424021	-1.2775972016089974	0.781213192650936	-0.7788636213691449	signed_within_dataset_zscore_mean	ok
MSCCR_reGRID_85_Biopsy_166	GSE193677	0.0011886519866377472	-0.21554500869011797	0.41228186409904455	-0.19317089944901333	signed_within_dataset_zscore_mean	ok
MSCCR_reGRID_860_Biopsy_1576	GSE193677	-0.9941027039139511	-0.5461180438499419	-1.5286867440474778	-0.9075033238444336	signed_within_dataset_zscore_mean	ok
MSCCR_reGRID_860_Biopsy_1577	GSE193677	0.4765612232086303	0.2760304003695514	0.3539330560094588	0.7997202132468807	signed_within_dataset_zscore_mean	ok
MSCCR_reGRID_865_Biopsy_1578	GSE193677	-0.5516988525815661	0.0743147675357792	-0.9890538512875653	-0.7403574739929124	signed_within_dataset_zscore_mean	ok
MSCCR_reGRID_867_Biopsy_1579	GSE193677	-0.49634527721090693	0.610055216052516	-0.9459777232345097	-1.153113324450727	signed_within_dataset_zscore_mean	ok
MSCCR_reGRID_867_Biopsy_1580	GSE193677	0.3918329190086693	0.26726586287732546	0.033030625454215846	0.8752022686944666	signed_within_dataset_zscore_mean	ok
MSCCR_reGRID_868_Biopsy_1581	GSE193677	0.23483672495133115	0.0790509952973843	0.1946749048382184	0.4307842747183907	signed_within_dataset_zscore_mean	ok
MSCCR_reGRID_868_Biopsy_1582	GSE193677	-0.4571858813995416	0.13282050364140852	-0.9483914140789658	-0.5559867337610677	signed_within_dataset_zscore_mean	ok
MSCCR_reGRID_869_Biopsy_1583	GSE193677	-0.11554120908971001	-0.14551848362473294	0.11921052565574661	-0.3203156693001437	signed_within_dataset_zscore_mean	ok
MSCCR_reGRID_869_Biopsy_1584	GSE193677	-0.7239322897528285	-1.071437931383615	-0.3017800724081514	-0.7985788654667191	signed_within_dataset_zscore_mean	ok
MSCCR_reGRID_86_Biopsy_167	GSE193677	0.44718816581566606	-0.0015290379931318515	0.13726893947782937	1.2058245959623008	signed_within_dataset_zscore_mean	ok
MSCCR_reGRID_86_Biopsy_168	GSE193677	0.8336546930898798	0.7394488883251928	0.7637213009827032	0.9977938899617436	signed_within_dataset_zscore_mean	ok
MSCCR_reGRID_86_Biopsy_169	GSE193677	-0.1889017179937642	-0.24719724592409448	-0.48614363564089313	0.16663572758369494	signed_within_dataset_zscore_mean	ok
MSCCR_reGRID_870_Biopsy_1585	GSE193677	0.3634682039191824	0.6544263873818135	0.20071929241918643	0.23525893195654735	signed_within_dataset_zscore_mean	ok
MSCCR_reGRID_870_Biopsy_1586	GSE193677	0.906046735966882	0.4125741748619286	0.8009632061754826	1.5046028268632348	signed_within_dataset_zscore_mean	ok
MSCCR_reGRID_871_Biopsy_1587	GSE193677	-0.3488517039314875	-0.41023345446384474	-0.20447774965447976	-0.43184390767613806	signed_within_dataset_zscore_mean	ok
MSCCR_reGRID_871_Biopsy_1588	GSE193677	0.25620804752273646	-0.28158717176481624	0.8221505963800041	0.22806071795302163	signed_within_dataset_zscore_mean	ok
MSCCR_reGRID_872_Biopsy_1589	GSE193677	0.17817821448092566	0.4822621062359178	-0.5146322148998559	0.5669047521067151	signed_within_dataset_zscore_mean	ok
MSCCR_reGRID_872_Biopsy_1590	GSE193677	-0.9842836032150414	-0.81522588469732	-0.9026550324521139	-1.2349698924956902	signed_within_dataset_zscore_mean	ok
MSCCR_reGRID_873_Biopsy_1591	GSE193677	-0.5049944713526595	-0.6866856215385272	0.10770013824026185	-0.9359979307597132	signed_within_dataset_zscore_mean	ok
MSCCR_reGRID_873_Biopsy_1592	GSE193677	-0.11106956339378775	-0.5085909477379665	0.3574112679028946	-0.18202901034629135	signed_within_dataset_zscore_mean	ok
MSCCR_reGRID_875_Biopsy_1593	GSE193677	-0.54178836042984	-0.5655587935409437	-0.0912848266193643	-0.9685214611292121	signed_within_dataset_zscore_mean	ok
MSCCR_reGRID_875_Biopsy_1594	GSE193677	-0.3074627928883117	-0.5213369673326025	-0.35551490867882884	-0.04553650265350373	signed_within_dataset_zscore_mean	ok
MSCCR_reGRID_876_Biopsy_1595	GSE193677	-0.8290259788590428	-0.693679815280398	-0.7350896391189412	-1.0583084821777893	signed_within_dataset_zscore_mean	ok
MSCCR_reGRID_876_Biopsy_1596	GSE193677	-1.5582523688262695	-1.5701770464126175	-1.4204901173450604	-1.6840899427211304	signed_within_dataset_zscore_mean	ok
MSCCR_reGRID_879_Biopsy_1597	GSE193677	-0.4571083995308453	-0.5955665993569643	0.024789981306516905	-0.8005485805420886	signed_within_dataset_zscore_mean	ok
MSCCR_reGRID_87_Biopsy_170	GSE193677	0.22281325565405333	0.25897444108975326	0.3348691664617986	0.07459615941060811	signed_within_dataset_zscore_mean	ok
MSCCR_reGRID_87_Biopsy_171	GSE193677	0.01212261718604113	-0.24443131371137788	-0.00923385386407225	0.29003301913357354	signed_within_dataset_zscore_mean	ok
MSCCR_reGRID_880_Biopsy_1598	GSE193677	-0.24655625925563915	1.0903115401924146	-0.8852625662519935	-0.9447177517073385	signed_within_dataset_zscore_mean	ok
MSCCR_reGRID_884_Biopsy_1599	GSE193677	-0.815353142240855	-0.29857228259734125	-0.3955590559902708	-1.751928088134953	signed_within_dataset_zscore_mean	ok
MSCCR_reGRID_884_Biopsy_1600	GSE193677	-0.41059326008027636	-0.4441271518136178	-0.6827312083977434	-0.10492142002946798	signed_within_dataset_zscore_mean	ok
MSCCR_reGRID_886_Biopsy_1601	GSE193677	0.26588911360491524	0.35928192636902007	-0.5693377764007914	1.007723190846517	signed_within_dataset_zscore_mean	ok
MSCCR_reGRID_886_Biopsy_1602	GSE193677	-1.2240637966757724	-0.8352320251472388	-1.0335517699253185	-1.8034075949547599	signed_within_dataset_zscore_mean	ok
MSCCR_reGRID_887_Biopsy_1603	GSE193677	0.04939867767218892	0.6111804856890226	-0.05373138522418841	-0.40925306744826745	signed_within_dataset_zscore_mean	ok
MSCCR_reGRID_887_Biopsy_1604	GSE193677	-0.7786443653511309	-0.4616489793358878	-1.066400375304196	-0.807883741413309	signed_within_dataset_zscore_mean	ok
MSCCR_reGRID_888_Biopsy_1605	GSE193677	1.0575177471078472	0.2784427887553134	1.7624983526717668	1.1316120998964607	signed_within_dataset_zscore_mean	ok
MSCCR_reGRID_888_Biopsy_1606	GSE193677	1.3940392886042796	1.3878399676036435	1.3772113063879297	1.4170665918212657	signed_within_dataset_zscore_mean	ok
MSCCR_reGRID_889_Biopsy_1607	GSE193677	0.0721471892854403	0.3395224871004935	0.16070770970401477	-0.2837886289481873	signed_within_dataset_zscore_mean	ok
MSCCR_reGRID_889_Biopsy_1608	GSE193677	-0.0649335155306137	-0.180107452578689	-0.621331295453922	0.6066382014407699	signed_within_dataset_zscore_mean	ok
MSCCR_reGRID_88_Biopsy_172	GSE193677	0.7721028345661756	0.1136937347705754	1.1910616686220206	1.0115531003059308	signed_within_dataset_zscore_mean	ok
MSCCR_reGRID_88_Biopsy_173	GSE193677	-0.5145768950979547	-0.6589873550994707	-0.37455923332149804	-0.5101840968728951	signed_within_dataset_zscore_mean	ok
MSCCR_reGRID_88_Biopsy_174	GSE193677	-0.8607811015793804	-0.3791288117607473	-0.8451619704124539	-1.3580525225649402	signed_within_dataset_zscore_mean	ok
MSCCR_reGRID_890_Biopsy_1609	GSE193677	0.9950870436783311	0.6729244506263459	1.7519507927182822	0.5603858876903655	signed_within_dataset_zscore_mean	ok
MSCCR_reGRID_890_Biopsy_1610	GSE193677	-0.030563011792533734	-0.07920117976447752	0.48836827210836187	-0.5008561277214856	signed_within_dataset_zscore_mean	ok
MSCCR_reGRID_890_Biopsy_1611	GSE193677	1.0600283555364902	0.5028962947512774	1.8863931383407013	0.7907956335174916	signed_within_dataset_zscore_mean	ok
MSCCR_reGRID_891_Biopsy_1612	GSE193677	-0.04291217886414781	-0.6021964920213735	-0.3123349323666144	0.7857948877955444	signed_within_dataset_zscore_mean	ok
MSCCR_reGRID_891_Biopsy_1613	GSE193677	-0.5084007935509333	-0.4705753892441448	-0.2632994230608004	-0.7913275683478543	signed_within_dataset_zscore_mean	ok
MSCCR_reGRID_892_Biopsy_1614	GSE193677	0.7256984616895177	0.44939907712700594	0.11554403879219033	1.6121522691493568	signed_within_dataset_zscore_mean	ok
MSCCR_reGRID_892_Biopsy_1615	GSE193677	-0.705579826362595	-0.2173915722890592	-1.2788699240159462	-0.6204779827827797	signed_within_dataset_zscore_mean	ok
MSCCR_reGRID_895_Biopsy_1616	GSE193677	0.16109821337882788	0.1177049281851508	0.29165852357005173	0.07393118838128114	signed_within_dataset_zscore_mean	ok
MSCCR_reGRID_895_Biopsy_1617	GSE193677	-0.16286642208899535	-0.03178589935864477	-0.12552685346997167	-0.3312865134383696	signed_within_dataset_zscore_mean	ok
MSCCR_reGRID_896_Biopsy_1618	GSE193677	-0.017280386640050566	-0.3201395468272373	0.2797931220313375	-0.01149473512425192	signed_within_dataset_zscore_mean	ok
MSCCR_reGRID_896_Biopsy_1619	GSE193677	-0.22219829087779133	-0.38297030295460466	-0.036118142059294756	-0.2475064276194746	signed_within_dataset_zscore_mean	ok
MSCCR_reGRID_897_Biopsy_1620	GSE193677	0.6877285827847747	0.14988546802541913	0.22655207619715126	1.6867482041317539	signed_within_dataset_zscore_mean	ok
MSCCR_reGRID_897_Biopsy_1621	GSE193677	-0.36789615847760454	-0.5898981349117498	-0.39003053585237846	-0.12375980466868536	signed_within_dataset_zscore_mean	ok
MSCCR_reGRID_898_Biopsy_1622	GSE193677	0.841074713835945	0.24262968817694888	1.5108748192819819	0.7697196340489042	signed_within_dataset_zscore_mean	ok
MSCCR_reGRID_898_Biopsy_1623	GSE193677	0.6564201068113344	0.3937228268660108	0.5001747876676989	1.0753627059002937	signed_within_dataset_zscore_mean	ok
MSCCR_reGRID_899_Biopsy_1624	GSE193677	0.3569250934357244	0.2445168881579109	-0.5076030962030988	1.3338614883523612	signed_within_dataset_zscore_mean	ok
MSCCR_reGRID_899_Biopsy_1625	GSE193677	-0.3126357473191681	-0.26016852581331606	-0.17235290362051123	-0.505385812523677	signed_within_dataset_zscore_mean	ok
MSCCR_reGRID_89_Biopsy_175	GSE193677	0.5339933547699308	0.23160381041316666	1.38825676271587	-0.017880508819244263	signed_within_dataset_zscore_mean	ok
MSCCR_reGRID_901_Biopsy_1626	GSE193677	-0.3380682099342786	-0.719986465849723	-0.6749184684397658	0.3807003044866531	signed_within_dataset_zscore_mean	ok
MSCCR_reGRID_901_Biopsy_1627	GSE193677	-0.21047023792825925	0.19970577426712105	-0.23350651168445044	-0.5976099763674484	signed_within_dataset_zscore_mean	ok
MSCCR_reGRID_902_Biopsy_1628	GSE193677	0.5806696260936567	-0.2547044424312947	0.8891977112131848	1.10751560949908	signed_within_dataset_zscore_mean	ok
MSCCR_reGRID_902_Biopsy_1629	GSE193677	-0.16134596262423945	-0.35831637543815575	0.4903898724463985	-0.6161113848809611	signed_within_dataset_zscore_mean	ok
MSCCR_reGRID_903_Biopsy_1630	GSE193677	-0.2041173974446643	-0.5803651789693786	-0.23748160926217343	0.20549459589755903	signed_within_dataset_zscore_mean	ok
MSCCR_reGRID_903_Biopsy_1631	GSE193677	-0.11478190221318785	0.09806293607975251	-0.26828666210621754	-0.1741219806130985	signed_within_dataset_zscore_mean	ok
MSCCR_reGRID_904_Biopsy_1632	GSE193677	-0.020610306971060463	0.09851472848679131	-0.01981318134678406	-0.14053246805318864	signed_within_dataset_zscore_mean	ok
MSCCR_reGRID_904_Biopsy_1633	GSE193677	0.34370093559065856	0.43046494786404893	-0.18523661351367676	0.7858744724216035	signed_within_dataset_zscore_mean	ok
MSCCR_reGRID_905_Biopsy_1634	GSE193677	-0.036387896615243054	0.14873973502405144	-0.015324715994363514	-0.24257870887541708	signed_within_dataset_zscore_mean	ok
MSCCR_reGRID_905_Biopsy_1635	GSE193677	-0.25195480015228977	-0.3207108400892344	0.3078986490748391	-0.743052209442474	signed_within_dataset_zscore_mean	ok
MSCCR_reGRID_906_Biopsy_1636	GSE193677	0.07839847383906243	-0.2797036075015201	0.4570360781884065	0.05786295083030087	signed_within_dataset_zscore_mean	ok
MSCCR_reGRID_906_Biopsy_1637	GSE193677	0.020937116969030705	-0.2722822387947358	0.43845758205557983	-0.10336399235375193	signed_within_dataset_zscore_mean	ok
MSCCR_reGRID_907_Biopsy_1638	GSE193677	0.45908557039822434	0.3652071813679572	0.11597766386776956	0.8960718659589463	signed_within_dataset_zscore_mean	ok
MSCCR_reGRID_907_Biopsy_1639	GSE193677	-0.20186418635376036	0.24467573523528313	-0.0806326484836552	-0.769635645812909	signed_within_dataset_zscore_mean	ok
MSCCR_reGRID_908_Biopsy_1640	GSE193677	0.24681983700875235	-0.01920311638632083	0.2766239919241604	0.48303863548841747	signed_within_dataset_zscore_mean	ok
MSCCR_reGRID_908_Biopsy_1641	GSE193677	0.1018307934005392	-0.9636546426331684	0.2946342188153791	0.9745128040194069	signed_within_dataset_zscore_mean	ok
MSCCR_reGRID_908_Biopsy_1642	GSE193677	-0.09533069151291163	-0.033932517410176034	0.10413920112632775	-0.3561987582548866	signed_within_dataset_zscore_mean	ok
MSCCR_reGRID_909_Biopsy_1643	GSE193677	-1.073377631191696	-0.7310313122363837	-0.7901936907670878	-1.6989078905716164	signed_within_dataset_zscore_mean	ok
MSCCR_reGRID_90_Biopsy_176	GSE193677	0.46040303645511377	0.36393864580588425	0.1800930709870171	0.8371773925724401	signed_within_dataset_zscore_mean	ok
MSCCR_reGRID_90_Biopsy_177	GSE193677	0.19621710875405615	0.2413927865503634	0.5201132454227693	-0.17285470571096415	signed_within_dataset_zscore_mean	ok
MSCCR_reGRID_910_Biopsy_1644	GSE193677	-0.09153090264930724	-0.1520843031757183	-0.19174305485928847	0.069234650087085	signed_within_dataset_zscore_mean	ok
MSCCR_reGRID_910_Biopsy_1645	GSE193677	-0.7872588002317253	-0.697647119299144	-0.8354855802633685	-0.8286437011326635	signed_within_dataset_zscore_mean	ok
MSCCR_reGRID_911_Biopsy_1646	GSE193677	0.06323378149241961	0.45777438011119453	0.07161193915133043	-0.33968497478526616	signed_within_dataset_zscore_mean	ok
MSCCR_reGRID_914_Biopsy_1647	GSE193677	-1.09467528900163	-0.6660460029519449	-0.9359565120090011	-1.6820233520439436	signed_within_dataset_zscore_mean	ok
MSCCR_reGRID_914_Biopsy_1648	GSE193677	0.5046878728803	0.08234745131395924	0.5760615831459105	0.8556545841810305	signed_within_dataset_zscore_mean	ok
MSCCR_reGRID_919_Biopsy_1649	GSE193677	-0.418269398117974	-0.5752427711204325	-0.558583391048748	-0.1209820321847415	signed_within_dataset_zscore_mean	ok
MSCCR_reGRID_919_Biopsy_1650	GSE193677	0.5036698931033089	0.7385106983753584	-0.4051040610838899	1.1776030420184582	signed_within_dataset_zscore_mean	ok
MSCCR_reGRID_919_Biopsy_1651	GSE193677	0.8887252486120792	-0.2794461643916971	1.8974922013344966	1.048129708893438	signed_within_dataset_zscore_mean	ok
MSCCR_reGRID_91_Biopsy_178	GSE193677	0.28586702319852736	-0.33678247786328597	1.0887582431692615	0.10562530428960663	signed_within_dataset_zscore_mean	ok
MSCCR_reGRID_91_Biopsy_179	GSE193677	0.45984225303051646	-0.22215069182361818	1.5809655514232177	0.02071189949194996	signed_within_dataset_zscore_mean	ok
MSCCR_reGRID_91_Biopsy_180	GSE193677	0.3412629047438019	0.09604481290651554	0.7297899173729767	0.19795398395191333	signed_within_dataset_zscore_mean	ok
MSCCR_reGRID_922_Biopsy_1652	GSE193677	-0.15978004169716595	-0.00799057347645198	-0.8796395484792543	0.4082899968642084	signed_within_dataset_zscore_mean	ok
MSCCR_reGRID_922_Biopsy_1653	GSE193677	-0.8118604079846524	-0.6561999535619091	-0.9675717236514416	-0.8118095467406063	signed_within_dataset_zscore_mean	ok
MSCCR_reGRID_922_Biopsy_1654	GSE193677	1.1708757269569525	0.48641901718214503	2.2943646230135606	0.7318435406751517	signed_within_dataset_zscore_mean	ok
MSCCR_reGRID_923_Biopsy_1655	GSE193677	0.03793297403460579	-0.08843426080276899	-0.28997744364650285	0.4922106265530892	signed_within_dataset_zscore_mean	ok
MSCCR_reGRID_926_Biopsy_1656	GSE193677	0.1901260600269206	-0.084790805951907	0.3304281453321515	0.3247408407005173	signed_within_dataset_zscore_mean	ok
MSCCR_reGRID_926_Biopsy_1657	GSE193677	-0.030539798701579263	-0.12645030143186112	0.5127575931763787	-0.4779266878492554	signed_within_dataset_zscore_mean	ok
MSCCR_reGRID_928_Biopsy_1658	GSE193677	1.2255096132891468	1.0662809439706082	1.3412255177095749	1.2690223781872572	signed_within_dataset_zscore_mean	ok
MSCCR_reGRID_928_Biopsy_1659	GSE193677	-0.15764443985488605	-0.30257530672067856	-0.11910917322134724	-0.051248839622632346	signed_within_dataset_zscore_mean	ok
MSCCR_reGRID_92_Biopsy_181	GSE193677	-0.4894003090951296	0.3711605902257088	-1.0044481315501341	-0.8349133859609635	signed_within_dataset_zscore_mean	ok
MSCCR_reGRID_92_Biopsy_182	GSE193677	-0.44502868408365037	0.2586920243029835	-0.9081445061304343	-0.6856335704235005	signed_within_dataset_zscore_mean	ok
MSCCR_reGRID_92_Biopsy_183	GSE193677	-0.5411181610624526	-0.09686749943291555	-1.0212891635627501	-0.5051978201916921	signed_within_dataset_zscore_mean	ok
MSCCR_reGRID_931_Biopsy_1660	GSE193677	0.5292490081122143	0.4271779983248619	1.2363888708315376	-0.07581984481975675	signed_within_dataset_zscore_mean	ok
MSCCR_reGRID_931_Biopsy_1661	GSE193677	-0.13887765736607705	-0.44864229065962036	0.3462564252650367	-0.31424710670364747	signed_within_dataset_zscore_mean	ok
MSCCR_reGRID_932_Biopsy_1662	GSE193677	0.027566054145057677	-0.5725896549126726	0.38607883939994253	0.26920897794790305	signed_within_dataset_zscore_mean	ok
MSCCR_reGRID_932_Biopsy_1663	GSE193677	-0.5024448126888889	0.2527149265900334	-0.4398215684454863	-1.3202277962112137	signed_within_dataset_zscore_mean	ok
MSCCR_reGRID_933_Biopsy_1664	GSE193677	-0.10588496000200803	-0.5261038998731536	0.20134512840724214	0.007103891459887361	signed_within_dataset_zscore_mean	ok
MSCCR_reGRID_933_Biopsy_1665	GSE193677	-0.2280476332846395	-0.26194066216994133	-0.8692101571380665	0.4470079194540892	signed_within_dataset_zscore_mean	ok
MSCCR_reGRID_934_Biopsy_1666	GSE193677	0.36928920491493367	0.14914499144291143	0.4404028816682891	0.5183197416336004	signed_within_dataset_zscore_mean	ok
MSCCR_reGRID_934_Biopsy_1667	GSE193677	-0.13617630782736515	-0.06510220565197597	-0.38288395253746094	0.039457234707341415	signed_within_dataset_zscore_mean	ok
MSCCR_reGRID_936_Biopsy_1668	GSE193677	-0.1400226002678406	0.02628118348870574	-0.6584468350693595	0.21209785077713192	signed_within_dataset_zscore_mean	ok
MSCCR_reGRID_936_Biopsy_1669	GSE193677	-0.33816930854206334	-0.06788285157504644	-0.6243702168934391	-0.3222548571577043	signed_within_dataset_zscore_mean	ok
MSCCR_reGRID_937_Biopsy_1670	GSE193677	-0.014903835403407117	-0.060659415328827446	-0.3471618540410426	0.3631097631596487	signed_within_dataset_zscore_mean	ok
MSCCR_reGRID_937_Biopsy_1671	GSE193677	-0.10339130088191088	0.3123441193874189	-0.20816150709098866	-0.41435651494216286	signed_within_dataset_zscore_mean	ok
MSCCR_reGRID_939_Biopsy_1672	GSE193677	0.3681543546698724	0.42071607398715843	0.2158290070953862	0.4679179829270725	signed_within_dataset_zscore_mean	ok
MSCCR_reGRID_939_Biopsy_1673	GSE193677	-0.06983144420418684	0.5366886238200671	-0.372133645034778	-0.3740493113978496	signed_within_dataset_zscore_mean	ok
MSCCR_reGRID_93_Biopsy_184	GSE193677	-0.12256220579886214	-0.13213502879409122	-0.6626072227000758	0.42705563409758057	signed_within_dataset_zscore_mean	ok
MSCCR_reGRID_93_Biopsy_185	GSE193677	0.31313738806889074	-0.05472655298385039	0.6156408370591847	0.3784978801313379	signed_within_dataset_zscore_mean	ok
MSCCR_reGRID_93_Biopsy_186	GSE193677	0.18707276063103992	-0.030228463847101594	0.14771593493338672	0.4437308108068346	signed_within_dataset_zscore_mean	ok
MSCCR_reGRID_940_Biopsy_1674	GSE193677	-0.23309172875689588	0.06766455351416525	-0.10906485312183345	-0.6578748866630194	signed_within_dataset_zscore_mean	ok
MSCCR_reGRID_941_Biopsy_1675	GSE193677	-0.2425330780689651	-0.4045447290109069	-0.6157346408315907	0.29268013563560213	signed_within_dataset_zscore_mean	ok
MSCCR_reGRID_941_Biopsy_1676	GSE193677	-0.30984669253267566	-0.07994026867821905	-0.76062110692157	-0.08897870199823782	signed_within_dataset_zscore_mean	ok
MSCCR_reGRID_941_Biopsy_1677	GSE193677	0.07024576933515538	0.503143510592017	0.006392219246364322	-0.2987984218329152	signed_within_dataset_zscore_mean	ok
MSCCR_reGRID_942_Biopsy_1678	GSE193677	0.7471969213247789	0.4313156348100139	0.7681018565755059	1.042173272588817	signed_within_dataset_zscore_mean	ok
MSCCR_reGRID_942_Biopsy_1679	GSE193677	-0.07927687555720227	-0.22378126503576548	-0.43179126815813024	0.41774190652228893	signed_within_dataset_zscore_mean	ok
MSCCR_reGRID_943_Biopsy_1680	GSE193677	0.6939145022902641	0.6191347893456294	0.3182858584552679	1.144322859069895	signed_within_dataset_zscore_mean	ok
MSCCR_reGRID_944_Biopsy_1681	GSE193677	-0.07079431880600735	0.0352572109368438	-0.7606949534099757	0.5130547860551099	signed_within_dataset_zscore_mean	ok
MSCCR_reGRID_944_Biopsy_1682	GSE193677	-0.44592925951591234	-0.15548839543934714	-0.6215953433287655	-0.5607040397796244	signed_within_dataset_zscore_mean	ok
MSCCR_reGRID_945_Biopsy_1683	GSE193677	-0.048678806908168844	-0.10120007294676725	-0.27013038397688544	0.22529403619914615	signed_within_dataset_zscore_mean	ok
MSCCR_reGRID_945_Biopsy_1684	GSE193677	-0.5570115419004669	-0.1774228972856841	-0.5486144797046759	-0.9449972487110405	signed_within_dataset_zscore_mean	ok
MSCCR_reGRID_946_Biopsy_1685	GSE193677	-0.3809169809547546	0.31856792614412	-0.7864128447546329	-0.674906024253751	signed_within_dataset_zscore_mean	ok
MSCCR_reGRID_946_Biopsy_1686	GSE193677	-0.4458898119222123	-0.009493276606418244	-0.9375249767094159	-0.39065118245080255	signed_within_dataset_zscore_mean	ok
MSCCR_reGRID_947_Biopsy_1687	GSE193677	-0.9837910513053837	-1.0522933104566419	-1.4164145300417619	-0.4826653134177476	signed_within_dataset_zscore_mean	ok
MSCCR_reGRID_947_Biopsy_1688	GSE193677	-0.15027785784498107	0.10261727839191774	-0.38767390054435674	-0.16577695138250423	signed_within_dataset_zscore_mean	ok
MSCCR_reGRID_948_Biopsy_1689	GSE193677	0.131769711652634	0.1424746746940433	-0.11765902018354532	0.370493480447404	signed_within_dataset_zscore_mean	ok
MSCCR_reGRID_948_Biopsy_1690	GSE193677	-0.35475987788416735	-0.12243760439852673	-0.21609585810443416	-0.7257461711495411	signed_within_dataset_zscore_mean	ok
MSCCR_reGRID_949_Biopsy_1691	GSE193677	1.043677243613616	0.586322430120521	1.4581008945150298	1.0866084062052968	signed_within_dataset_zscore_mean	ok
MSCCR_reGRID_949_Biopsy_1692	GSE193677	-0.10885288648830165	0.31167952930919707	-0.4217728907148337	-0.21646529805926829	signed_within_dataset_zscore_mean	ok
MSCCR_reGRID_94_Biopsy_187	GSE193677	-0.24481190759312707	0.2631400830461163	-0.009250311138257005	-0.9883254946872405	signed_within_dataset_zscore_mean	ok
MSCCR_reGRID_950_Biopsy_1693	GSE193677	-0.3727142483871499	-0.4429787490941742	-0.8589994446237432	0.18383544855646772	signed_within_dataset_zscore_mean	ok
MSCCR_reGRID_950_Biopsy_1694	GSE193677	-0.6141132530596511	-0.13415909522041516	-0.7854846579189536	-0.9226960060395847	signed_within_dataset_zscore_mean	ok
MSCCR_reGRID_951_Biopsy_1695	GSE193677	0.3394728528385538	0.9108581568546288	-0.4914278373495919	0.5989882390106244	signed_within_dataset_zscore_mean	ok
MSCCR_reGRID_951_Biopsy_1696	GSE193677	-0.05588721103527607	0.500817545466012	-0.3413188396391801	-0.3271603389326601	signed_within_dataset_zscore_mean	ok
MSCCR_reGRID_955_Biopsy_1697	GSE193677	-0.3588082179151338	-0.030022522313229928	-0.22750279710728222	-0.8188993343248893	signed_within_dataset_zscore_mean	ok
MSCCR_reGRID_956_Biopsy_1698	GSE193677	0.062436090868939614	-0.5055667784257809	0.6637994119395103	0.02907563909308945	signed_within_dataset_zscore_mean	ok
MSCCR_reGRID_956_Biopsy_1699	GSE193677	-0.23699632350767266	-0.20445492899122528	0.14326609143116018	-0.6498001329629529	signed_within_dataset_zscore_mean	ok
MSCCR_reGRID_956_Biopsy_1700	GSE193677	-0.5717280866745897	0.10337450983298224	-0.728836637636387	-1.0897221322203645	signed_within_dataset_zscore_mean	ok
MSCCR_reGRID_959_Biopsy_1701	GSE193677	-0.79503745791486	-0.22656898139321574	-1.0466634522780511	-1.1118799400733133	signed_within_dataset_zscore_mean	ok
MSCCR_reGRID_95_Biopsy_188	GSE193677	-0.04583647950198441	0.5020968260371784	-0.6948151395441737	0.05520887500104207	signed_within_dataset_zscore_mean	ok
MSCCR_reGRID_95_Biopsy_189	GSE193677	-0.16973479233845867	0.6070619502519952	-1.006809367438762	-0.10945695982860922	signed_within_dataset_zscore_mean	ok
MSCCR_reGRID_961_Biopsy_1702	GSE193677	-0.4008723303609665	-0.13341905606606136	-0.6467253099219497	-0.42247262509488853	signed_within_dataset_zscore_mean	ok
MSCCR_reGRID_961_Biopsy_1703	GSE193677	0.5336752495858865	0.7771631050347769	0.14849849506841703	0.6753641486544656	signed_within_dataset_zscore_mean	ok
MSCCR_reGRID_962_Biopsy_1704	GSE193677	-0.20964022634562776	0.3602530046864577	-0.45168751502119225	-0.5374861687021487	signed_within_dataset_zscore_mean	ok
MSCCR_reGRID_963_Biopsy_1705	GSE193677	-0.29134200404210303	0.36906703348691117	-0.5814904764535009	-0.6616025691597193	signed_within_dataset_zscore_mean	ok
MSCCR_reGRID_963_Biopsy_1706	GSE193677	0.6184820054453141	0.3698748071583869	0.4629548622263557	1.0226163469511995	signed_within_dataset_zscore_mean	ok
MSCCR_reGRID_964_Biopsy_1707	GSE193677	-0.9416025450105067	-0.3067246363787688	-0.49934559538840473	-2.0187374032643466	signed_within_dataset_zscore_mean	ok
MSCCR_reGRID_964_Biopsy_1708	GSE193677	-0.5904825707325585	-0.6365967414641887	-0.9041067249677873	-0.23074424576569963	signed_within_dataset_zscore_mean	ok
MSCCR_reGRID_966_Biopsy_1709	GSE193677	0.35572561822251636	-0.4016680417705162	1.2836218225507041	0.18522307388736126	signed_within_dataset_zscore_mean	ok
MSCCR_reGRID_966_Biopsy_1710	GSE193677	0.15557032312775862	-0.060870029886024676	0.19061347090946476	0.33696752835983573	signed_within_dataset_zscore_mean	ok
MSCCR_reGRID_966_Biopsy_1711	GSE193677	0.551570968244707	0.39144181041338655	-0.04876047801497757	1.3120315723357119	signed_within_dataset_zscore_mean	ok
MSCCR_reGRID_967_Biopsy_1712	GSE193677	-0.412458051999506	-0.5473325874648914	-0.01804392564480668	-0.67199764288882	signed_within_dataset_zscore_mean	ok
MSCCR_reGRID_967_Biopsy_1713	GSE193677	-0.776660725546491	-1.1532384822652386	-0.6354300684123888	-0.5413136259618455	signed_within_dataset_zscore_mean	ok
MSCCR_reGRID_96_Biopsy_190	GSE193677	-1.1269826611585543	-0.7548116054173831	-1.4044064208038918	-1.2217299572543874	signed_within_dataset_zscore_mean	ok
MSCCR_reGRID_96_Biopsy_191	GSE193677	-0.016482467287017605	0.14071021611552254	-0.3998025427400812	0.20964492476350585	signed_within_dataset_zscore_mean	ok
MSCCR_reGRID_96_Biopsy_192	GSE193677	-0.6870755879414222	-0.8243825402889687	-0.7445693906965405	-0.49227483283875695	signed_within_dataset_zscore_mean	ok
MSCCR_reGRID_971_Biopsy_1714	GSE193677	-0.4019299220842887	-0.16168474244242229	-0.9359436848721666	-0.10816133893827717	signed_within_dataset_zscore_mean	ok
MSCCR_reGRID_971_Biopsy_1715	GSE193677	-0.7544577288813361	-0.4641010550264474	-0.5373278994684683	-1.2619442321490923	signed_within_dataset_zscore_mean	ok
MSCCR_reGRID_97_Biopsy_193	GSE193677	-0.15414659557007976	-0.7282601462490526	0.7519827427726428	-0.4861623832338295	signed_within_dataset_zscore_mean	ok
MSCCR_reGRID_97_Biopsy_194	GSE193677	0.21811037318805934	-0.08751910919803212	0.25410431979918185	0.4877459089630283	signed_within_dataset_zscore_mean	ok
MSCCR_reGRID_97_Biopsy_195	GSE193677	0.1559140135802267	-0.0051993180595854005	-0.1175984074032144	0.5905397662034798	signed_within_dataset_zscore_mean	ok
MSCCR_reGRID_982_Biopsy_1716	GSE193677	-0.3099687954421357	-0.5723814122133613	-0.32147512344254087	-0.03604985067050507	signed_within_dataset_zscore_mean	ok
MSCCR_reGRID_983_Biopsy_1717	GSE193677	-0.8982303012007465	-0.6648596074848333	-0.4649543784186497	-1.564876917698757	signed_within_dataset_zscore_mean	ok
MSCCR_reGRID_983_Biopsy_1718	GSE193677	0.8072851132715058	0.7888864637703038	0.6864464262541425	0.9465224497900709	signed_within_dataset_zscore_mean	ok
MSCCR_reGRID_984_Biopsy_1719	GSE193677	-0.6621097043533699	-0.4264626784645313	-0.4073459667087132	-1.1525204678868652	signed_within_dataset_zscore_mean	ok
MSCCR_reGRID_984_Biopsy_1720	GSE193677	-0.01598087560293776	0.1229711437146384	0.33764569255767374	-0.5085594630811254	signed_within_dataset_zscore_mean	ok
MSCCR_reGRID_988_Biopsy_1721	GSE193677	0.5115226215314984	0.09476529805161148	0.3705521795893284	1.0692503869535555	signed_within_dataset_zscore_mean	ok
MSCCR_reGRID_988_Biopsy_1722	GSE193677	-0.9115879125972238	-0.8277191482161342	-0.7052282128932926	-1.2018163766822443	signed_within_dataset_zscore_mean	ok
MSCCR_reGRID_989_Biopsy_1723	GSE193677	0.21673620749188394	1.0112578478225096	0.04638516400532855	-0.4074343893521863	signed_within_dataset_zscore_mean	ok
MSCCR_reGRID_98_Biopsy_196	GSE193677	-0.15261849516191703	-0.19990973775571383	-0.5953555563218502	0.33740980859181297	signed_within_dataset_zscore_mean	ok
MSCCR_reGRID_98_Biopsy_197	GSE193677	-0.0797055430016534	0.3679818192535186	-0.4983563632334046	-0.10874208502507421	signed_within_dataset_zscore_mean	ok
MSCCR_reGRID_98_Biopsy_198	GSE193677	0.3288196896424257	0.16845552428638952	0.09953564429558853	0.7184679003452991	signed_within_dataset_zscore_mean	ok
MSCCR_reGRID_991_Biopsy_1724	GSE193677	-0.5292567571787891	-0.9082401267121553	-0.6037017859841982	-0.07582835884001367	signed_within_dataset_zscore_mean	ok
MSCCR_reGRID_991_Biopsy_1725	GSE193677	-0.5303836405066932	-0.7190542689990413	-0.7576222573297694	-0.11447439519126874	signed_within_dataset_zscore_mean	ok
MSCCR_reGRID_992_Biopsy_1726	GSE193677	-0.11658879801524846	-0.2915329527637803	-0.0010457557073533241	-0.05718768557461177	signed_within_dataset_zscore_mean	ok
MSCCR_reGRID_992_Biopsy_1727	GSE193677	-0.7094156622305463	-0.6141870411617529	-0.4949099102874602	-1.0191500352424259	signed_within_dataset_zscore_mean	ok
MSCCR_reGRID_994_Biopsy_1728	GSE193677	-0.393642946451719	0.08044681616967839	-0.937817068766536	-0.3235585867582993	signed_within_dataset_zscore_mean	ok
MSCCR_reGRID_994_Biopsy_1729	GSE193677	-0.6173751101506669	-0.1560368335497294	-0.6849546834395477	-1.0111338134627237	signed_within_dataset_zscore_mean	ok
MSCCR_reGRID_999_Biopsy_1730	GSE193677	-0.06396250526507913	-0.3050401724155815	-0.18393210640265217	0.2970847630229963	signed_within_dataset_zscore_mean	ok
MSCCR_reGRID_999_Biopsy_1731	GSE193677	-0.6657616487516854	-0.26066406784542506	-1.0125988965356887	-0.7240219818739425	signed_within_dataset_zscore_mean	ok
MSCCR_reGRID_99_Biopsy_199	GSE193677	0.7972187434874068	0.8005604106433495	0.15802168200250896	1.433074137816362	signed_within_dataset_zscore_mean	ok
MSCCR_reGRID_99_Biopsy_200	GSE193677	0.27516369943477953	0.1586523134203647	0.615071271798768	0.051767513085206	signed_within_dataset_zscore_mean	ok
MSCCR_reGRID_9_Biopsy_17	GSE193677	0.6570138117429946	-0.3664649968907263	1.5142837358877224	0.8232226962319876	signed_within_dataset_zscore_mean	ok
